-- ---------------------------------------------------------------------------------------- Create Table ----------------------------------------------------------------------------------------

CREATE TABLE `Attendance`  (
  `attenid` int NOT NULL AUTO_INCREMENT COMMENT 'Primary Key',
  `present` bit NOT NULL COMMENT 'True = present or false = absent',
  `note` varchar(255) NULL COMMENT 'Note',
  `timetableid` int NOT NULL COMMENT 'Foreign Key reference from Timetable table',
  `stuid` int NOT NULL COMMENT 'Foreign Key reference from Student table',
  `createat` timestamp NULL DEFAULT CURRENT_TIMESTAMP COMMENT 'Get datetime (Now)',
  `updateat` timestamp NULL DEFAULT CURRENT_TIMESTAMP ON UPDATE CURRENT_TIMESTAMP COMMENT 'Get datetime',
  `removeat` varchar(5) NOT NULL DEFAULT 'No' COMMENT 'Yes - No',
  PRIMARY KEY (`attenid`)
);

CREATE TABLE `Branch`  (
  `branchid` int NOT NULL AUTO_INCREMENT COMMENT 'Primary Key',
  `branchnm` varchar(255) NOT NULL COMMENT 'Brand name',
  `createat` timestamp NULL DEFAULT CURRENT_TIMESTAMP COMMENT 'Get datetime (Now)',
  `updateat` timestamp NULL DEFAULT CURRENT_TIMESTAMP ON UPDATE CURRENT_TIMESTAMP COMMENT 'Get datetime',
  `removeat` varchar(5) NOT NULL DEFAULT 'No' COMMENT 'Yes - No',
  PRIMARY KEY (`branchid`),
  UNIQUE INDEX `uni_branchnm`(`branchnm`)
);

CREATE TABLE `Branch_Campus`  (
  `branchcamid` int NOT NULL AUTO_INCREMENT COMMENT 'Primary Key',
  `branchcamnm` varchar(255) NOT NULL COMMENT 'Brand campus name',
  `address` varchar(255) NOT NULL COMMENT 'Address',
  `branchid` int NOT NULL COMMENT 'Foreign Key reference from Brand table',
  `campusid` int NOT NULL COMMENT 'Foreign Key reference from Campus table',
  `createat` timestamp NULL DEFAULT CURRENT_TIMESTAMP COMMENT 'Get datetime (Now)',
  `updateat` timestamp NULL DEFAULT CURRENT_TIMESTAMP ON UPDATE CURRENT_TIMESTAMP COMMENT 'Get datetime ',
  `removeat` varchar(5) NOT NULL DEFAULT 'No' COMMENT 'Yes - No',
  PRIMARY KEY (`branchcamid`)
);

CREATE TABLE `Campus`  (
  `campusid` int NOT NULL AUTO_INCREMENT COMMENT 'Primary Key',
  `campusnm` varchar(255) NOT NULL COMMENT 'Campus name',
  `createat` timestamp NULL DEFAULT CURRENT_TIMESTAMP COMMENT 'Get datetime (Now)',
  `updateat` timestamp NULL DEFAULT CURRENT_TIMESTAMP ON UPDATE CURRENT_TIMESTAMP COMMENT 'Get datetime',
  `removeat` varchar(5) NOT NULL DEFAULT 'No' COMMENT 'Yes - No',
  PRIMARY KEY (`campusid`),
  UNIQUE INDEX `uni_campus`(`campusnm`)
);

CREATE TABLE `Courses`  (
  `courid` int NOT NULL AUTO_INCREMENT COMMENT 'Primary Key',
  `cournm` varchar(255) NOT NULL COMMENT 'Courses name',
  `branchid` int NOT NULL COMMENT 'Foreign key reference from Branch table',
  `createat` timestamp NULL DEFAULT CURRENT_TIMESTAMP COMMENT 'Get datetime (Now)',
  `updateat` timestamp NULL DEFAULT CURRENT_TIMESTAMP ON UPDATE CURRENT_TIMESTAMP COMMENT 'Get datetime',
  `removeat` varchar(5) NOT NULL DEFAULT 'No' COMMENT 'Yes - No',
  PRIMARY KEY (`courid`),
  UNIQUE INDEX `uni_cournm`(`cournm`)
);

CREATE TABLE `Department`  (
  `depid` int NOT NULL AUTO_INCREMENT COMMENT 'Primary Key',
  `depnm` varchar(255) NOT NULL COMMENT 'Department name',
  `descriptions` varchar(1000) NULL DEFAULT 'No Description' COMMENT 'Descriptions',
  `createat` timestamp NULL DEFAULT CURRENT_TIMESTAMP COMMENT 'Get datetime (Now)',
  `updateat` timestamp NULL DEFAULT CURRENT_TIMESTAMP ON UPDATE CURRENT_TIMESTAMP COMMENT 'Get datetime',
  `removeat` varchar(5) NOT NULL DEFAULT 'No' COMMENT 'Yes - No',
  PRIMARY KEY (`depid`),
  UNIQUE INDEX `uni_depnm`(`depnm`)
);

CREATE TABLE `Exam`  (
  `examid` int NOT NULL AUTO_INCREMENT COMMENT 'Primary Key',
  `examcodelogin` varchar(10) NULL COMMENT 'Code to log into the test',
  `examday` date NOT NULL COMMENT 'Exam day ',
  `examtype` varchar(50) NOT NULL COMMENT 'ASM - OBJ',
  `examtime` varchar(50) NOT NULL COMMENT 'Exam time',
  `bout` int NOT NULL COMMENT 'Bout (1st - 2nd)',
  `roomid` int NOT NULL COMMENT 'Foreign key reference from Room table',
  `stugroid` int NOT NULL COMMENT 'Foreign key reference from Student_Group table',
  `subjdetailsid` int NOT NULL COMMENT 'Not foreign key',
  `createat` timestamp NULL DEFAULT CURRENT_TIMESTAMP COMMENT 'Get datetime (Now)',
  `updateat` timestamp NULL DEFAULT CURRENT_TIMESTAMP ON UPDATE CURRENT_TIMESTAMP COMMENT 'Get datetime',
  `removeat` varchar(5) NOT NULL DEFAULT 'No' COMMENT 'Yes - No',
  PRIMARY KEY (`examid`)
);

CREATE TABLE `Feedback`  (
  `feedbackid` int NOT NULL AUTO_INCREMENT COMMENT 'Primary Key',
  `feedbacknm` varchar(255) NOT NULL COMMENT 'Feedback name',
  `dateoffeedback` date NOT NULL COMMENT 'Date of feedback',
  `enddatefeedback` date NOT NULL COMMENT 'End date',
  `stugroid` int NOT NULL COMMENT 'Not foreign key',
  `lecturid` int NOT NULL COMMENT 'Not foreign key',
  `feedbackstatus` varchar(255) NOT NULL COMMENT 'Feedback status',
  `subjdetailsid` int NOT NULL COMMENT 'Foreign Key reference from Subject Details table',
  `createat` timestamp NULL DEFAULT CURRENT_TIMESTAMP COMMENT 'Get datetime (Now)',
  `updateat` timestamp NULL DEFAULT CURRENT_TIMESTAMP ON UPDATE CURRENT_TIMESTAMP COMMENT 'Get datetime',
  `removeat` varchar(5) NOT NULL DEFAULT 'No' COMMENT 'Yes - No',
  PRIMARY KEY (`feedbackid`)
);

CREATE TABLE `GPA_Lecturer`  (
  `gpalecid` int NOT NULL AUTO_INCREMENT COMMENT 'Primary Key',
  `gpamonth` date NOT NULL COMMENT 'GPA of month',
  `gpasubject` int NOT NULL COMMENT 'GPA of subject',
  `gpastudentgroup` int NOT NULL COMMENT 'GPA of student group',
  `gpascore` double NOT NULL COMMENT 'GPA score',
  `lecturid` int NOT NULL COMMENT 'Foreign Key reference from Lecturer table',
  `createat` timestamp NULL DEFAULT CURRENT_TIMESTAMP COMMENT 'Get datetime (Now)',
  `updateat` timestamp NULL DEFAULT CURRENT_TIMESTAMP ON UPDATE CURRENT_TIMESTAMP COMMENT 'Get datetime',
  `removeat` varchar(5) NOT NULL DEFAULT 'No' COMMENT 'Yes - No',
  PRIMARY KEY (`gpalecid`)
);

CREATE TABLE `Lecturer`  (
  `lecturid` int NOT NULL AUTO_INCREMENT COMMENT 'Primary Key',
  `rollnum` varchar(255) NULL COMMENT 'Rollnumber = username',
  `fullnm` varchar(255) NOT NULL COMMENT 'Fullname',
  `dob` date NOT NULL COMMENT 'Date of birth',
  `idcard` varchar(20) NOT NULL COMMENT 'ID card',
  `gender` varchar(10) NOT NULL COMMENT 'Gender',
  `email` varchar(255) NOT NULL COMMENT 'Email',
  `companyemail` varchar(255) NULL COMMENT 'Company email',
  `poi` varchar(255) NOT NULL COMMENT 'Place of issuce',
  `doi` date NOT NULL COMMENT 'Date of issue',
  `phone` varchar(12) NOT NULL COMMENT 'Phonenumber',
  `img` varchar(1000) NULL DEFAULT 'default_user.png' COMMENT 'Avatar',
  `contract` varchar(255) NOT NULL COMMENT 'Contract',
  `major` varchar(255) NOT NULL COMMENT 'List Branch',
  `lecturertype` varchar(255) NOT NULL COMMENT 'Ordinary teacher\n, Business Instructor, \nInternational Lecturer',
  `address` varchar(255) NOT NULL COMMENT 'Address',
  `createat` timestamp NULL DEFAULT CURRENT_TIMESTAMP COMMENT 'Get datetime (Now)',
  `updateat` timestamp NULL DEFAULT CURRENT_TIMESTAMP ON UPDATE CURRENT_TIMESTAMP COMMENT 'Get datetime',
  `removeat` varchar(5) NOT NULL DEFAULT 'No' COMMENT 'Yes - No',
  PRIMARY KEY (`lecturid`),
  UNIQUE INDEX `uni_rollnum`(`rollnum`),
  UNIQUE INDEX `uni_phone`(`phone`),
  UNIQUE INDEX `uni_email`(`email`),
  UNIQUE INDEX `uni_companyemail`(`companyemail`),
  UNIQUE INDEX `uni_idcard`(`idcard`)
);

CREATE TABLE `Lecturer_Account`  (
  `teaaccid` int NOT NULL AUTO_INCREMENT COMMENT 'Primary Key',
  `rollnum` varchar(255) NOT NULL COMMENT 'Roll number = Username',
  `pass` varchar(255) NOT NULL DEFAULT '123' COMMENT 'Password',
  `lecturid` int NOT NULL COMMENT 'Foreign Key reference from Lecturer table',
  `createat` timestamp NULL DEFAULT CURRENT_TIMESTAMP COMMENT 'Get datetime (Now)',
  `updateat` timestamp NULL DEFAULT CURRENT_TIMESTAMP ON UPDATE CURRENT_TIMESTAMP COMMENT 'Get datetime',
  `removeat` varchar(5) NOT NULL DEFAULT 'No' COMMENT 'Yes - No',
  PRIMARY KEY (`teaaccid`),
  UNIQUE INDEX `uni_rollnum`(`rollnum`)
);

CREATE TABLE `Parent`  (
  `parid` int NOT NULL AUTO_INCREMENT COMMENT 'Primary Key',
  `rollnum` varchar(255) NULL COMMENT 'Roll number = Username',
  `parnm` varchar(255) NOT NULL COMMENT 'Parent name',
  `parphone` varchar(12) NOT NULL COMMENT 'Parent phone',
  `parjob` varchar(255) NULL COMMENT 'Parent job',
  `pow` varchar(255) NULL COMMENT 'Place of issue',
  `paremail` varchar(255) NOT NULL COMMENT 'Parent email',
  `address` varchar(255) NOT NULL COMMENT 'Address',
  `stuid` int NOT NULL COMMENT 'Foreign Key reference from Student table',
  `createat` timestamp NULL DEFAULT CURRENT_TIMESTAMP COMMENT 'Get datetime (Now)',
  `updateat` timestamp NULL DEFAULT CURRENT_TIMESTAMP ON UPDATE CURRENT_TIMESTAMP COMMENT 'Get datetime',
  `removeat` varchar(5) NOT NULL DEFAULT 'No' COMMENT 'Yes - No',
  PRIMARY KEY (`parid`),
  UNIQUE INDEX `uni_rollnum`(`rollnum`)
);

CREATE TABLE `Parent_Account`  (
  `paraccid` int NOT NULL AUTO_INCREMENT COMMENT 'Primary Key',
  `rollnum` varchar(255) NOT NULL COMMENT 'Rollnumber = Usename',
  `pass` varchar(255) NOT NULL DEFAULT '123' COMMENT 'Password',
  `parid` int NOT NULL COMMENT 'Foreign Key reference from Parent table',
  `createat` timestamp NULL DEFAULT CURRENT_TIMESTAMP COMMENT 'Get datetime (Now)',
  `updateat` timestamp NULL DEFAULT CURRENT_TIMESTAMP ON UPDATE CURRENT_TIMESTAMP COMMENT 'Get datetime',
  `removeat` varchar(5) NOT NULL DEFAULT 'No' COMMENT 'Yes - No',
  PRIMARY KEY (`paraccid`),
  UNIQUE INDEX `uni_rollnum`(`rollnum`)
);

CREATE TABLE `Result`  (
  `resultid` int ZEROFILL NOT NULL AUTO_INCREMENT COMMENT 'Primary Key',
  `examresults` int NOT NULL COMMENT '1st exam results',
  `stuid` int NOT NULL COMMENT 'Foreign Key Reference From Subject Table',
  `examid` int NOT NULL COMMENT 'Foreign Key Reference From Exam Table',
  `createat` timestamp NULL DEFAULT CURRENT_TIMESTAMP COMMENT 'Get datetime (Now)',
  `updateat` timestamp NULL DEFAULT CURRENT_TIMESTAMP ON UPDATE CURRENT_TIMESTAMP COMMENT 'Get datetime',
  `removeat` varchar(5) NOT NULL DEFAULT 'No' COMMENT 'Yes - No',
  PRIMARY KEY (`resultid`)
);

CREATE TABLE `Role`  (
  `roleid` int NOT NULL AUTO_INCREMENT COMMENT 'Primary Key',
  `rolenm` varchar(255) NOT NULL COMMENT 'Role name',
  `descriptions` varchar(1000) NULL DEFAULT 'No Decsription' COMMENT 'Descriptions',
  `createat` timestamp NULL DEFAULT CURRENT_TIMESTAMP COMMENT 'Get datetime (Now)',
  `updateat` timestamp NULL DEFAULT CURRENT_TIMESTAMP ON UPDATE CURRENT_TIMESTAMP COMMENT 'Get datetime',
  `removeat` varchar(5) NOT NULL DEFAULT 'No' COMMENT 'Yes - No',
  PRIMARY KEY (`roleid`),
  UNIQUE INDEX `uni_rolenm`(`rolenm`)
);

CREATE TABLE `Room`  (
  `roomid` int NOT NULL AUTO_INCREMENT COMMENT 'Primary key',
  `roomnm` varchar(255) NULL COMMENT 'Room name',
  `campusid` int NULL COMMENT 'Campus Id',
  `createat` timestamp NULL DEFAULT CURRENT_TIMESTAMP COMMENT 'Get datetime (Now)',
  `updateat` timestamp NULL DEFAULT CURRENT_TIMESTAMP ON UPDATE CURRENT_TIMESTAMP COMMENT 'Get datetime',
  `removeat` varchar(5) NOT NULL DEFAULT 'No' COMMENT 'Yes - No',
  PRIMARY KEY (`roomid`),
  UNIQUE INDEX `uni_roomnm`(`roomnm`)
);

CREATE TABLE `Semester`  (
  `semid` int NOT NULL AUTO_INCREMENT COMMENT 'Primary key',
  `semnm` varchar(255) NOT NULL COMMENT 'Semester name',
  `createat` timestamp NULL DEFAULT CURRENT_TIMESTAMP COMMENT 'Get datetime (Now)',
  `updateat` timestamp NULL DEFAULT CURRENT_TIMESTAMP ON UPDATE CURRENT_TIMESTAMP COMMENT 'Get datetime ',
  `removeat` varchar(5) NOT NULL DEFAULT 'No' COMMENT 'Yes - No',
  PRIMARY KEY (`semid`),
  UNIQUE INDEX `uni_semnm`(`semnm`)
);

CREATE TABLE `Staff`  (
  `staffid` int NOT NULL AUTO_INCREMENT COMMENT 'Primary Key',
  `rollnum` varchar(255) NOT NULL COMMENT 'Rollnumber = Username',
  `fullnm` varchar(255) NOT NULL COMMENT 'Fullname',
  `dob` date NOT NULL COMMENT 'Date of birth',
  `idcard` varchar(20) NOT NULL COMMENT 'ID card',
  `gender` varchar(10) NOT NULL DEFAULT 'Male' COMMENT 'Male, Female, Other',
  `email` varchar(255) NOT NULL COMMENT 'Email',
  `companyemail` varchar(255) NOT NULL DEFAULT 'No Company Email' COMMENT 'Company email',
  `doi` date NOT NULL COMMENT 'Date of issue',
  `poi` varchar(255) NOT NULL COMMENT 'Place of issue',
  `phone` varchar(12) NOT NULL COMMENT 'Phonenumber',
  `img` varchar(1000) NOT NULL DEFAULT 'default_user.png' COMMENT 'Avatar',
  `contract` varchar(255) NOT NULL COMMENT 'Contract',
  `address` varchar(255) NOT NULL COMMENT 'Address',
  `depid` int NOT NULL COMMENT 'Foreign Key reference Department table',
  `roleid` int NOT NULL COMMENT 'Foreign Key reference Role table',
  `createat` timestamp NULL DEFAULT CURRENT_TIMESTAMP COMMENT 'Get datetime (Now)',
  `updateat` timestamp NULL DEFAULT CURRENT_TIMESTAMP ON UPDATE CURRENT_TIMESTAMP COMMENT 'Get datetime',
  `removeat` varchar(5) NOT NULL DEFAULT 'No' COMMENT 'Yes - No',
  PRIMARY KEY (`staffid`),
  UNIQUE INDEX `uni_rollnum`(`rollnum`),
  UNIQUE INDEX `uni_email`(`email`),
  UNIQUE INDEX `uni_phone`(`phone`),
  UNIQUE INDEX `uni_companyemail`(`companyemail`),
  UNIQUE INDEX `uni_idcard`(`idcard`)
);

CREATE TABLE `Staff_Account`  (
  `staffaccid` int NOT NULL AUTO_INCREMENT COMMENT 'Primary Key',
  `rollnum` varchar(255) NOT NULL COMMENT 'Roll number = Username',
  `pass` varchar(255) NOT NULL DEFAULT '123' COMMENT 'Password',
  `staffid` int NOT NULL COMMENT 'Foreign Key reference from Staff table',
  `createat` timestamp NULL DEFAULT CURRENT_TIMESTAMP COMMENT 'Get datetime (Now)',
  `updateat` timestamp NULL DEFAULT CURRENT_TIMESTAMP ON UPDATE CURRENT_TIMESTAMP COMMENT 'Get datetime',
  `removeat` varchar(5) NOT NULL DEFAULT 'No' COMMENT 'Yes - No',
  PRIMARY KEY (`staffaccid`),
  UNIQUE INDEX `uni_rollnum`(`rollnum`)
);

CREATE TABLE `Student`  (
  `stuid` int NOT NULL AUTO_INCREMENT COMMENT 'Primary Key',
  `rollnum` varchar(255) NOT NULL COMMENT 'Rollnumber = username ',
  `fullnm` varchar(255) NOT NULL DEFAULT 'No Name' COMMENT 'Fullname',
  `dob` date NOT NULL COMMENT 'Date of birth',
  `gender` varchar(255) NOT NULL DEFAULT 'Male' COMMENT 'Gender',
  `idcard` varchar(20) NOT NULL COMMENT 'Id card',
  `doi` date NULL COMMENT 'Date of issua',
  `poi` varchar(255) NULL DEFAULT 'No Place Of Issua' COMMENT 'Place of issua ',
  `mobphone` varchar(12) NOT NULL COMMENT 'Mobie phone',
  `email` varchar(255) NOT NULL COMMENT 'Email',
  `collegeemail` varchar(255) NULL COMMENT 'College email',
  `img` varchar(1000) NOT NULL DEFAULT 'default_user.png' COMMENT 'Image',
  `major` varchar(255) NULL DEFAULT 'No Major' COMMENT 'Major',
  `stustatus` varchar(30) NOT NULL COMMENT 'Student status: studying, absent from school,...',
  `address` varchar(255) NOT NULL COMMENT 'Address',
  `createat` timestamp NULL DEFAULT CURRENT_TIMESTAMP COMMENT 'Get datetime (Now)',
  `updateat` timestamp NULL DEFAULT CURRENT_TIMESTAMP ON UPDATE CURRENT_TIMESTAMP COMMENT 'Get datetime',
  `removeat` varchar(5) NOT NULL DEFAULT 'No' COMMENT 'Yes - No',
  PRIMARY KEY (`stuid`),
  UNIQUE INDEX `uni_rollnum`(`rollnum`),
  UNIQUE INDEX `uni_idcard`(`idcard`),
  UNIQUE INDEX `uni_mobphone`(`mobphone`),
  UNIQUE INDEX `uni_email`(`email`),
  UNIQUE INDEX `uni_collegeemail`(`collegeemail`)
);

CREATE TABLE `Student_Account`  (
  `stuaccid` int NOT NULL AUTO_INCREMENT COMMENT 'Primary Key',
  `rollnum` varchar(255) NOT NULL COMMENT 'Roll number = Username',
  `pass` varchar(255) NOT NULL DEFAULT '123' COMMENT 'Password',
  `stuid` int NOT NULL COMMENT 'Foreign Key reference from Student table',
  `createat` timestamp NULL DEFAULT CURRENT_TIMESTAMP COMMENT 'Get datetime (Now)',
  `updateat` timestamp NULL DEFAULT CURRENT_TIMESTAMP ON UPDATE CURRENT_TIMESTAMP COMMENT 'Get datetime',
  `removeat` varchar(5) NOT NULL DEFAULT 'No' COMMENT 'Yes - No',
  PRIMARY KEY (`stuaccid`),
  UNIQUE INDEX `uni_rollnum`(`rollnum`)
);

CREATE TABLE `Student_Class`  (
  `studclassid` int NOT NULL AUTO_INCREMENT COMMENT 'Primary Key',
  `regissubj` int NULL COMMENT 'Subject details id',
  `cass` varchar(255) NOT NULL COMMENT 'Class And Subject Status(CASS): current class, old class,  learn again, complete re-study',
  `restudytime` date NULL COMMENT 'Re-study time',
  `semstatus` int NOT NULL COMMENT '0 - null (apply for subject registration) | 1 - Sem1 |  2 - Sem2  |  3 - Sem3  |  4-Sem4',
  `stuid` int NOT NULL COMMENT 'Foreign Key reference from Student table',
  `stugroid` int NOT NULL COMMENT 'Foreign Key reference from Student Group table',
  `createat` timestamp NULL DEFAULT CURRENT_TIMESTAMP COMMENT 'Get datetime (Now)',
  `updateat` timestamp NULL DEFAULT CURRENT_TIMESTAMP ON UPDATE CURRENT_TIMESTAMP COMMENT 'Get datetime',
  `removeat` varchar(5) NOT NULL DEFAULT 'No' COMMENT 'Yes - No',
  PRIMARY KEY (`studclassid`)
);

CREATE TABLE `Student_Feedback`  (
  `stufeedbackid` int NOT NULL AUTO_INCREMENT COMMENT 'Primary Key',
  `ans1` varchar(1000) NOT NULL COMMENT 'Answer 1 (Form)',
  `ans2` varchar(1000) NOT NULL COMMENT 'Answer 2 (Form)',
  `ans3` varchar(1000) NOT NULL COMMENT 'Answer 3 (Form)',
  `ans4` varchar(1000) NOT NULL COMMENT 'Answer 4 (Form)',
  `ans5` varchar(1000) NOT NULL COMMENT 'Answer 5 (Form)',
  `note` varchar(1000) NULL COMMENT 'Note (Form)',
  `gpafeedback` double NOT NULL DEFAULT 0 COMMENT 'GPA of feedback',
  `stuid` int NOT NULL COMMENT 'Foreign Key reference from Student table',
  `feedbackid` int NOT NULL COMMENT 'Foreign Key reference from Feedback table',
  `creatat` timestamp NULL DEFAULT CURRENT_TIMESTAMP COMMENT 'Get datetime (Now)',
  `updateat` timestamp NULL DEFAULT CURRENT_TIMESTAMP ON UPDATE CURRENT_TIMESTAMP COMMENT 'Get datetime',
  `removeat` varchar(5) NOT NULL DEFAULT 'No' COMMENT 'Yes - No',
  PRIMARY KEY (`stufeedbackid`)
);

CREATE TABLE `Student_Group`  (
  `stugroid` int NOT NULL AUTO_INCREMENT COMMENT 'Primary Key',
  `stugronm` varchar(255) NOT NULL COMMENT 'Student Group Name = Branch+\'_\'+ Opening date+ \'_\' + Session + 0(2-4-6)',
  `openingdate` date NOT NULL COMMENT 'Opening date',
  `session` varchar(10) NOT NULL COMMENT 'Morning = M | Afternoon = A  | Night = N',
  `shift` int NOT NULL COMMENT '2-4-6 = 0 or 3-5-7 =1',
  `branchcamid` int NOT NULL COMMENT 'Foreign Key reference from Branch_Campus table',
  `courid` int NOT NULL COMMENT 'Foreign Key reference from Courses table',
  `createat` timestamp NULL DEFAULT CURRENT_TIMESTAMP COMMENT 'Get datetime (Now)',
  `updateat` timestamp NULL DEFAULT CURRENT_TIMESTAMP ON UPDATE CURRENT_TIMESTAMP COMMENT 'Get datetime',
  `removeat` varchar(5) NOT NULL DEFAULT 'No' COMMENT 'Yes - No',
  PRIMARY KEY (`stugroid`),
  UNIQUE INDEX `stugronm_unique`(`stugronm`)
);

CREATE TABLE `Subject`  (
  `subjid` int NOT NULL AUTO_INCREMENT COMMENT 'Primary Key',
  `shortnm` varchar(255) NOT NULL COMMENT 'Subject short name',
  `subjnm` varchar(255) NOT NULL COMMENT 'Subject name',
  `branchid` int NOT NULL COMMENT 'Not Foreign Key ',
  `createat` timestamp NULL DEFAULT CURRENT_TIMESTAMP COMMENT 'Get datetime (Now)',
  `updateat` timestamp NULL DEFAULT CURRENT_TIMESTAMP ON UPDATE CURRENT_TIMESTAMP COMMENT 'Get datetime',
  `removeat` varchar(5) NOT NULL DEFAULT 'No' COMMENT 'Yes - No',
  PRIMARY KEY (`subjid`),
  UNIQUE INDEX `uni_shortnm`(`shortnm`),
  UNIQUE INDEX `uni_subjectnm`(`subjnm`)
);

CREATE TABLE `Subject_Details`  (
  `subjdetailsid` int NOT NULL AUTO_INCREMENT COMMENT 'Primary Key',
  `slots` int NOT NULL COMMENT 'The number of sessions in the subject',
  `fee` double NOT NULL COMMENT 'Fee',
  `subjid` int NOT NULL COMMENT 'Foreign Key reference from Subject table',
  `semid` int NOT NULL COMMENT 'Foreign Key reference from Semester table',
  `courid` int NOT NULL COMMENT 'Foreign Key reference from Courses table',
  `createat` datetime NULL DEFAULT CURRENT_TIMESTAMP COMMENT 'Get datetime (Now)',
  `updateat` datetime NULL DEFAULT CURRENT_TIMESTAMP ON UPDATE CURRENT_TIMESTAMP COMMENT 'Get datetime',
  `removeat` varchar(5) NOT NULL DEFAULT 'No' COMMENT 'Yes - No',
  PRIMARY KEY (`subjdetailsid`)
);

CREATE TABLE `Timetable`  (
  `timetableid` int NOT NULL AUTO_INCREMENT COMMENT 'Primary Key',
  `subjnm` varchar(255) NOT NULL COMMENT 'Subject name = subject name + slots[index]',
  `subjdate` date NOT NULL COMMENT 'Subject date',
  `slotofsubjdate` varchar(50) NOT NULL COMMENT 'Slot of subject date',
  `attenteaid` int NOT NULL COMMENT 'Is retrieved when the is logged in - Default = Maintea',
  `semid` int NOT NULL COMMENT 'Semester id',
  `attenedit` bit NOT NULL DEFAULT 1 COMMENT 'Attendance editing ',
  `note` varchar(1000) NOT NULL DEFAULT 'No Descriptions' COMMENT 'Note',
  `subjdetailsid` int NOT NULL COMMENT 'Foreign Key reference from Subject_Details table',
  `stugroid` int NOT NULL COMMENT 'Foreign Key reference from Student_Group table',
  `roomid` int NOT NULL COMMENT 'Foreign Key reference from Room table',
  `createat` timestamp NULL DEFAULT CURRENT_TIMESTAMP COMMENT 'Get datetime (Now)',
  `updateat` timestamp NULL DEFAULT CURRENT_TIMESTAMP ON UPDATE CURRENT_TIMESTAMP COMMENT 'Get datetime',
  `removeat` varchar(5) NOT NULL DEFAULT 'No' COMMENT 'Yes - No',
  PRIMARY KEY (`timetableid`)
);

-- ---------------------------------------------------------------------------------------- Add Constraint ----------------------------------------------------------------------------------------

ALTER TABLE `Attendance` ADD CONSTRAINT `fk_Attendance_Student_1` FOREIGN KEY (`stuid`) REFERENCES `Student` (`stuid`);
ALTER TABLE `Attendance` ADD CONSTRAINT `fk_Attendance_Timetable_1` FOREIGN KEY (`timetableid`) REFERENCES `Timetable` (`timetableid`);
ALTER TABLE `Branch_Campus` ADD CONSTRAINT `fk_Branch_Campus_Campus_1` FOREIGN KEY (`campusid`) REFERENCES `Campus` (`campusid`);
ALTER TABLE `Branch_Campus` ADD CONSTRAINT `fk_Branch_Campus_Branch_1` FOREIGN KEY (`branchid`) REFERENCES `Branch` (`branchid`);
ALTER TABLE `Courses` ADD CONSTRAINT `fk_Courses_Branch_1` FOREIGN KEY (`branchid`) REFERENCES `Branch` (`branchid`);
ALTER TABLE `Exam` ADD CONSTRAINT `fk_Exam_Student_Group_1` FOREIGN KEY (`stugroid`) REFERENCES `Student_Group` (`stugroid`);
ALTER TABLE `Exam` ADD CONSTRAINT `fk_Exam_Room_1` FOREIGN KEY (`roomid`) REFERENCES `Room` (`roomid`);
ALTER TABLE `Feedback` ADD CONSTRAINT `fk_Feedback_Subject_Details_1` FOREIGN KEY (`subjdetailsid`) REFERENCES `Subject_Details` (`subjdetailsid`);
ALTER TABLE `GPA_Lecturer` ADD CONSTRAINT `fk_GPA_Lecturer_Lecturer_1` FOREIGN KEY (`lecturid`) REFERENCES `Lecturer` (`lecturid`);
ALTER TABLE `Lecturer_Account` ADD CONSTRAINT `fk_Lecturer_Account_Lecturer_1` FOREIGN KEY (`lecturid`) REFERENCES `Lecturer` (`lecturid`);
ALTER TABLE `Parent` ADD CONSTRAINT `fk_Parent_Student_1` FOREIGN KEY (`stuid`) REFERENCES `Student` (`stuid`);
ALTER TABLE `Parent_Account` ADD CONSTRAINT `fk_Parent_Account_Parent_1` FOREIGN KEY (`parid`) REFERENCES `Parent` (`parid`);
ALTER TABLE `Result` ADD CONSTRAINT `fk_Result_Exam_1` FOREIGN KEY (`examid`) REFERENCES `Exam` (`examid`);
ALTER TABLE `Result` ADD CONSTRAINT `fk_Result_Student_1` FOREIGN KEY (`stuid`) REFERENCES `Student` (`stuid`);
ALTER TABLE `Room` ADD CONSTRAINT `fk_Room_Campus_1` FOREIGN KEY (`campusid`) REFERENCES `Campus` (`campusid`);
ALTER TABLE `Staff` ADD CONSTRAINT `fk_Staff_Department_1` FOREIGN KEY (`depid`) REFERENCES `Department` (`depid`);
ALTER TABLE `Staff` ADD CONSTRAINT `fk_Staff_Role_1` FOREIGN KEY (`roleid`) REFERENCES `Role` (`roleid`);
ALTER TABLE `Staff_Account` ADD CONSTRAINT `fk_Staff_Account_Staff_1` FOREIGN KEY (`staffid`) REFERENCES `Staff` (`staffid`);
ALTER TABLE `Student_Account` ADD CONSTRAINT `fk_Student_Account_Student_1` FOREIGN KEY (`stuid`) REFERENCES `Student` (`stuid`);
ALTER TABLE `Student_Class` ADD CONSTRAINT `fk_Student_Class_Student_1` FOREIGN KEY (`stuid`) REFERENCES `Student` (`stuid`);
ALTER TABLE `Student_Class` ADD CONSTRAINT `fk_Student_Class_Student_Group_1` FOREIGN KEY (`stugroid`) REFERENCES `Student_Group` (`stugroid`);
ALTER TABLE `Student_Feedback` ADD CONSTRAINT `fk_Student_Feedback_Feedback_1` FOREIGN KEY (`feedbackid`) REFERENCES `Feedback` (`feedbackid`);
ALTER TABLE `Student_Feedback` ADD CONSTRAINT `fk_Student_Feedback_Student_1` FOREIGN KEY (`stuid`) REFERENCES `Student` (`stuid`);
ALTER TABLE `Student_Group` ADD CONSTRAINT `fk_Class_Courses_1` FOREIGN KEY (`courid`) REFERENCES `Courses` (`courid`);
ALTER TABLE `Student_Group` ADD CONSTRAINT `fk_Student_Group_Branch_Campus_1` FOREIGN KEY (`branchcamid`) REFERENCES `Branch_Campus` (`branchcamid`);
ALTER TABLE `Subject_Details` ADD CONSTRAINT `fk_Subject_Details_Semester_1` FOREIGN KEY (`semid`) REFERENCES `Semester` (`semid`);
ALTER TABLE `Subject_Details` ADD CONSTRAINT `fk_Subject_Details_Subject_1` FOREIGN KEY (`subjid`) REFERENCES `Subject` (`subjid`);
ALTER TABLE `Subject_Details` ADD CONSTRAINT `fk_Subject_Details_Courses_1` FOREIGN KEY (`courid`) REFERENCES `Courses` (`courid`);
ALTER TABLE `Timetable` ADD CONSTRAINT `fk_Timetable_Subject_Details_1` FOREIGN KEY (`subjdetailsid`) REFERENCES `Subject_Details` (`subjdetailsid`);
ALTER TABLE `Timetable` ADD CONSTRAINT `fk_Timetable_Student_Group_1` FOREIGN KEY (`stugroid`) REFERENCES `Student_Group` (`stugroid`);
ALTER TABLE `Timetable` ADD CONSTRAINT `fk_Timetable_Room_1` FOREIGN KEY (`roomid`) REFERENCES `Room` (`roomid`);

-- ---------------------------------------------------------------------------------------- Create View ----------------------------------------------------------------------------------------
-- ----------------------------------------------------------------------------------------Mr. An
-- new_student
CREATE VIEW new_student AS 
SELECT std.stuid AS stuid, std.rollnum AS rollnum, std.fullnm AS fullnm, std.dob AS dob, 
std.gender AS gender, std.idcard AS idcard, std.doi AS doi, std.poi AS poi, 
std.mobphone AS mobphone, std.email AS email, std.collegeemail AS collegeemail, std.img AS img, 
std.major AS major, std.stustatus AS stustatus, std.address AS address, std.createat AS createat, 
std.updateat AS updateat, std.removeat AS removeat 
FROM (student std left join student_class stcl on(stcl.stuid = std.stuid)) 
WHERE stcl.stuid is null AND std.removeat = 'No' ;

-- new_class
CREATE view new_class as 
SELECT DISTINCT sg.* FROM ((student_group sg LEFT JOIN timetable tt ON (sg.stugroid = tt.stugroid)) JOIN courses c ON (sg.courid = c.courid)) 
WHERE tt.stugroid IS NULL 
or ( tt.removeat='Yes' and tt.stugroid not in (select DISTINCT ttt.stugroid from timetable ttt WHERE ttt.removeat='No' )) 
AND sg.removeat = 'No';

-- student_result
CREATE VIEW student_result  AS 
SELECT re.resultid AS resultid, re.examresults AS examresults, ex.examday AS examday, ex.examtype AS examtype,
 ex.examtime AS examtime, ex.bout AS bout, s.subjnm AS subjnm, stucl.cass AS cass, stugr.stugronm AS stugronm, stu.stuid AS stuid 
FROM (((((((student_account stuacc 
join student stu on(stuacc.stuid = stu.stuid)) 
join result re on(stu.stuid = re.stuid)) 
join exam ex on(re.examid = ex.examid)) 
join subject_details sd on(ex.subjdetailsid = sd.subjdetailsid)) 
join subject s on(sd.subjid = s.subjid)) 
join student_class stucl on(ex.stugroid = stucl.stugroid and stu.stuid = stucl.stuid)) 
join student_group stugr on(ex.stugroid = stugr.stugroid)) 
WHERE re.removeat = 'No' AND stu.removeat = 'No';



-- ----------------------------------------------------------------------------------------Mr. Thanh
-- parent_results
CREATE VIEW parent_results AS
SELECT re.resultid AS resultid,
stud.fullnm AS fullnm, 
s.subjnm AS subjnm, ex.bout AS bout, 
ex.examday AS examday, ex.examtype AS examtype, 
re.examresults AS examresults,
stucl.cass AS cass, 
stugr.stugronm AS stugronm ,
pa.parid AS parid 
 FROM parent_account pa 
 join parent p on pa.parid = p.parid
 join student stud on p.stuid = stud.stuid
 join result re on stud.stuid = re.stuid 
 join exam ex on re.examid = ex.examid 
 join subject_details sd on ex.subjdetailsid = sd.subjdetailsid
 join subject s on sd.subjid = s.subjid 
 join student_class stucl on ex.stugroid = stucl.stugroid and stud.stuid = stucl.stuid
 join student_group stugr on ex.stugroid = stugr.stugroid
 WHERE re.removeat = 'No' AND stud.removeat = 'No' ;


-- ----------------------------------------------------------------------------------------Mr. Na
-- get_branch_count
CREATE VIEW get_branch_count AS
  SELECT 
  c.courid AS courid, c.cournm AS cournm,
  (SELECT br.branchnm
  FROM branch br
  WHERE br.branchid = c.branchid AND br.removeat = 'No' AND br.branchid!=1) AS branchname,
  CASE
  WHEN (SELECT br.branchnm FROM branch br WHERE br.branchid = c.branchid AND br.removeat = 'No' AND br.branchid!=1) = 'Aptech' THEN 'T'
  WHEN (SELECT br.branchnm FROM branch br WHERE br.branchid = c.branchid AND br.removeat = 'No' AND br.branchid!=1) = 'Coking' THEN 'C'
  WHEN (SELECT br.branchnm FROM branch br WHERE br.branchid = c.branchid AND br.removeat = 'No' AND br.branchid!=1) = 'Jetking' THEN 'J'
  WHEN (SELECT br.branchnm FROM branch br WHERE br.branchid = c.branchid AND br.removeat = 'No' AND br.branchid!=1) = 'Arena' THEN 'A'
  WHEN (SELECT br.branchnm FROM branch br WHERE br.branchid = c.branchid AND br.removeat = 'No' AND br.branchid!=1) = 'Skillking' THEN 'S'
  END
  AS firstchar,
  (SELECT COUNT(sg.courid)
  FROM student_group sg
  WHERE sg.courid = c.courid AND sg.removeat = 'No') AS branchamount
  FROM courses c
  WHERE 1 = 1 AND c.removeat = 'No' AND c.courid!=1
  ORDER BY c.courid;

-- mindate_maxdate
CREATE  VIEW mindate_maxdate AS 
select row_number() over ( order by tt.semid,tt.stugroid) AS mmid,
(select sg.openingdate 
from student_group sg 
where sg.removeat = 'No' and courid!=1 and sg.stugroid = tt.stugroid) AS openingdate,
(select sg.shift 
from student_group sg 
where sg.removeat = 'No' and courid!=1 and sg.stugroid = tt.stugroid) AS shift,
tt.semid AS semid,tt.stugroid AS stugroid,min(tt.subjdate) AS mindate,
max(tt.subjdate) AS maxdate 
from timetable tt 
where tt.removeat = 'No' 
group by tt.semid,tt.stugroid 
order by row_number() over ( order by tt.semid,tt.stugroid);

-- render_studentgroup
CREATE VIEW render_studentgroup AS
    SELECT 
        sg.stugroid AS stugroid,
        sg.stugronm AS stugronm,
        sg.openingdate AS openingdate,
        sg.session AS session,
        sg.shift AS shift,
        sg.courid AS courid,
        sg.removeat AS removeat,
        c.cournm AS cournm,
        b.branchid AS branchid,
        ca.campusid AS campusid,
        bc.branchcamid AS branchcamid,
        b.branchnm AS branchnm,
        ca.campusnm AS campusnm,
        bc.branchcamnm AS branchcamnm,
        bc.address AS address,
        (SELECT 
                COUNT(tt.stugroid)
            FROM
                timetable tt
            WHERE
                tt.removeat = 'No'
                    AND tt.stugroid = sg.stugroid) AS checkupde
    FROM
        (courses c
        JOIN (student_group sg
        JOIN ((branch_campus bc
        JOIN branch b ON (bc.branchid = b.branchid))
        JOIN campus ca ON (bc.campusid = ca.campusid)) ON (sg.branchcamid = bc.branchcamid)) ON (c.courid = sg.courid))
    WHERE
        sg.courid = c.courid
            AND sg.removeat = 'No'
    GROUP BY sg.stugroid;

-- render_timetable
CREATE VIEW render_timetable AS
    SELECT 
        tt.timetableid AS timetableid,tt.subjnm AS subjnm,tt.subjdate AS subjdate, DAYNAME(tt.subjdate) AS subjdateofmonth,tt.slotofsubjdate AS slotofsubjdate,
        tt.attenteaid AS attenteaid,tt.semid AS semid,tt.attenedit AS attenedit, tt.roomid AS roomid,
        tt.note AS note,tt.subjdetailsid AS subjdetailsid,tt.stugroid AS stugroid,tt.removeat AS removeat,
        s.subjnm AS subjectname,sd.slots AS slots,sd.semid AS semSD,sd.courid AS courseSD,
        (SELECT l.fullnm FROM lecturer l WHERE l.lecturid = tt.attenteaid AND l.removeat = 'No') AS teanm, sg.stugronm AS stugronm,
        sg.branchcamid AS branchcamid,bc.branchcamnm AS branchcamnm, bc.branchid AS branchid,
        (select br.branchnm from branch br where br.removeat='No' and br.branchid!=1 and br.branchid=bc.branchid) AS branchnm, bc.campusid AS campusid,
        (select ca.campusnm from campus ca where ca.removeat='No' and ca.campusid = bc.campusid) AS campusnm, 
        bc.address AS address
    FROM
        ((((timetable tt JOIN subject_details sd) JOIN subject s) JOIN student_group sg) JOIN branch_campus bc)
    WHERE
        tt.subjdetailsid = sd.subjdetailsid
            AND sd.subjid = s.subjid
            AND tt.stugroid = sg.stugroid
            AND sg.branchcamid = bc.branchcamid
            AND bc.removeat = 'No'
            AND tt.removeat = 'No'
            AND sd.removeat = 'No'
            AND s.removeat = 'No'
            AND sg.removeat = 'No';

-- Render_Location
create view Render_Location as
select row_number() over ( order by bc.branchid, b.branchnm, sg.stugronm, sg.branchcamid) AS slid
, bc.branchid, b.branchnm, sg.stugronm, tt.semid as semid
, (select concat(min(t.subjdate),' => ',max(t.subjdate)) from timetable t where t.stugroid = sg.stugroid and t.semid=tt.semid and t.removeat = 'No') AS studytime
, (select c.cournm from courses c where c.removeat='No' and c.courid=sg.courid) as coursesnm
, (select l.fullnm from lecturer l where l.removeat='No' and l.lecturid = tt.attenteaid) as maintea
, sg.branchcamid, tt.roomid
, (select max(t.semid) from timetable t where t.removeat = 'No' and t.stugroid = 1) AS maxsem
from timetable tt join 
(student_group sg join (branch_campus bc join branch b on (bc.branchid=b.branchid)) on (sg.branchcamid=bc.branchcamid)) on (sg.stugroid=tt.stugroid)
where sg.removeat='No' and tt.removeat='No' and bc.removeat='No' and b.removeat='No' and b.branchid!=1 group by sg.stugroid, tt.semid;

-- search_subject
CREATE  VIEW search_subject AS 
select row_number() over ( order by s.shortnm,s.subjnm,sg.stugronm) AS ssid,
(select concat(min(t.subjdate),' => ',max(t.subjdate)) from timetable t where t.stugroid = sg.stugroid and t.removeat = 'No') AS studytime,
s.subjid AS subjid,s.shortnm AS shortnm, s.subjnm AS subjectname,sd.slots AS slots,concat('Semester ',sd.semid) AS semname,
(select cc.cournm from courses cc where cc.courid = sd.courid and cc.removeat = 'No' and cc.courid!=1) AS coursename,
(select l.fullnm from lecturer l where l.lecturid = tt.attenteaid and l.removeat = 'No') AS teaname,
sg.stugronm AS stugronm,sg.stugroid AS stugroid 
from (((timetable tt join subject_details sd) join subject s) join student_group sg) 
where tt.subjdetailsid = sd.subjdetailsid 
and sd.subjid = s.subjid and tt.stugroid = sg.stugroid and tt.removeat = 'No' 
and sd.removeat = 'No' and s.removeat = 'No' and sg.removeat = 'No' and sd.subjdetailsid!=1 and s.subjid!=1
group by s.shortnm,s.subjnm,sg.stugronm;

-- search_subject_by_date
CREATE  VIEW search_subject_by_date AS 
select row_number() over ( order by s.shortnm,s.subjnm,sg.stugronm) AS ssbdid,
s.subjid AS subjid,tt.subjdate AS subjdate,s.shortnm AS shortnm,
s.subjnm AS subjectname,concat('Semester ',sd.semid) AS semname,
(select cc.cournm from courses cc where cc.courid = sd.courid and cc.removeat = 'No') AS coursename,
(select l.fullnm from lecturer l where l.lecturid = tt.attenteaid and l.removeat = 'No') AS teaname,
sg.stugronm AS stugronm,sg.stugroid AS stugroid 
from (((timetable tt join subject_details sd) join subject s) join student_group sg) 
where tt.subjdetailsid = sd.subjdetailsid and sd.subjid = s.subjid and tt.stugroid = sg.stugroid and tt.removeat = 'No' and sd.removeat = 'No' 
and s.removeat = 'No' and sg.removeat = 'No';

-- subject_subjectdetails
CREATE VIEW subject_subjectdetails AS
    SELECT 
        sd.subjdetailsid AS subjdetailsid,
        sd.slots AS slots,
        sd.fee AS fee,
        sd.subjid AS subjid,
        sd.semid AS semid,
        sd.courid AS courid,
        s.shortnm AS shortnm
    FROM
        (subject_details sd
        JOIN subject s)
    WHERE
        sd.subjid = s.subjid
            AND sd.removeat = 'No'
            AND s.removeat = 'No';

-- find_studentgroup
create view find_studentgroup as
SELECT sg.*, bc.branchcamnm, c.cournm 
FROM courses c join (student_group sg join branch_campus bc on (sg.branchcamid=bc.branchcamid)) on (c.courid=sg.courid)
where sg.removeat='No' and bc.removeat='No' and c.courid!=1;

-- student_current_class
create view student_current_class as
SELECT row_number() over ( order by sc.studclassid,sc.stugroid,sc.stuid) AS sccid,sc.studclassid, sc.regissubj, sc.cass, sc.restudytime, sc.semstatus, 
sc.stugroid, sc.stuid ,s.rollnum, s.fullnm, sc.removeat
FROM student_group sg, student_class sc, student s
where sg.stugroid=sc.stugroid and sc.stuid=s.stuid 
and sc.removeat='No' and sg.removeat='No' and s.removeat='No' and sc.cass='current class';

-- student_learn_again
create view student_learn_again as
SELECT row_number() over ( order by sc.studclassid,sc.stugroid,sc.stuid) AS slaid,sc.studclassid, sc.regissubj, sc.cass, sc.restudytime, sc.semstatus, 
sc.stugroid, sc.stuid ,s.rollnum, s.fullnm, sc.removeat
FROM student_group sg, student_class sc, student s
where sg.stugroid=sc.stugroid and sc.stuid=s.stuid 
and sc.removeat='No' and sg.removeat='No' and s.removeat='No' and sc.cass='learn again';

-- Search_Subject_Attendance
Create view Search_Subject_Attendance as
select s.subjid as subjids, s.shortnm, s.subjnm, s.branchid,s.removeat, sd.subjdetailsid as subjidsd, (sd.semid-1) as semid, sd.courid, sg.stugroid
from Student_Group sg, Courses c, Subject_Details sd, Subject s 
where sd.subjid=s.subjid and c.courid=sd.courid and sg.courid=c.courid and sg.removeat='No' and c.removeat='No' and sd.removeat='No' 
and s.removeat='No';

-- find_student_in_attendance
create view find_student_in_attendance as
select row_number() over ( order by tt.stugroid, tt.semid, s.subjid,tt.subjdate, tt.timetableid) AS cosid, sg.branchcamid 
,a.attenid, st.rollnum , st.fullnm , a.present , a.note , a.timetableid , a.stuid, tt.subjdetailsid, tt.stugroid, tt.semid, s.subjid, tt.subjdate, tt.attenedit 
,SUBSTRING(tt.slotofsubjdate, POSITION("?" IN tt.slotofsubjdate)+1, 2) as session, a.removeat
from attendance a, timetable tt, subject_details sd, subject s, student st, student_group sg
where a.timetableid=tt.timetableid and tt.subjdetailsid=sd.subjdetailsid and sd.subjid=s.subjid and a.stuid = st.stuid and tt.stugroid =sg.stugroid 
and a.removeat='No' and tt.removeat='No' and sd.removeat='No' and s.removeat='No' and st.removeat ='No' and sg.removeat ='No';


-- render_teaching_hours
create view Render_Teaching_Hours as
select row_number() over ( order by a.timetableid, t.attenteaid, sg.stugroid) AS rthid,
a.timetableid, t.attenteaid, (select concat(l.rollnum,' - ',l.fullnm) from lecturer l where l.removeat='No' and l.lecturid=t.attenteaid) as teanmaena
,month(t.subjdate) as monthtea,year(t.subjdate) as yeartea, sg.stugronm, t.subjdate,bc.branchcamnm as campusnm, b.branchnm
from attendance a ,timetable t , student_group sg, branch_campus bc , branch b 
where a.timetableid =t.timetableid and t.stugroid =sg.stugroid and sg.branchcamid =bc.branchcamid and b.branchid =bc.branchid 
and a.removeat='No' and t.removeat ='No' and sg.removeat ='No' group by a.timetableid ;

-- ----------------------------------------------------------------------------------------Mr. Chuong
-- render_gpalecturer
CREATE VIEW render_gpalecturer AS
SELECT g.gpalecid, g.gpascore, s.subjnm, stugroup.stugronm, l.fullnm, month(g.gpamonth) AS gpamonth, YEAR(g.gpamonth) as gpayear, g.lecturid, g.gpamonth AS datefeedback,
(SELECT count(month(gl.gpamonth)) from gpa_lecturer gl where gl.removeat='No' and YEAR(gl.gpamonth) = YEAR(g.gpamonth) and month(gl.gpamonth) = month(g.gpamonth) group by month(gl.gpamonth)) as maxmonth
FROM gpa_lecturer g JOIN lecturer l ON g.lecturid = l.lecturid JOIN subject_subjectdetails sub ON g.gpasubject = sub.subjid JOIN subject s ON s.subjid = sub.subjid
JOIN student_group stugroup ON g.gpastudentgroup = stugroup.stugroid;

-- ----------------------------------------------------------------------------------------Mr. Quang
-- Report_Attendance
Create view Report_Attendance as
select row_number() over ( order by a.attenid,a.timetableid, a.stuid) AS raid, a.attenid, a.present, a.timetableid, a.stuid, a.removeat, 
s.fullnm, tt.subjdate,sb.shortnm ,tt.slotofsubjdate, sg.stugroid, tt.semid, sb.subjid, s.rollnum,tt.attenteaid 
from attendance a, timetable tt, student s, student_group sg, subject_details sd, subject sb
where a.timetableid=tt.timetableid and s.stuid=a.stuid and tt.stugroid=sg.stugroid and tt.subjdetailsid=sd.subjdetailsid and sd.subjid=sb.subjid
and a.removeat='No' and tt.removeat='No' and s.removeat='No' and sg.removeat='No' and sd.removeat='No' and sb.removeat='No' order by a.attenid;

-- ----------------------------------------------------------------------------------------Not Used Yet
-- render_subject_attendance
-- CREATE  VIEW render_subject_attendance AS 
-- select row_number() over ( order by tt.stugroid,s.subjid) AS rsaid,
-- s.subjnm AS subjnm, s.shortnm AS shortnm,tt.attenteaid AS attenteaid,tt.stugroid AS stugroid,
-- tt.semid AS semid,s.subjid AS subjid,sd.subjdetailsid AS subjdetailsid 
-- from ((timetable tt join subject_details sd) join subject s) 
-- where tt.subjdetailsid = sd.subjdetailsid and sd.subjid = s.subjid and tt.removeat = 'No' 
-- and sd.removeat = 'No' and s.removeat = 'No' 
-- group by tt.stugroid,s.subjid;

-- -- render_attendance
-- CREATE VIEW render_attendance AS 
-- select row_number() over ( order by tt.stugroid,tt.attenteaid) AS raid,
-- tt.stugroid AS stugroid,sg.stugronm AS stugronm,tt.attenteaid AS attenteaid 
-- from (timetable tt join student_group sg) where tt.stugroid = sg.stugroid 
-- and tt.removeat = 'No' and sg.removeat = 'No' 
-- group by tt.stugroid,tt.attenteaid;

-- -- render_semester_attendance
-- CREATE VIEW render_semester_attendance AS 
-- select row_number() over ( order by tt.stugroid,tt.semid,tt.attenteaid) AS rsaid,
-- tt.stugroid AS stugroid,sg.stugronm AS stugronm,tt.attenteaid AS attenteaid,
-- tt.semid AS semid,count(tt.subjdate) AS amount from (timetable tt 
-- join student_group sg) where tt.stugroid = sg.stugroid and tt.removeat = 'No' 
-- and sg.removeat = 'No' group by tt.stugroid,tt.semid,tt.attenteaid;


-- ----------------------------------------------------------------------------------------  Insert Data ----------------------------------------------------------------------------------------

INSERT INTO `branch` (`branchid`,`branchnm`) VALUES
(1,'No Branch'),
(2,'Aptech'),
(3,'Coking'),
(4,'Jetking'),
(5,'Arena'),
(6,'Skillking');

INSERT INTO `campus` (`campusid`,`campusnm`) VALUES
(1,'FPT Ho Chi Minh'),
(2,'FPT Ha Noi');

INSERT INTO `branch_campus` (`branchcamid`, `branchcamnm`, `address`, `branchid`, `campusid`) VALUES
(1,'FPT Aptech Ho Chi Minh', '590 Cach Mang Thang Tam, District 3, Ho Chi Minh City', 2, 1),
(2,'FPT Aptech Ha Noi', 'Detech Building - FPT University, No. 8, Ton That Thuyet, My Dinh, Tu Liem, Hanoi', 2, 2),
(3,'FPT Coking_392A Ho Chi Minh', '391A, Nam Ky Khoi Nghia, Ward 7, District 3, Ho Chi Minh City', 3, 1),
(4,'FPT Coking_8 Ha Noi', 'No. 8 Ton That Thuyet, My Dinh, Nam Tu Liem, Hanoi', 3, 2),
(5,'FPT Jetking_391A Ho Chi Minh', '391A, Nam Ky Khoi Nghia, Ward 7, District 3, Ho Chi Minh City', 4, 1),
(6,'FPT Jetking_8 Ha Noi', 'No. 8 Ton That Thuyet, My Dinh, Tu Liem, Hanoi', 4, 2),
(7,'FPT Arena_590 Ho Chi Minh', '590 Cach Mang Thang Tam, District 3, Ho Chi Minh City', 5, 1),
(8,'FPT Arena_302 Ho Chi Minh', '302 Nguyen Van Dau, Ward 11, Binh Thanh District, Ho Chi Minh City', 5, 1),
(9,'FPT Skillking_275 Ho Chi Minh', '275 Nguyen Van Dau, Ward 11, Binh Thanh District, Ho Chi Minh City', 6, 1),
(10,'FPT Skillking_302 Ho Chi Minh', '302 Nguyen Van Dau, Ward 11, Binh Thanh District, Ho Chi Minh City', 6, 1),
(11,'FPT Skillking_391A Ho Chi Minh', '391A Nam Ky Khoi Nghia, Ward 7, District 3, Ho Chi Minh City', 6, 1),
(12,'FPT Skillking_94 Ha Noi', '94 Luong Yen, Bach Dang, Hai Ba Trung, Hanoi', 6, 2),
(13,'FPT Skillking_8A Ha Noi', '8A Ton That Thuyet, My Dinh 2, Nam Tu Liem, Hanoi', 6, 2);

INSERT INTO `courses` (`courid`, `cournm`, `branchid`) VALUES
(1, 'No Courses', 1),
(2, 'ACCP OV 7023', 2),
(3, 'HDNSSM', 4),
(4, 'HDDM V2', 6);

INSERT INTO `department` (`depid`, `depnm`, `descriptions`) VALUES
(1, 'Trainning department', 'No Description'),
(2, 'Administrative offices', 'No Description'),
(3, 'Admissions Office', 'No Description');

INSERT INTO `lecturer` (`lecturid`,`rollnum`, `fullnm`, `dob`, `idcard`, `gender`, `email`, `companyemail`, `poi`, `doi`, `phone`, `img`, `contract`, `major`, `lecturertype`, `address`) VALUES
(1, 'lecturer10001', 'Nguyen Van Binh', '1980-05-10', '272706011', 'Male', 'BinhL@gmail.com', 'BinhFPT@fpt.edu.vn', 'HCM', '2000-05-11', '0369874521', 'default_user.png', '13 years', 'Aptech', 'Ordinary', '12A Ly Thuong Kiet, District 3, Ho Chi Minh City'),
(2, 'lecturer10002', 'Pham Thi Lanh', '1981-05-18', '272706012', 'Female', 'LanhL@gmail.com', 'LanhFPT@fpt.edu.vn', 'HCM', '2000-05-05', '0369874522', 'default_user.png', '13 Years', 'Aptech', 'Ordinary', '13A Ly Thuong Kiet, District 3, Ho Chi Minh City'),
(3, 'lecturer10003', 'Tran Phuoc Sinh', '1982-05-04', '272706013', 'Male', 'SinhL@gmail.com', 'SinhFPT@fpt.edu.vn', 'HCM', '2000-05-11', '0369874523', 'default_user.png', '13 years', 'Aptech', 'Ordinary', '14A Ly Thuong Kiet, District 3, Ho Chi Minh City'),
(4, 'lecturer10004', 'Dao Ngoc Anh', '1980-05-05', '272706014', 'Female', 'AnhL@gmail.com', 'AnhFPT@fpt.edu.vn', 'HCM', '2000-05-04', '0369874524', 'default_user.png', '14 years', 'Aptech', 'Ordinary', '15A Ly Thuong Kiet, District 3, Ho Chi Minh City'),
(5, 'lecturer10005', 'Nguyen Van Phong', '1980-05-10', '272706015', 'Male', 'PhongL@gmail.com', 'PhongFPT@fpt.edu.vn', 'HCM', '2000-05-11', '0369874525', 'default_user.png', '13 years', 'Arena', 'Ordinary', '16A Ly Thuong Kiet, District 3, Ho Chi Minh City'),
(6, 'lecturer10006', 'Pham Thi Hong', '1980-05-18', '272706016', 'Female', 'HongL@gmail.com', 'HongFPT@fpt.edu.vn', 'HCM', '2000-05-05', '0369874526', 'default_user.png', '13 Years', 'Aptech', 'Ordinary', '17A Ly Thuong Kiet, District 3, Ho Chi Minh City'),
(7, 'lecturer10007', 'Tran Van Hung', '1980-05-04', '272706017', 'Male', 'HungL@gmail.com', 'HungFPT@fpt.edu.vn', 'HCM', '2000-05-11', '0369874527', 'default_user.png', '13 years', 'Arena', 'Ordinary', '18A Ly Thuong Kiet, District 3, Ho Chi Minh City'),
(8, 'lecturer10008', 'Dao Ngoc Huyen', '1980-05-05', '272706018', 'Female', 'HuyenL@gmail.com', 'HuyenFPT@fpt.edu.vn', 'HCM', '2000-05-04', '0369874528', 'default_user.png', '14 years', 'Aptech', 'Ordinary', '19A Ly Thuong Kiet, District 3, Ho Chi Minh City'),
(9, 'lecturer10009', 'Tran Trung Dau', '1980-05-04', '272706019', 'Male', 'DauL@gmail.com', 'DauFPT@fpt.edu.vn', 'HCM', '2000-05-11', '0369874529', 'default_user.png', '13 years', 'Aptech', 'Ordinary', '20A Ly Thuong Kiet, District 3, Ho Chi Minh City'),
(10, 'lecturer10010', 'Dao Ngoc Kim', '1980-05-05', '272706020', 'Female', 'KimL@gmail.com', 'KimFPT@fpt.edu.vn', 'HCM', '2000-05-04', '0369874530', 'default_user.png', '14 years', 'Arena', 'Ordinary', '21A Ly Thuong Kiet, District 3, Ho Chi Minh City'),
(11, 'lecturer10011', 'Tran Manh Dung', '1987-05-05', '289706020', 'Male', 'manhdung10011@gmail.com', 'manhdung10011@fpt.edu.vn', 'HCM', '2000-05-04', '0859874530', 'default_user.png', '10 years', 'Jetking', 'Ordinary', '21A Le Duan, District 1, Ho Chi Minh City'),
(12, 'lecturer10012', 'Ngo Minh Hieu', '1982-05-05', '289703020', 'Male', 'minhhieupc@gmail.com', 'minhhieupc@fpt.edu.vn', 'HCM', '2000-05-04', '0858974530', 'default_user.png', '8 years', 'Jetking', 'Ordinary', '112A Vo Thi Sau, District 1, Ho Chi Minh City'),
(13, 'lecturer10013', 'Nguyen Phuoc An Khang', '1985-05-05', '267706020', 'Male', 'ankhang10013@gmail.com', 'ankhang10013@fpt.edu.vn', 'HCM', '2000-05-04', '0851174530', 'default_user.png', '10 years', 'Skillking', 'Ordinary', '89 Ngo Gia Tu, District 10, Ho Chi Minh City'),
(14, 'lecturer10014', 'Pham Thi Van Anh', '1988-05-05', '282706020', 'Female', 'vananh10014@gmail.com', 'vananh10014@fpt.edu.vn', 'HCM', '2000-05-04', '0855274530', 'default_user.png', '5 years', 'Skillking', 'Ordinary', '223 Dien Bien Phu, District 3, Ho Chi Minh City');

INSERT INTO `lecturer_account` (`teaaccid`, `rollnum`, `pass`, `lecturid`) VALUES
(1, 'lecturer10001', '123', 1),
(2, 'lecturer10002', '123', 2),
(3, 'lecturer10003', '123', 3),
(4, 'lecturer10004', '123', 4),
(5, 'lecturer10005', '123', 5),
(6, 'lecturer10006', '123', 6),
(7, 'lecturer10007', '123', 7),
(8, 'lecturer10008', '123', 8),
(9, 'lecturer10009', '123', 9),
(10, 'lecturer10010', '123', 10),
(11, 'lecturer10011', '123', 11),
(12, 'lecturer10012', '123', 12),
(13, 'lecturer10013', '123', 13),
(14, 'lecturer10014', '123', 14);


INSERT INTO `role` (`roleid`, `rolenm`, `descriptions`) VALUES
(1, 'Administration', 'No Decsription'),
(2, 'Moderate', 'No Decsription');


INSERT INTO `room` (`roomid`, `roomnm`, `campusid`) VALUES
(1, '201', 1),
(2, '202', 1),
(3, '203', 1),
(4, '301', 1),
(5, '302', 1),
(6, '303', 1);


INSERT INTO `semester` (`semid`, `semnm`) VALUES
(1, 'No Semester'),
(2, 'Semester 1'),
(3, 'Semester 2'),
(4, 'Semester 3'),
(5, 'Semester 4');


INSERT INTO `staff` (`staffid`, `rollnum`, `fullnm`, `dob`, `idcard`, `gender`, `email`, `companyemail`, `doi`, `poi`, `phone`, `img`, `contract`, `address`, `depid`, `roleid`) VALUES
(1, 'staff10001', 'Dang Xuan Quang', '1980-05-13', '272761234', 'Male', 'QuangS@gmail.com', 'QuangFPT@gamil.com', '2000-05-26', 'HCM', '0359778420', 'default_user.png', '3 year', '12A Cach Mang Thang Tam, District 3, Ho Chi Minh City', 1, 1),
(2, 'staff10002', 'Ngo Hoang An', '1980-05-11', '272762234', 'Other', 'AnS@gmail.com', 'AnFPT@gmail.com', '2000-05-26', 'HCM', '0359678420', 'default_user.png', '3 year', '13A Cach Mang Thang Tam, District 3, Ho Chi Minh City', 3, 2),
(3, 'staff10003', 'Nguyen Chi Thanh', '1980-05-19', '272763234', 'Male', 'ThanhS@gmail.com', 'ThanhFPT@gmail.com', '2000-05-26', 'HCM', '0359578420', 'default_user.png', '3 years', '14A Cach Mang Thang Tam, District 3, Ho Chi Minh City', 2, 2),
(4, 'staff10004', 'Dang Hong Chuong', '1980-05-13', '272764234', 'Male', 'ChuongS@gmail.com', 'ChuongFPT@gmail.com', '2000-05-26', 'HCM', '0359478420', 'default_user.png', '3 year', '15A Cach Mang Thang Tam, District 3, Ho Chi Minh City', 3, 2),
(5, 'staff10005', 'Nguyen Duc Anh ', '1980-05-19', '272765234', 'Male', 'AnhS@gmail.com', 'AnhFPT@gmail.com', '2000-05-26', 'HCM', '0359378420', 'default_user.png', '2 year', '16A Cach Mang Thang Tam, District 3, Ho Chi Minh City', 3, 2);


INSERT INTO `staff_account` (`staffaccid`, `rollnum`, `pass`, `staffid`) VALUES
(1, 'staff10001', '123', 1),
(2, 'staff10002', '123', 2),
(3, 'staff10003', '123', 3),
(4, 'staff10004', '123', 4),
(5, 'staff10005', '123', 5);


INSERT INTO `student` (`stuid`, `rollnum`, `fullnm`, `dob`, `gender`, `idcard`, `doi`, `poi`, `mobphone`, `email`, `collegeemail`, `img`, `major`, `stustatus`, `address`) VALUES
(1, 'Student1', 'Vo Trung Hau', '1999-05-19', 'Male', '272761212', '2021-05-12', 'HCM', '0359778555', 'Hau1@gmai.com', 'HauFPT1@fpt.edu.vn', 'default_user.png', 'Aptech', 'Studying', '17A Cach Mang Thang Tam, District 3, Ho Chi Minh City'),
(2, 'Student2', 'Nguyen Hoang An ', '1999-05-13', 'Male', '272761213', '2021-05-20', 'HCM', '0359778556', 'An2@gmail.com', 'AnFPT2@fpt.edu.vn', 'default_user.png', 'Aptech', 'Studying', '18A Cach Mang Thang Tam, District 3, Ho Chi Minh City'),
(3, 'Student3', 'Bui Gia Hung', '1999-05-14', 'Female', '272761214', '2021-05-21', 'HCM', '0359778557', 'Hung3@gmail.com', 'HungFPT3@fpt.edu.vn', 'default_user.png', 'Aptech', 'Studying', '19A Cach Mang Thang Tam, District 3, Ho Chi Minh City'),
(4, 'Student4', 'Tran Kim Dat', '1999-05-12', 'Male', '272761215', '2021-05-13', 'HCM', '0359778558', 'dat4@gmail.com', 'DatFPT4@fpt.edu.vn', 'default_user.png', 'Aptech', 'Studying', '20A Cach Mang Thang Tam, District 3, Ho Chi Minh City'),
(5, 'Student5', 'Nguyen Hoang Tien Trung', '1999-05-14', 'Female', '272761216', '2021-05-06', 'HCM', '0359778559', 'Trung5@gmail.com', 'TrungFPT5@fpt.edu.vn', 'default_user.png', 'Aptech', 'Studying', '21A Cach Mang Thang Tam, District 3, Ho Chi Minh City'),
(6, 'Student6', 'Vo Trung Kien', '1999-05-19', 'Male', '272761217', '2021-05-12', 'HCM', '0359778560', 'Kien6@gmai.com', 'KienFPT6@fpt.edu.vn', 'default_user.png', 'Aptech', 'Studying', '22A Cach Mang Thang Tam, District 3, Ho Chi Minh City'),
(7, 'Student7', 'Nguyen Hoang Minh ', '1999-05-13', 'Male', '272761218', '2021-05-20', 'HCM', '0359778561', 'Minh7@gmail.com', 'MinhFPT7@fpt.edu.vn', 'default_user.png', 'Aptech', 'Studying', '23A Cach Mang Thang Tam, District 3, Ho Chi Minh City'),
(8, 'Student8', 'Bui Gia Quyen', '1999-05-14', 'Male', '272761219', '2021-05-21', 'HCM', '0359778562', 'Quyen8@gmail.com', 'QuyenFPT8@fpt.edu.vn', 'default_user.png', 'Aptech', 'Studying', '24A Cach Mang Thang Tam, District 3, Ho Chi Minh City'),
(9, 'Student9', 'Tran Kim Phong', '1999-05-12', 'Female', '272761220', '2021-05-13', 'HCM', '0359778563', 'Phong9@gmail.com', 'PhongFPT9@fpt.edu.vn', 'default_user.png', 'Aptech', 'Studying', '25A Cach Mang Thang Tam, District 3, Ho Chi Minh City'),
(10, 'Student10', 'Nguyen Hoang Tien Phat', '1999-05-14', 'Male', '272761221', '2021-05-06', 'HCM', '0359778564', 'Phat10@gmail.com', 'PhatFPT10@fpt.edu.vn', 'default_user.png', 'Aptech', 'Studying', '26A Cach Mang Thang Tam, District 3, Ho Chi Minh City'),
(11, 'Student11', 'Phat Hoang Tien Sau', '1999-01-14', 'Male', '272761211', '2021-05-06', 'HCM', '0359452011', 'Sau11@gmail.com', 'SauFPT11@fpt.edu.vn', 'default_user.png', 'Aptech', 'Studying', '27A Cach Mang Thang Tam, District 3, Ho Chi Minh City'),
(12, 'Student12', 'Nguyen Hoang Tien La', '1979-02-14', 'Female', '272761312', '2021-05-06', 'HCM', '0359452012', 'La12@gmail.com', 'LaFPT12@fpt.edu.vn', 'default_user.png', 'Aptech', 'Studying', '28A Cach Mang Thang Tam, District 3, Ho Chi Minh City'),
(13, 'Student13', 'Thi Hoang Tien Tho', '1989-03-14', 'Male', '272762213', '2021-03-06', 'HCM', '0359452013', 'Tho13@gmail.com', 'ThoFPT13@fpt.edu.vn', 'default_user.png', 'Aptech', 'Studying', '29A Cach Mang Thang Tam, District 3, Ho Chi Minh City'),
(14, 'Student14', 'Nguyen Hoang Tien Phat Hoang', '1999-04-14', 'Male', '272771214', '2021-05-06', 'HCM', '0359452014', 'PhatHoang14@gmail.com', 'PhatHoangFPT14@fpt.edu.vn', 'default_user.png', 'Aptech', 'Studying', '30A Cach Mang Thang Tam, District 3, Ho Chi Minh City'),
(15, 'Student15', 'Nguyen Hoang Tien Phan Binh', '1997-05-14', 'Male', '272790266', '2021-05-06', 'HCM', '0359452015', 'PhanBinh15@gmail.com', 'PhanBinhFPT15@fpt.edu.vn', 'default_user.png', 'Aptech', 'Studying', '31A Cach Mang Thang Tam, District 3, Ho Chi Minh City'),
(16, 'Student16', 'Phan Hoang Tien Dua', '1999-06-14', 'Female', '272790261', '2021-05-06', 'HCM', '0359452016', 'Dua16@gmail.com', 'DuaFPT16@fpt.edu.vn', 'default_user.png', 'Aptech', 'Studying', '32A Cach Mang Thang Tam, District 3, Ho Chi Minh City'),
(17, 'Student17', 'Nguyen Hoang Tien Hau', '1999-07-14', 'Female', '272790262', '2021-05-06', 'HCM', '0359452017', 'Hau17@gmail.com', 'HauFPT17@fpt.edu.vn', 'default_user.png', 'Aptech', 'Studying', '33A Cach Mang Thang Tam, District 3, Ho Chi Minh City'),
(18, 'Student18', 'Van Trinh Ngoc', '1991-08-14', 'Female', '272790263', '2021-01-06', 'HCM', '0359452018', 'TrinhNgoc18@gmail.com', 'TrinhNgocFPT18@fpt.edu.vn', 'default_user.png', 'Aptech', 'Studying', '34A Cach Mang Thang Tam, District 3, Ho Chi Minh City'),
(19, 'Student19', 'Nguyen Ngoc Trinh', '1992-09-14', 'Male', '272790264', '2021-08-06', 'HCM', '0359452019', 'NgocTrinh19@gmail.com', 'NgocTrinhFPT19@fpt.edu.vn', 'default_user.png', 'Aptech', 'Studying', '35A Cach Mang Thang Tam, District 3, Ho Chi Minh City'),
(20, 'Student20', 'Nguyen Cam Tho', '1988-10-14', 'Male', '272790265', '2021-05-06', 'HCM', '0359452010', 'CamTho20@gmail.com', 'CamThoFPT20@fpt.edu.vn', 'default_user.png', 'Aptech', 'Studying', '36A Cach Mang Thang Tam, District 3, Ho Chi Minh City'),
(21, 'Student21', 'Tran Cam Hoang', '1999-11-14', 'Female', '272790267', '2021-05-06', 'HCM', '0359452021', 'PhatCamTran21@gmail.com', 'PhatFPT21@fpt.edu.vn', 'default_user.png', 'Aptech', 'Studying', '37A Cach Mang Thang Tam, District 3, Ho Chi Minh City'),
(22, 'Student22', 'Nguyen Hoang Bi', '1999-12-14', 'Male', '272790268', '2021-09-06', 'HCM', '0359452031', 'Bi22@gmail.com', 'BiFPT22@fpt.edu.vn', 'default_user.png', 'Aptech', 'Studying', '38A Cach Mang Thang Tam, District 3, Ho Chi Minh City'),
(23, 'Student23', 'Bui Hoang Tien Sinh', '1989-01-24', 'Male', '272790269', '2021-02-06', 'HCM', '0359452041', 'SinhTien23@gmail.com', 'SinhTienFPT23@fpt.edu.vn', 'default_user.png', 'Aptech', 'Studying', '39A Cach Mang Thang Tam, District 3, Ho Chi Minh City'),
(24, 'Student24', 'Nguyen Hoang Phan', '1999-02-24', 'Female', '272790270', '2021-05-06', 'HCM', '0359452051', 'PhanHoang24@gmail.com', 'PhanHoangFPT24@fpt.edu.vn', 'default_user.png', 'Aptech', 'Studying', '40A Cach Mang Thang Tam, District 3, Ho Chi Minh City'),
(25, 'Student25', 'Nguyen Tien Phat', '1987-03-20', 'Female', '272790271', '2021-02-06', 'HCM', '0359452061', 'PhatTien25@gmail.com', 'PhatTienFPT25@fpt.edu.vn', 'default_user.png', 'Aptech', 'Studying', '41A Cach Mang Thang Tam, District 3, Ho Chi Minh City'),
(26, 'Student26', 'Tran Ngoc Tien Phat', '1999-04-24', 'Male', '272790272', '2021-05-06', 'HCM', '0359452071', 'PhatTienNgoc26@gmail.com', 'PhatTienNgocFPT26@fpt.edu.vn', 'default_user.png', 'Aptech', 'Studying', '42A Cach Mang Thang Tam, District 3, Ho Chi Minh City'),
(27, 'Student27', 'Phan Nguyen Tien Nhu', '1999-05-24', 'Female', '272790273', '2021-05-11', 'HCM', '0359452081', 'NhuTienHoang27@gmail.com', 'NhuTienHoangFPT27@fpt.edu.vn', 'default_user.png', 'Aptech', 'Studying', '43A Cach Mang Thang Tam, District 3, Ho Chi Minh City'),
(28, 'Student28', 'Hoang Tien Phat', '1993-06-21', 'Male', '272790274', '2021-05-12', 'HCM', '0359452091', 'PhatTienHoang28@gmail.com', 'PhatFPT28@fpt.edu.vn', 'default_user.png', 'Aptech', 'Studying', '44A Cach Mang Thang Tam, District 3, Ho Chi Minh City'),
(29, 'Student29', 'Phan Ngoc Trinh Phan', '1994-07-14', 'Female', '272790275', '2021-06-06', 'HCM', '0359452101', 'PhanNgocTrinh29@gmail.com', 'PhanNgocTrinhFPT29@fpt.edu.vn', 'default_user.png', 'Aptech', 'Studying', '45A Cach Mang Thang Tam, District 3, Ho Chi Minh City'),
(30, 'Student30', 'Nguyen Hoang Tien Anh', '1995-09-14', 'Male', '272790276', '2021-05-06', 'HCM', '0359452111', 'AnhTienHoang30@gmail.com', 'AnhTienHoangFPT30@fpt.edu.vn', 'default_user.png', 'Aptech', 'Studying', '46A Cach Mang Thang Tam, District 3, Ho Chi Minh City'),
(31, 'Student31', 'Nguyen Xuan Quynh', '1995-09-14', 'Male', '262821271', '2021-08-01', 'HCM', '0359490121', 'XuanQuynhNguyen31@gmail.com', 'XuanQuynhNguyenFPT31@fpt.edu.vn', 'default_user.png', 'Aptech', 'Studying', '47A Cach Mang Thang Tam, District 3, Ho Chi Minh City'),
(32, 'Student32', 'Nguyen Huy Thanh', '1994-09-14', 'Male', '262821272', '2021-09-02', 'HCM', '0359490122', 'HuyThanhNguyen32@gmail.com', 'HuyThanhNguyenFPT32@fpt.edu.vn', 'default_user.png', 'Aptech', 'Studying', '48A Cach Mang Thang Tam, District 3, Ho Chi Minh City'),
(33, 'Student33', 'Tran Xuan Mai', '1995-09-14', 'Female', '262821273', '2021-10-03', 'HCM', '0359490123', 'XuanMaiTran33@gmail.com', 'XuanMaiTranFPT33@fpt.edu.vn', 'default_user.png', 'Aptech', 'Studying', '49A Cach Mang Thang Tam, District 3, Ho Chi Minh City'),
(34, 'Student34', 'Le Van Si', '1995-09-14', 'Male', '262821274', '2021-06-04', 'HCM', '0359490124', 'SiVanLe34@gmail.com', 'SiVanLeFPT34@fpt.edu.vn', 'default_user.png', 'Aptech', 'Studying', '50A Cach Mang Thang Tam, District 3, Ho Chi Minh City'),
(35, 'Student35', 'Tran Quang Khai', '1996-09-14', 'Other', '262821275', '2021-02-05', 'HCM', '0359490125', 'KhaiQuangTran35@gmail.com', 'KhaiQuangTranFPT35@fpt.edu.vn', 'default_user.png', 'Aptech', 'Studying', '51A Cach Mang Thang Tam, District 3, Ho Chi Minh City'),
(36, 'Student36', 'Tran Le Quoc Anh', '1995-09-14', 'Male', '262821276', '2021-03-06', 'HCM', '0359490126', 'AnhQuocLeTran36@gmail.com', 'AnhQuocLeTranFPT36@fpt.edu.vn', 'default_user.png', 'Aptech', 'Studying', '52A Cach Mang Thang Tam, District 3, Ho Chi Minh City'),
(37, 'Student37', 'Tran Hoang Diep Anh', '1995-09-14', 'Female', '262821277', '2021-02-07', 'HCM', '0359490127', 'DiepAnhHoangTran37@gmail.com', 'DiepAnhHoangTranFPT37@fpt.edu.vn', 'default_user.png', 'Aptech', 'Studying', '53A Cach Mang Thang Tam, District 3, Ho Chi Minh City'),
(38, 'Student38', 'Nguyen Tran Tu Xuyen', '1991-09-14', 'Female', '262821278', '2021-08-08', 'HCM', '0359490128', 'TuXuyenTranNguyen38@gmail.com', 'TuXuyenTranNguyenFPT38@fpt.edu.vn', 'default_user.png', 'Aptech', 'Studying', '54A Cach Mang Thang Tam, District 3, Ho Chi Minh City'),
(39, 'Student39', 'Nguyen Phan Van Tri', '1995-09-14', 'Male', '262821279', '2021-09-09', 'HCM', '0359490129', 'TriVanPhanNguyen39@gmail.com', 'TriVanPhanNguyenFPT39@fpt.edu.vn', 'default_user.png', 'Aptech', 'Studying', '55A Cach Mang Thang Tam, District 3, Ho Chi Minh City'),
(40, 'Student40', 'Nguyen Ngo Tat Thanh', '1992-09-14', 'Other', '262821280', '2021-05-10', 'HCM', '0359490101', 'ThanhTatNgoNguyen40@gmail.com', 'ThanhTatNgoNguyenFPT40@fpt.edu.vn', 'default_user.png', 'Aptech', 'Studying', '56A Cach Mang Thang Tam, District 3, Ho Chi Minh City'),
(41, 'Student41', 'Ngo Phan Bao Binh', '1991-09-14', 'Male', '261990271', '2021-05-11', 'HCM', '0359499121', 'BinhBaoPhanNguyen41@gmail.com', 'BinhBaoPhanNguyenFPT41@fpt.edu.vn', 'default_user.png', 'Aptech', 'Studying', '57A Cach Mang Thang Tam, District 3, Ho Chi Minh City'),
(42, 'Student42', 'Nguyen Hoang Kim Ly', '1995-09-14', 'Other', '261990272', '2021-07-12', 'HCM', '0359499122', 'LyKimHoangNguyen42@gmail.com', 'LyKimHoangNguyenFPT42@fpt.edu.vn', 'default_user.png', 'Aptech', 'Studying', '58A Cach Mang Thang Tam, District 3, Ho Chi Minh City'),
(43, 'Student43', 'Nguyen Phan Huynh Hoang', '1995-09-14', 'Female', '261990273', '2021-05-13', 'HCM', '0359499123', 'HoangHuynhPhanNguyen43@gmail.com', 'HoangHuynhPhanNguyenFPT43@fpt.edu.vn', 'default_user.png', 'Aptech', 'Studying', '59A Cach Mang Thang Tam, District 3, Ho Chi Minh City'),
(44, 'Student44', 'Nguyen Phan Van Ban', '1993-09-14', 'Male', '261990274', '2021-07-14', 'HCM', '0359499124', 'BanVanPhanNguyen44@gmail.com', 'BanVanPhanNguyenFPT44@fpt.edu.vn', 'default_user.png', 'Aptech', 'Studying', '60A Cach Mang Thang Tam, District 3, Ho Chi Minh City'),
(45, 'Student45', 'Quynh Trinh To Nhu', '1995-09-14', 'Male', '261990275', '2021-06-15', 'HCM', '0359499125', 'NhuToTrinhQuynh45@gmail.com', 'NhuToTrinhQuynhFPT45@fpt.edu.vn', 'default_user.png', 'Aptech', 'Studying', '61A Cach Mang Thang Tam, District 3, Ho Chi Minh City'),
(46, 'Student46', 'Nguyen Thi Xuan Hoang', '1995-09-14', 'Male', '261990276', '2021-05-16', 'HCM', '0359499126', 'HoangXuanThiNguyen46@gmail.com', 'HoangXuanThiNguyenFPT46@fpt.edu.vn', 'default_user.png', 'Aptech', 'Studying', '62A Cach Mang Thang Tam, District 3, Ho Chi Minh City'),
(47, 'Student47', 'Nguyen Phan Huy Thanh', '1995-09-14', 'Other', '261990277', '2021-03-17', 'HCM', '0359499127', 'ThanhHuyPhanNguyen47@gmail.com', 'ThanhHuyPhanNguyenFPT47@fpt.edu.vn', 'default_user.png', 'Aptech', 'Studying', '63A Cach Mang Thang Tam, District 3, Ho Chi Minh City'),
(48, 'Student48', 'Ngoc Thi Ngoc Dau', '1997-09-14', 'Female', '261990278', '2021-05-18', 'HCM', '0359499128', 'DauNgocThiNgoc48@gmail.com', 'DauNgocThiNgocFPT48@fpt.edu.vn', 'default_user.png', 'Aptech', 'Studying', '64A Cach Mang Thang Tam, District 3, Ho Chi Minh City'),
(49, 'Student49', 'Dao Nguyen Xuan Quynh', '1995-09-14', 'Male', '261990279', '2021-01-19', 'HCM', '0359499129', 'QuynhXuanNguyenDao49@gmail.com', 'QuynhXuanNguyenDaoFPT49@fpt.edu.vn', 'default_user.png', 'Aptech', 'Studying', '65A Cach Mang Thang Tam, District 3, Ho Chi Minh City'),
(50, 'Student50', 'Phan Van Tai Em', '1999-09-14', 'Male', '261990260', '2021-02-20', 'HCM', '0359499191', 'TaiEmVanNguyen50@gmail.com', 'TaiEmVanNguyenFPT50@fpt.edu.vn', 'default_user.png', 'Aptech', 'Studying', '66A Cach Mang Thang Tam, District 3, Ho Chi Minh City'),
(51, 'Student51', 'Phan Van Bao Vy', '1998-09-14', 'Male', '278190271', '2021-05-01', 'HCM', '0359897211', 'VyBaoVanPhan51@gmail.com', 'VyBaoVanPhanFPT51@fpt.edu.vn', 'default_user.png', 'Arena', 'Studying', '67A Cach Mang Thang Tam, District 3, Ho Chi Minh City'),
(52, 'Student52', 'Nguyen Thi Cat Tuong', '1995-09-14', 'Other', '278190272', '2021-05-02', 'HCM', '0359897212', 'CatTuongThiNguyen52@gmail.com', 'CatTuongThiNguyenFPT52@fpt.edu.vn', 'default_user.png', 'Arena', 'Studying', '68A Cach Mang Thang Tam, District 3, Ho Chi Minh City'),
(53, 'Student53', 'Dao Nguyen Gia Han', '1992-09-14', 'Female', '278190273', '2021-04-03', 'HCM', '0359897213', 'GiaHanDaoNguyen53@gmail.com', 'GiaHanDaoNguyenFPT53@fpt.edu.vn', 'default_user.png', 'Arena', 'Studying', '69A Cach Mang Thang Tam, District 3, Ho Chi Minh City'),
(54, 'Student54', 'Nguyen Phan Hoai An', '1995-09-14', 'Male', '278190274', '2021-05-04', 'HCM', '0359897214', 'HoaiAnPhanNguyen54@gmail.com', 'HoaiAnPhanNguyenFPT54@fpt.edu.vn', 'default_user.png', 'Arena', 'Studying', '70A Cach Mang Thang Tam, District 3, Ho Chi Minh City'),
(55, 'Student55', 'Trinh Thi Kha Ngan', '1995-09-14', 'Female', '278190275', '2021-03-05', 'HCM', '0359897215', 'KhaNganThiTrinh55@gmail.com', 'KhaNganThiTrinhFPT55@fpt.edu.vn', 'default_user.png', 'Arena', 'Studying', '71A Cach Mang Thang Tam, District 3, Ho Chi Minh City'),
(56, 'Student56', 'Nguyen Ngoc Khue', '1993-09-14', 'Male', '278190276', '2021-05-06', 'HCM', '0359897216', 'KhueNgocNguyen56@gmail.com', 'KhueNgocNguyenFPT56@fpt.edu.vn', 'default_user.png', 'Arena', 'Studying', '72A Cach Mang Thang Tam, District 3, Ho Chi Minh City'),
(57, 'Student57', 'Tran Thi Phuc Anh', '1995-09-14', 'Other', '278190277', '2021-02-07', 'HCM', '0359897217', 'PhanAnhThiTran57@gmail.com', 'PhanAnhThiTranFPT57@fpt.edu.vn', 'default_user.png', 'Arena', 'Studying', '73A Cach Mang Thang Tam, District 3, Ho Chi Minh City'),
(58, 'Student58', 'Nguyen Bich Ha', '1995-09-14', 'Male', '278190278', '2021-05-08', 'HCM', '0359897218', 'HaBichNguyen58@gmail.com', 'HaBichNguyenFPT58@fpt.edu.vn', 'default_user.png', 'Arena', 'Studying', '74A Cach Mang Thang Tam, District 3, Ho Chi Minh City'),
(59, 'Student59', 'Nguyen An Ngoc', '1991-09-14', 'Female', '278190279', '2021-01-09', 'HCM', '0359897219', 'NgocAnNguyen59@gmail.com', 'NgocAnNguyenFPT59@fpt.edu.vn', 'default_user.png', 'Arena', 'Studying', '75A Cach Mang Thang Tam, District 3, Ho Chi Minh City'),
(60, 'Student60', 'Phan Thi Yen Nhi', '1995-09-14', 'Male', '278190801', '2021-11-10', 'HCM', '0359897261', 'YenNhiThiPhan60@gmail.com', 'YenNhiThiPhanFPT60@fpt.edu.vn', 'default_user.png', 'Arena', 'Studying', '76A Cach Mang Thang Tam, District 3, Ho Chi Minh City'),
(61, 'Student61', 'Tran Phan An Nhien', '1996-09-14', 'Male', '290090271', '2021-12-11', 'HCM', '0359489271', 'AnNhienPhanTran61@gmail.com', 'AnNhienPhanTranFPT61@fpt.edu.vn', 'default_user.png', 'Arena', 'Studying', '77A Cach Mang Thang Tam, District 3, Ho Chi Minh City'),
(62, 'Student62', 'Hoang Van Mai', '1995-09-14', 'Male', '290090272', '2021-11-12', 'HCM', '0359489272', 'MaiVanHoang62@gmail.com', 'MaiVanHoangFPT62@fpt.edu.vn', 'default_user.png', 'Arena', 'Studying', '78A Cach Mang Thang Tam, District 3, Ho Chi Minh City'),
(63, 'Student63', 'Hoang Thi Hoai Thuong', '1995-09-14', 'Male', '290090273', '2021-07-13', 'HCM', '0359489273', 'HoaiThuongThiHoang63@gmail.com', 'HoaiThuongThiHoangFPT63@fpt.edu.vn', 'default_user.png', 'Arena', 'Studying', '79A Cach Mang Thang Tam, District 3, Ho Chi Minh City'),
(64, 'Student64', 'Nguyen Thi Thien Binh', '1998-09-14', 'Other', '290090274', '2021-02-14', 'HCM', '0359489274', 'ThiBinhThienNguyen64@gmail.com', 'ThiBinhThienNguyenFPT64@fpt.edu.vn', 'default_user.png', 'Arena', 'Studying', '80A Cach Mang Thang Tam, District 3, Ho Chi Minh City'),
(65, 'Student65', 'Nguyen Van Hien Chau', '1995-09-14', 'Female', '290090275', '2021-03-15', 'HCM', '0359489275', 'ChauHienVanNguyen65@gmail.com', 'ChauHienVanNguyenFPT65@fpt.edu.vn', 'default_user.png', 'Arena', 'Studying', '81A Cach Mang Thang Tam, District 3, Ho Chi Minh City'),
(66, 'Student66', 'Nguyen Ngoc Hien', '1997-09-14', 'Male', '290090276', '2021-05-16', 'HCM', '0359489276', 'HienNgocNguyen66@gmail.com', 'HienNgocNguyenFPT66@fpt.edu.vn', 'default_user.png', 'Arena', 'Studying', '82A Cach Mang Thang Tam, District 3, Ho Chi Minh City'),
(67, 'Student67', 'Phan Van Mai Ngoc', '1995-09-14', 'Male', '290090277', '2021-04-17', 'HCM', '0359489277', 'NgocMaiVanPhan67@gmail.com', 'NgocMaiVanPhanFPT67@fpt.edu.vn', 'default_user.png', 'Arena', 'Studying', '83A Cach Mang Thang Tam, District 3, Ho Chi Minh City'),
(68, 'Student68', 'Nguyen Cat Anh', '1995-09-14', 'Male', '290090278', '2021-03-18', 'HCM', '0359489278', 'CatAnhNguyen68@gmail.com', 'CatAnhNguyenFPT68@fpt.edu.vn', 'default_user.png', 'Arena', 'Studying', '84A Cach Mang Thang Tam, District 3, Ho Chi Minh City'),
(69, 'Student69', 'Nguyen An Diep', '1990-09-14', 'Male', '290090279', '2021-02-19', 'HCM', '0359489279', 'NguyenAnDiep69@gmail.com', 'NguyenAnDiepFPT69@fpt.edu.vn', 'default_user.png', 'Arena', 'Studying', '85A Cach Mang Thang Tam, District 3, Ho Chi Minh City'),
(70, 'Student70', 'Tran Thi Phuong Linh', '1991-09-14', 'Female', '290090201', '2021-01-22', 'HCM', '0359489270', 'LinhPhuongThiTran70@gmail.com', 'LinhPhuongThiTranFPT70@fpt.edu.vn', 'default_user.png', 'Arena', 'Studying', '86A Cach Mang Thang Tam, District 3, Ho Chi Minh City'),
(71, 'Student71', 'Hoang Thuy Thai', '1991-09-14', 'Female', '264383301', '2021-01-22', 'HCM', '0569488391', 'ThaiThuyHoang71@gmail.com', 'ThaiThuyHoangFPT71@fpt.edu.vn', 'default_user.png', 'Arena', 'Studying', '86A Cach Mang Thang Tam, District 3, Ho Chi Minh City'),
(72, 'Student72', 'Phan Nhu Le', '1991-01-14', 'Female', '264383302', '2021-01-22', 'HCM', '0569488392', 'LeNhuPhan72@gmail.com', 'LeNhuPhanFPT72@fpt.edu.vn', 'default_user.png', 'Arena', 'Studying', '87A Cach Mang Thang Tam, District 3, Ho Chi Minh City'),
(73, 'Student73', 'Le Van Binh', '1991-02-14', 'Female', '264383303', '2021-01-22', 'HCM', '0569488393', 'BinhVanLe73@gmail.com', 'BinhVanLeFPT73@fpt.edu.vn', 'default_user.png', 'Arena', 'Studying', '88A Cach Mang Thang Tam, District 3, Ho Chi Minh City'),
(74, 'Student74', 'Nguyen An', '1991-03-14', 'Female', '264383304', '2021-01-22', 'HCM', '0569488394', 'AnNguyen74@gmail.com', 'AnNguyenFPT74@fpt.edu.vn', 'default_user.png', 'Arena', 'Studying', '89A Cach Mang Thang Tam, District 3, Ho Chi Minh City'),
(75, 'Student75', 'Phong Nguyen Tran', '1991-04-14', 'Female', '264383305', '2021-01-22', 'HCM', '0569488395', 'TranNguyenPhong75@gmail.com', 'TranNguyenPhongFPT75@fpt.edu.vn', 'default_user.png', 'Arena', 'Studying', '90A Cach Mang Thang Tam, District 3, Ho Chi Minh City'),
(76, 'Student76', 'Tran Van Phong', '1991-05-14', 'Female', '264383306', '2021-01-22', 'HCM', '0569488396', 'PhongVanTran76@gmail.com', 'PhongVanTranFPT76@fpt.edu.vn', 'default_user.png', 'Arena', 'Studying', '91A Cach Mang Thang Tam, District 3, Ho Chi Minh City'),
(77, 'Student77', 'Le Tran Trung Nghia', '1991-06-14', 'Female', '264383307', '2021-01-22', 'HCM', '0569488397', 'NghiaTrungTranLe77@gmail.com', 'NghiaTrungTranLeFPT77@fpt.edu.vn', 'default_user.png', 'Arena', 'Studying', '92A Cach Mang Thang Tam, District 3, Ho Chi Minh City'),
(78, 'Student78', 'Hoang Nguyen Diep Anh', '1991-07-14', 'Female', '264383308', '2021-01-22', 'HCM', '0569488398', 'DiepAnhHoangNguyen78@gmail.com', 'DiepAnhHoangNguyenFPT78@fpt.edu.vn', 'default_user.png', 'Arena', 'Studying', '93A Cach Mang Thang Tam, District 3, Ho Chi Minh City'),
(79, 'Student79', 'Nguyen Tran Xuan Quang', '1991-08-14', 'Female', '264383309', '2021-01-22', 'HCM', '0569488399', 'XuanQuangTranNguyen79@gmail.com', 'XuanQuangTranNguyenFPT79@fpt.edu.vn', 'default_user.png', 'Arena', 'Studying', '94A Cach Mang Thang Tam, District 3, Ho Chi Minh City'),
(80, 'Student80', 'Le Thi Hien', '1991-09-14', 'Female', '264383300', '2021-01-22', 'HCM', '0569488390', 'HienThiLe80@gmail.com', 'HienThiLeFPT80@fpt.edu.vn', 'default_user.png', 'Arena', 'Studying', '95A Cach Mang Thang Tam, District 3, Ho Chi Minh City'),
(81, 'Student81', 'Le Van Quy', '1991-10-14', 'Female', '228397431', '2021-01-22', 'HCM', '0588936271', 'QuyVanLe81@gmail.com', 'QuyVanLeFPT81@fpt.edu.vn', 'default_user.png', 'Arena', 'Studying', '96A Cach Mang Thang Tam, District 3, Ho Chi Minh City'),
(82, 'Student82', 'Le Van Troi', '1991-11-14', 'Female', '228397432', '2021-01-22', 'HCM', '0588936272', 'TroiVanLe82@gmail.com', 'TroiVanLeFPT82@fpt.edu.vn', 'default_user.png', 'Arena', 'Studying', '97A Cach Mang Thang Tam, District 3, Ho Chi Minh City'),
(83, 'Student83', 'Le Van Nhon', '1991-12-14', 'Female', '228397433', '2021-01-22', 'HCM', '0588936273', 'NhonVanLe83@gmail.com', 'NhonVanLeFPT83@fpt.edu.vn', 'default_user.png', 'Arena', 'Studying', '98A Cach Mang Thang Tam, District 3, Ho Chi Minh City'),
(84, 'Student84', 'Le Quynh Quoc Sinh', '1991-01-14', 'Female', '228397434', '2021-01-22', 'HCM', '0588936274', 'SinhQuocQuynhLe84@gmail.com', 'SinhQuocQuynhLeFPT84@fpt.edu.vn', 'default_user.png', 'Arena', 'Studying', '99A Cach Mang Thang Tam, District 3, Ho Chi Minh City'),
(85, 'Student85', 'Phan Van Huynh', '1991-02-14', 'Female', '228397435', '2021-01-22', 'HCM', '0588936275', 'HuynhVanPhan85@gmail.com', 'HuynhVanPhanFPT85@fpt.edu.vn', 'default_user.png', 'Arena', 'Studying', '101A Cach Mang Thang Tam, District 3, Ho Chi Minh City'),
(86, 'Student86', 'Huynh Van Nghe', '1991-03-14', 'Female', '228397436', '2021-01-22', 'HCM', '0588936276', 'NgheVanHuynh86@gmail.com', 'NgheVanHuynhFPT86@fpt.edu.vn', 'default_user.png', 'Arena', 'Studying', '102A Cach Mang Thang Tam, District 3, Ho Chi Minh City'),
(87, 'Student87', 'Huynh Van Ba', '1991-04-14', 'Female', '228397437', '2021-01-22', 'HCM', '0588936277', 'BaVanHuynh87@gmail.com', 'BaVanHuynhFPT87@fpt.edu.vn', 'default_user.png', 'Arena', 'Studying', '103A Cach Mang Thang Tam, District 3, Ho Chi Minh City'),
(88, 'Student88', 'Huynh Nguyen Van Hoa', '1991-05-14', 'Female', '228397438', '2021-01-22', 'HCM', '0588936278', 'VanHoaNguyenHuynh88@gmail.com', 'VanHoaNguyenHuynhFPT88@fpt.edu.vn', 'default_user.png', 'Arena', 'Studying', '104A Cach Mang Thang Tam, District 3, Ho Chi Minh City'),
(89, 'Student89', 'Nguyen Tran Van Hoa', '1991-06-14', 'Female', '228397439', '2021-01-22', 'HCM', '0588936279', 'VanHoaTranNguyen89@gmail.com', 'VanHoaTranNguyenFPT89@fpt.edu.vn', 'default_user.png', 'Arena', 'Studying', '105A Cach Mang Thang Tam, District 3, Ho Chi Minh City'),
(90, 'Student90', 'Tran Ngoc My Le', '1991-07-14', 'Female', '228397430', '2021-01-22', 'HCM', '0588936280', 'MyLeNgocTran90@gmail.com', 'MyLeNgocTranFPT90@fpt.edu.vn', 'default_user.png', 'Arena', 'Studying', '106A Cach Mang Thang Tam, District 3, Ho Chi Minh City'),
(91, 'Student91', 'Tran Phan', '1991-08-14', 'Female', '217472111', '2021-01-22', 'HCM', '0597493721', 'PhanTran91@gmail.com', 'PhanTranFPT91@fpt.edu.vn', 'default_user.png', 'Arena', 'Studying', '107A Cach Mang Thang Tam, District 3, Ho Chi Minh City'),
(92, 'Student92', 'Nguyen Thi My Nu', '1991-09-14', 'Female', '217472112', '2021-01-22', 'HCM', '0597493722', 'MyNuThiNguyen92@gmail.com', 'MyNuThiNguyenFPT92@fpt.edu.vn', 'default_user.png', 'Arena', 'Studying', '108A Cach Mang Thang Tam, District 3, Ho Chi Minh City'),
(93, 'Student93', 'Nguyen Van Hai', '1991-10-14', 'Female', '217472113', '2021-01-22', 'HCM', '0597493723', 'HaiVanNguyen93@gmail.com', 'HaiVanNguyenFPT93@fpt.edu.vn', 'default_user.png', 'Arena', 'Studying', '109A Cach Mang Thang Tam, District 3, Ho Chi Minh City'),
(94, 'Student94', 'Phan Van Trinh', '1991-11-14', 'Female', '217472114', '2021-01-22', 'HCM', '0597493724', 'TrinhVanPhan94@gmail.com', 'TrinhVanPhanFPT94@fpt.edu.vn', 'default_user.png', 'Arena', 'Studying', '110A Cach Mang Thang Tam, District 3, Ho Chi Minh City'),
(95, 'Student95', 'Le Ngoc Trinh', '1991-12-14', 'Female', '217472115', '2021-01-22', 'HCM', '0597493725', 'TrinhNgocLe95@gmail.com', 'TrinhNgocLeFPT95@fpt.edu.vn', 'default_user.png', 'Arena', 'Studying', '111A Cach Mang Thang Tam, District 3, Ho Chi Minh City'),
(96, 'Student96', 'Bui Nguyen An Vy', '1991-10-14', 'Female', '217472116', '2021-01-22', 'HCM', '0597493726', 'AnVyNguyenBui96@gmail.com', 'AnVyNguyenBuiFPT96@fpt.edu.vn', 'default_user.png', 'Arena', 'Studying', '112A Cach Mang Thang Tam, District 3, Ho Chi Minh City'),
(97, 'Student97', 'Le Hoang Dieu', '1991-11-14', 'Female', '217472117', '2021-01-22', 'HCM', '0597493727', 'HoangDieuLe97@gmail.com', 'HoangDieuLeFPT97@fpt.edu.vn', 'default_user.png', 'Arena', 'Studying', '113A Cach Mang Thang Tam, District 3, Ho Chi Minh City'),
(98, 'Student98', 'Tran Hoang Bo', '1991-11-14', 'Female', '217472118', '2021-01-22', 'HCM', '0597493728', 'BoHoangTran98@gmail.com', 'BoHoangTranFPT98@fpt.edu.vn', 'default_user.png', 'Arena', 'Studying', '114A Cach Mang Thang Tam, District 3, Ho Chi Minh City'),
(99, 'Student99', 'Phan Tang Phuc', '1991-01-14', 'Female', '217472119', '2021-01-22', 'HCM', '0597493729', 'PhucTangPhan99@gmail.com', 'PhucTangPhanFPT99@fpt.edu.vn', 'default_user.png', 'Arena', 'Studying', '115A Cach Mang Thang Tam, District 3, Ho Chi Minh City'),
(100, 'Student100', 'Phan Nguyen Tran An', '1991-02-14', 'Female', '217472110', '2021-01-22', 'HCM', '0597493720', 'AnTranNguyenPhan100@gmail.com', 'AnTranNguyenPhanFPT100@fpt.edu.vn', 'default_user.png', 'Arena', 'Studying', '116A Cach Mang Thang Tam, District 3, Ho Chi Minh City'),
-- Quang 101 -> 131
(101, 'Student101', 'Dinh Manh Ninh', '1997-09-14', 'Male', '2773490201', '2021-01-22', 'HCM', '0859411274', 'dinhmanhninh101@gmail.com', 'dinhmanhninhfpt101@fpt.edu.vn', 'default_user.png', 'Jetking', 'Studying', '86A Tran Hung Dao, District 5, Ho Chi Minh City'),
(102, 'Student102', 'Tran Thanh Tung', '1997-08-14', 'Male', '2773491201', '2021-01-22', 'HCM', '0854129274', 'tranthanhtung102@gmail.com', 'tranthanhtungfpt102@fpt.edu.vn', 'default_user.png', 'Jetking', 'Studying', '226A Tran Hung Dao, District 5, Ho Chi Minh City'),
(103, 'Student103', 'Dang Hong Duc', '1997-05-14', 'Male', '2773492201', '2021-01-22', 'HCM', '0859413274', 'danghongduc103@gmail.com', 'danghongducfpt103@fpt.edu.vn', 'default_user.png', 'Jetking', 'Studying', '116A Tran Hung Dao, District 5, Ho Chi Minh City'),
(104, 'Student104', 'Nguyen Duc Na', '1997-03-14', 'Female', '2773493201', '2021-01-22', 'HCM', '0859414274', 'nguyenducna104@gmail.com', 'nngueynducnafpt104@fpt.edu.vn', 'default_user.png', 'Jetking', 'Studying', '16A Tran Hung Dao, District 5, Ho Chi Minh City'),
(105, 'Student105', 'Nguyen Thi Phuong Trang', '1997-02-14', 'Female', '2773494201', '2021-01-22', 'HCM', '0859415274', 'phuongtrang105@gmail.com', 'phuongtrangfpt105@fpt.edu.vn', 'default_user.png', 'Jetking', 'Studying', '86A Tran Hung Dao, District 5, Ho Chi Minh City'),
(106, 'Student106', 'Tran Hong Linh', '1997-09-14', 'Female', '2773495201', '2021-01-22', 'HCM', '0859416274', 'tranhonglinh106@gmail.com', 'tranhonglinh10674@fpt.edu.vn', 'default_user.png', 'Jetking', 'Studying', '26A Tran Hung Dao, District 5, Ho Chi Minh City'),
(107, 'Student107', 'Tran Thanh Dat', '1997-09-14', 'Male', '2773496201', '2021-01-22', 'HCM', '0859417274', 'thanhdat107@gmail.com', 'thanhdatfpt107@fpt.edu.vn', 'default_user.png', 'Jetking', 'Studying', '334 Tran Hung Dao, District 5, Ho Chi Minh City'),
(108, 'Student108', 'Tran Tien Vuong', '1997-09-14', 'Male', '2773497201', '2021-01-22', 'HCM', '0859418274', 'vuongdt108@gmail.com', 'vuongdtfpt108@fpt.edu.vn', 'default_user.png', 'Jetking', 'Studying', '221 Tran Hung Dao, District 5, Ho Chi Minh City'),
(109, 'Student109', 'Tran Kim Hien', '1997-09-14', 'Female', '2773568201', '2021-01-22', 'HCM', '0859419274', 'kimhien109@gmail.com', 'kimhienfpt109@fpt.edu.vn', 'default_user.png', 'Jetking', 'Studying', '24 Tran Hung Dao, District 5, Ho Chi Minh City'),
(110, 'Student110', 'Tran Duc Bo', '1997-09-14', 'Male', '2773498201', '2021-01-22', 'HCM', '0859420274', 'tranducbo110@gmail.com', 'tranducbofpt110@fpt.edu.vn', 'default_user.png', 'Jetking', 'Studying', '90 Tran Hung Dao, District 5, Ho Chi Minh City'),
(111, 'Student111', 'Phan Than An', '1997-02-14', 'Male', '2773499201', '2021-01-22', 'HCM', '0859421274', 'thanhan111@gmail.com', 'thanhanfpt111@fpt.edu.vn', 'default_user.png', 'Jetking', 'Studying', '1 Tran Hung Dao, District 5, Ho Chi Minh City'),
(112, 'Student112', 'Pham Tan Phat', '1997-09-14', 'Male', '2773481201', '2021-01-22', 'HCM', '0859422274', 'tanphat112@gmail.com', 'tanphatfpt112@fpt.edu.vn', 'default_user.png', 'Jetking', 'Studying', '890 Tran Hung Dao, District 5, Ho Chi Minh City'),
(113, 'Student113', 'Phan Do Anh Vu', '1997-09-22', 'Male', '2773482201', '2021-01-22', 'HCM', '0859423274', 'vuphan113@gmail.com', 'vuphan113fpt113@fpt.edu.vn', 'default_user.png', 'Jetking', 'Studying', '56 Tran Hung Dao, District 5, Ho Chi Minh City'),
(114, 'Student114', 'Nguyen Phuoc Sang', '1997-09-30', 'Male', '2773402201', '2021-01-22', 'HCM', '0859424274', 'phuocsang114@gmail.com', 'phuocsangfpt114@fpt.edu.vn', 'default_user.png', 'Jetking', 'Studying', '79 Tran Hung Dao, District 5, Ho Chi Minh City'),
(115, 'Student115', 'Dang Xuan Hien', '1997-09-14', 'Female', '2773483201', '2021-01-22', 'HCM', '0859425274', 'xuanhien115@gmail.com', 'xuanhienfpt115@fpt.edu.vn', 'default_user.png', 'Jetking', 'Studying', '45 Tran Hung Dao, District 5, Ho Chi Minh City'),
(116, 'Student116', 'Dang Tan Phat', '1997-11-14', 'Male', '2773013201', '2021-01-22', 'HCM', '0859426274', 'phatd116@gmail.com', 'phatdfpt116@fpt.edu.vn', 'default_user.png', 'Jetking', 'Studying', '67 Tran Hung Dao, District 5, Ho Chi Minh City'),
(117, 'Student117', 'Nguyen Truong Son', '1997-09-14', 'Male', '2702483201', '2021-01-22', 'HCM', '0859427274', 'nguyentruongson117@gmail.com', 'nguyentruongsonfpt117@fpt.edu.vn', 'default_user.png', 'Jetking', 'Studying', '86A Tran Hung Dao, District 5, Ho Chi Minh City'),
(118, 'Student118', 'Pham Manh Hung', '1997-09-14', 'Male', '2773484201', '2021-01-22', 'HCM', '0859428274', 'manhhung118@gmail.com', 'manhhung118fpt118@fpt.edu.vn', 'default_user.png', 'Jetking', 'Studying', '86A Tran Hung Dao, District 5, Ho Chi Minh City'),
(119, 'Student119', 'Tran Ngoc Anh Tuan', '1997-09-14', 'Male', '2773485201', '2021-01-22', 'HCM', '0859429274', 'tnat119@gmail.com', 'tnat119fpt119@fpt.edu.vn', 'default_user.png', 'Jetking', 'Studying', '234 Tran Hung Dao, District 5, Ho Chi Minh City'),
(120, 'Student120', 'Thai Tuan Anh', '1997-02-14', 'Male', '2773486201', '2021-01-22', 'HCM', '0859430274', 'tuananhne120@gmail.com', 'tuananhnefpt120@fpt.edu.vn', 'default_user.png', 'Jetking', 'Studying', '900 Tran Hung Dao, District 5, Ho Chi Minh City'),
(121, 'Student121', 'Van Vi Kien', '1997-11-14', 'Male', '2773487201', '2021-01-22', 'HCM', '0859431274', 'vikien121@gmail.com', 'vikienfpt121@fpt.edu.vn', 'default_user.png', 'Jetking', 'Studying', '86A Tran Hung Dao, District 5, Ho Chi Minh City'),
(122, 'Student122', 'Vo Thanh Binh', '1997-09-14', 'Male', '2773488201', '2021-01-22', 'HCM', '0859432274', 'thanhbinh122@gmail.com', 'thanhbinhfpt122@fpt.edu.vn', 'default_user.png', 'Jetking', 'Studying', '826A Tran Hung Dao, District 5, Ho Chi Minh City'),
(123, 'Student123', 'Vo Trung Kien', '1997-10-14', 'Male', '2773489201', '2021-01-22', 'HCM', '0859433274', 'trungkien123@gmail.com', 'trungkienfpt123@fpt.edu.vn', 'default_user.png', 'Jetking', 'Studying', '84 Tran Hung Dao, District 5, Ho Chi Minh City'),
(124, 'Student124', 'Vo Van Vuong', '1997-12-14', 'Male', '2773471201', '2021-01-22', 'HCM', '0859434274', 'vanvuong124@gmail.com', 'vanvuongfpt124@fpt.edu.vn', 'default_user.png', 'Jetking', 'Studying', '86A Tran Hung Dao, District 5, Ho Chi Minh City'),
(125, 'Student125', 'Tran Tuan Anh', '1997-09-14', 'Male', '2773472201', '2021-01-22', 'HCM', '0859435274', 'tuananh125@gmail.com', 'tuananhfpt125@fpt.edu.vn', 'default_user.png', 'Jetking', 'Studying', '86A Tran Hung Dao, District 5, Ho Chi Minh City'),
(126, 'Student126', 'Tran Thi Ngoc Tram', '1998-09-14', 'Female', '2773473201', '2021-01-22', 'HCM', '0859436274', 'ngoctram126@gmail.com', 'ngoctramfpt126@fpt.edu.vn', 'default_user.png', 'Jetking', 'Studying', '16A Tran Hung Dao, District 5, Ho Chi Minh City'),
(127, 'Student127', 'Nguyen Tran Phuc Khoa', '1998-12-14', 'Male', '2773474201', '2021-01-22', 'HCM', '0859437274', 'phuckhoa127@gmail.com', 'phuckhoafpt127@fpt.edu.vn', 'default_user.png', 'Jetking', 'Studying', '90 Tran Hung Dao, District 5, Ho Chi Minh City'),
(128, 'Student128', 'Nguyen Thanh Tam', '1998-01-14', 'Male', '2773475201', '2021-01-22', 'HCM', '0859438274', 'tranthanhtam128@gmail.com', 'tranthanhtamfpt128@fpt.edu.vn', 'default_user.png', 'Jetking', 'Studying', '8A Tran Hung Dao, District 5, Ho Chi Minh City'),
(129, 'Student129', 'Vo Van Toan', '1998-05-22', 'Male', '2773473231', '2021-01-22', 'HCM', '0859439274', 'vovantoan129@gmail.com', 'vovantoanfpt129@fpt.edu.vn', 'default_user.png', 'Jetking', 'Studying', '81A Tran Hung Dao, District 5, Ho Chi Minh City'),
(130, 'Student130', 'Vu Thanh Vinh', '1998-09-14', 'Male', '2773474231', '2021-01-22', 'HCM', '0859440274', 'vuthanhvinh130@gmail.com', 'vuthanhvinhfpt130@fpt.edu.vn', 'default_user.png', 'Jetking', 'Studying', '40A Tran Hung Dao, District 5, Ho Chi Minh City'),
(131, 'Student131', 'Tran Kim Hang', '1998-09-14', 'Female', '2773472101', '2021-01-22', 'HCM', '0859441274', 'trankimhang131@gmail.com', 'trankimhangfpt131@fpt.edu.vn', 'default_user.png', 'Jetking', 'Studying', '86A Tran Hung Dao, District 5, Ho Chi Minh City'),
-- Thanh 132 -> 162
(132, 'Student132', 'Pham Hoan Lan Anh', '1995-09-14', 'Female', '274455371', '2021-05-06', 'HCM', '0861452111', 'LanAnhPham132@gmail.com', 'LanAnhPhamFPT132@fpt.edu.vn', 'default_user.png', 'Skillking', 'Studying', '46A Cach Mang Thang Tam, District 3, Ho Chi Minh City'),
(133, 'Student133', 'Dang Thi Tuyet Mai', '1995-09-14', 'Female', '274455372', '2021-05-06', 'HCM', '0861452112', 'TuyetMaiDang133@gmail.com', 'TuyetMaiDangFPT133@fpt.edu.vn', 'default_user.png', 'Skillking', 'Studying', '46A Cach Mang Thang Tam, District 3, Ho Chi Minh City'),
(134, 'Student134', 'Luong Thi Ngoc Thuy', '1995-09-14', 'Female', '274455373', '2021-05-06', 'HCM', '0861452113', 'NgocThuy134@gmail.com', 'NgocThuyFPT134@fpt.edu.vn', 'default_user.png', 'Skillking', 'Studying', '46A Cach Mang Thang Tam, District 3, Ho Chi Minh City'),
(135, 'Student135', 'Vu Nguyen Ki Duyen', '1995-09-14', 'Female', '274455374', '2021-05-06', 'HCM', '0861452114', 'KiDuyen135@gmail.com', 'KiDuyenFPT135@fpt.edu.vn', 'default_user.png', 'Skillking', 'Studying', '46A Cach Mang Thang Tam, District 3, Ho Chi Minh City'),
(136, 'Student136', 'Nguyen Thuy Hien', '1995-09-14', 'Female', '274455375', '2021-05-06', 'HCM', '0861452115', 'ThuyHienNguyen136@gmail.com', 'ThuyHienNguyenFPT136@fpt.edu.vn', 'default_user.png', 'Skillking', 'Studying', '46A Cach Mang Thang Tam, District 3, Ho Chi Minh City'),
(137, 'Student137', 'Le Bao Nhi', '1995-09-14', 'Female', '274455471', '2021-05-06', 'HCM', '0861462111', 'BaoNhi137@gmail.com', 'BaoNhuFPT137@fpt.edu.vn', 'default_user.png', 'Skillking', 'Studying', '46A Cach Mang Thang Tam, District 3, Ho Chi Minh City'),
(138, 'Student138', 'To Ngoc Que Anh', '1995-09-14', 'Female', '274455472', '2021-05-06', 'HCM', '0861462112', 'QueAnh138@gmail.com', 'QueAnhFPT138@fpt.edu.vn', 'default_user.png', 'Skillking', 'Studying', '46A Cach Mang Thang Tam, District 3, Ho Chi Minh City'),
(139, 'Student139', 'Le Nguyen My Duyen', '1995-09-14', 'Female', '274455473', '2021-05-06', 'HCM', '0861462113', 'MyDuyen139@gmail.com', 'MyDuyenFPT139@fpt.edu.vn', 'default_user.png', 'Skillking', 'Studying', '46A Cach Mang Thang Tam, District 3, Ho Chi Minh City'),
(140, 'Student140', 'Nguyen Ky Duyen', '1995-09-14', 'Female', '274455474', '2021-05-06', 'HCM', '0861822113', 'KyDuyen140@gmail.com', 'KyDuyenFPT140@fpt.edu.vn', 'default_user.png', 'Skillking', 'Studying', '46A Cach Mang Thang Tam, District 3, Ho Chi Minh City'),
(141, 'Student141', 'Tran Nhu Quynh', '1995-09-14', 'Female', '274455475', '2021-05-06', 'HCM', '0861462114', 'NhuQuynh141@gmail.com', 'NhuQuynhFPT141@fpt.edu.vn', 'default_user.png', 'Skillking', 'Studying', '46A Cach Mang Thang Tam, District 3, Ho Chi Minh City'),
(142, 'Student142', 'Nguyen Trung Thu', '1995-09-14', 'Male', '274455571', '2021-05-06', 'HCM', '0861462115', 'TrungThu142@gmail.com', 'TrungThuFPT142@fpt.edu.vn', 'default_user.png', 'Skillking', 'Studying', '46A Cach Mang Thang Tam, District 3, Ho Chi Minh City'),
(143, 'Student143', 'Nguyen Tan Sy', '1995-09-14', 'Male', '274455572', '2021-05-06', 'HCM', '0861472111', 'TanSy143@gmail.com', 'TanSyFPT143@fpt.edu.vn', 'default_user.png', 'Skillking', 'Studying', '46A Cach Mang Thang Tam, District 3, Ho Chi Minh City'),
(144, 'Student144', 'Diep Gia Man', '1995-09-14', 'Female', '274455573', '2021-05-06', 'HCM', '0861472112', 'GiaMan144@gmail.com', 'GiaManFPT144@fpt.edu.vn', 'default_user.png', 'Skillking', 'Studying', '46A Cach Mang Thang Tam, District 3, Ho Chi Minh City'),
(145, 'Student145', 'Nguyen Phuoc Toan', '1995-09-14', 'Male', '274455574', '2021-05-06', 'HCM', '0861472113', 'PhuocToan145@gmail.com', 'PhuocToanFPT145@fpt.edu.vn', 'default_user.png', 'Skillking', 'Studying', '46A Cach Mang Thang Tam, District 3, Ho Chi Minh City'),
(146, 'Student146', 'Hoang The Son', '1995-09-14', 'Male', '274455575', '2021-05-06', 'HCM', '0861472114', 'TheSon146@gmail.com', 'TheSonFPT146@fpt.edu.vn', 'default_user.png', 'Skillking', 'Studying', '46A Cach Mang Thang Tam, District 3, Ho Chi Minh City'),
(147, 'Student147', 'Do Hoang Tu', '1995-09-14', 'Male', '274455671', '2021-05-06', 'HCM', '0861472115', 'HoangTu147@gmail.com', 'HoangTuFPT147@fpt.edu.vn', 'default_user.png', 'Skillking', 'Studying', '46A Cach Mang Thang Tam, District 3, Ho Chi Minh City'),
(148, 'Student148', 'Pham The My', '1995-09-14', 'Female', '274455672', '2021-05-06', 'HCM', '0861482111', 'TheMy148@gmail.com', 'TheMyFPT148@fpt.edu.vn', 'default_user.png', 'Skillking', 'Studying', '46A Cach Mang Thang Tam, District 3, Ho Chi Minh City'),
(149, 'Student149', 'Nguyen Thi Ngoc Hien', '1995-09-14', 'Female', '274455673', '2021-05-06', 'HCM', '0861482112', 'NgocHien149@gmail.com', 'NgocHienFPT149@fpt.edu.vn', 'default_user.png', 'Skillking', 'Studying', '46A Cach Mang Thang Tam, District 3, Ho Chi Minh City'),
(150, 'Student150', 'Nguyen Cong Danh', '1995-09-14', 'Male', '274455674', '2021-05-06', 'HCM', '0861482113', 'CongDanh150@gmail.com', 'CongDanhFPT150@fpt.edu.vn', 'default_user.png', 'Skillking', 'Studying', '46A Cach Mang Thang Tam, District 3, Ho Chi Minh City'),
(151, 'Student151', 'Tran Nhu Ngoc', '1995-09-14', 'Female', '274455675', '2021-05-06', 'HCM', '0861482114', 'NhuNgoc151@gmail.com', 'NhuNgocFPT151@fpt.edu.vn', 'default_user.png', 'Skillking', 'Studying', '46A Cach Mang Thang Tam, District 3, Ho Chi Minh City'),
(152, 'Student152', 'Do Hoang Tien', '1995-09-14', 'Female', '274455771', '2021-05-06', 'HCM', '0861482115', 'HoangTien152@gmail.com', 'HoangTienFPT152@fpt.edu.vn', 'default_user.png', 'Skillking', 'Studying', '46A Cach Mang Thang Tam, District 3, Ho Chi Minh City'),
(153, 'Student153', 'Nguyen Tien Si', '1995-09-14', 'Female', '274455772', '2021-05-06', 'HCM', '0861482116', 'TienSi153@gmail.com', 'TienSiFPT153@fpt.edu.vn', 'default_user.png', 'Skillking', 'Studying', '46A Cach Mang Thang Tam, District 3, Ho Chi Minh City'),
(154, 'Student154', 'Huynh Ngoc Phuong Thao', '1995-09-14', 'Female', '274455773', '2021-05-06', 'HCM', '0861492111', 'PhuongThao154@gmail.com', 'PhuongThaoFPT154@fpt.edu.vn', 'default_user.png', 'Skillking', 'Studying', '46A Cach Mang Thang Tam, District 3, Ho Chi Minh City'),
(155, 'Student155', 'Nguyen Tuyet Van', '1995-09-14', 'Female', '274455774', '2021-05-06', 'HCM', '0861492112', 'TuyetVan155@gmail.com', 'TuyetVanFPT155@fpt.edu.vn', 'default_user.png', 'Skillking', 'Studying', '46A Cach Mang Thang Tam, District 3, Ho Chi Minh City'),
(156, 'Student156', 'Pham Hoang Thanh Thanh', '1995-09-14', 'Female', '274455775', '2021-05-06', 'HCM', '0861492113', 'ThanhThanh156@gmail.com', 'ThanhThanhFPT156@fpt.edu.vn', 'default_user.png', 'Skillking', 'Studying', '46A Cach Mang Thang Tam, District 3, Ho Chi Minh City'),
(157, 'Student157', 'Nguyen Trong Tan', '1995-09-14', 'Female', '274455871', '2021-05-06', 'HCM', '0861492114', 'TrongTan157@gmail.com', 'TrongTanFPT157@fpt.edu.vn', 'default_user.png', 'Skillking', 'Studying', '46A Cach Mang Thang Tam, District 3, Ho Chi Minh City'),
(158, 'Student158', 'Do Hoang Tien Linh', '1995-09-14', 'Female', '274455872', '2021-05-06', 'HCM', '0861492115', 'TienLinh158@gmail.com', 'TienLinhFPT158@fpt.edu.vn', 'default_user.png', 'Skillking', 'Studying', '46A Cach Mang Thang Tam, District 3, Ho Chi Minh City'),
(159, 'Student159', 'Nguyen Van Cao', '1995-09-14', 'Female', '274455873', '2021-05-06', 'HCM', '0861502111', 'VanCao159@gmail.com', 'VanCaoFPT159@fpt.edu.vn', 'default_user.png', 'Skillking', 'Studying', '46A Cach Mang Thang Tam, District 3, Ho Chi Minh City'),
(160, 'Student160', 'Pham Thi Thao Vy', '1995-09-14', 'Female', '274455874', '2021-05-06', 'HCM', '0861502112', 'ThaoVy160@gmail.com', 'ThaoVyFPT160@fpt.edu.vn', 'default_user.png', 'Skillking', 'Studying', '46A Cach Mang Thang Tam, District 3, Ho Chi Minh City'),
(161, 'Student161', 'Nguyen Thi Thao Vy', '1995-09-14', 'Female', '274455875', '2021-05-06', 'HCM', '0861502113', 'ThaoVy161@gmail.com', 'ThaoVyFPT161@fpt.edu.vn', 'default_user.png', 'Skillking', 'Studying', '46A Cach Mang Thang Tam, District 3, Ho Chi Minh City'),
(162, 'Student162', 'Do Tuong Vy', '1995-09-14', 'Female', '274455876', '2021-05-06', 'HCM', '0861502114', 'TuongVy162@gmail.com', 'TuongVyFPT162@fpt.edu.vn', 'default_user.png', 'Skillking', 'Studying', '46A Cach Mang Thang Tam, District 3, Ho Chi Minh City'),
-- An 163 -> 193
(163, 'Student163', 'Dang Thi Tuyet Linh', '1995-09-17', 'Female', '274222372', '2021-05-06', 'HCM', '0391752112', 'TuyetLinhDang163@gmail.com', 'TuyetLinhDangFPT163@fpt.edu.vn', 'default_user.png', 'Aptech', 'Studying', '46A Cach Mang Thang Tam, District 3, Ho Chi Minh City'),
(164, 'Student164', 'Luong Thi Phi Pham', '1995-09-17', 'Female', '274222373', '2021-05-06', 'HCM', '0391752116', 'PhiPhamLuong164@gmail.com', 'PhiPhamLuongFPT164@fpt.edu.vn', 'default_user.png', 'Aptech', 'Studying', '46A Cach Mang Thang Tam, District 3, Ho Chi Minh City'),
(165, 'Student165', 'Vu Nguyen Hoa', '1995-09-17', 'Female', '274222374', '2021-05-06', 'HCM', '0391752117', 'HoaVu165@gmail.com', 'HoaVuFPT165@fpt.edu.vn', 'default_user.png', 'Aptech', 'Studying', '46A Cach Mang Thang Tam, District 3, Ho Chi Minh City'),
(166, 'Student166', 'Nguyen Thuy Diem', '1995-09-17', 'Female', '274222375', '2021-05-06', 'HCM', '0391752115', 'DiemNguyen166@gmail.com', 'DiemNguyenFPT166@fpt.edu.vn', 'default_user.png', 'Aptech', 'Studying', '46A Cach Mang Thang Tam, District 3, Ho Chi Minh City'),
(167, 'Student167', 'Le Bao Dai', '1995-09-17', 'Female', '274222471', '2021-05-06', 'HCM', '0391762111', 'BaoDai167@gmail.com', 'BaoDaiFPT167@fpt.edu.vn', 'default_user.png', 'Aptech', 'Studying', '46A Cach Mang Thang Tam, District 3, Ho Chi Minh City'),
(168, 'Student168', 'To Ngoc Lan Anh', '1995-09-17', 'Female', '274222472', '2021-05-06', 'HCM', '0391762112', 'LanAnh168@gmail.com', 'LanAnhFPT168@fpt.edu.vn', 'default_user.png', 'Aptech', 'Studying', '46A Cach Mang Thang Tam, District 3, Ho Chi Minh City'),
(169, 'Student169', 'Le Nguyen Ky Duyen', '1995-09-17', 'Female', '274222473', '2021-05-06', 'HCM', '0391762116', 'KyDuyen169@gmail.com', 'KyDuyenFPT169@fpt.edu.vn', 'default_user.png', 'Aptech', 'Studying', '46A Cach Mang Thang Tam, District 3, Ho Chi Minh City'),
(170, 'Student170', 'Nguyen Huu Phat', '1995-09-17', 'Female', '274222474', '2021-05-06', 'HCM', '0391766116', 'HuuPhat170@gmail.com', 'HuuPhatFPT170@fpt.edu.vn', 'default_user.png', 'Aptech', 'Studying', '46A Cach Mang Thang Tam, District 3, Ho Chi Minh City'),
(171, 'Student171', 'Tran Truc Quynh', '1995-09-17', 'Female', '274222475', '2021-05-06', 'HCM', '0391762117', 'TrucQuynh171@gmail.com', 'TrucQuynhFPT171@fpt.edu.vn', 'default_user.png', 'Aptech', 'Studying', '46A Cach Mang Thang Tam, District 3, Ho Chi Minh City'),
(172, 'Student172', 'Nguyen Binh Thu', '1995-09-17', 'Male', '274222571', '2021-05-06', 'HCM', '0391762115', 'TrungThu172@gmail.com', 'TrungThuFPT172@fpt.edu.vn', 'default_user.png', 'Aptech', 'Studying', '46A Cach Mang Thang Tam, District 3, Ho Chi Minh City'),
(173, 'Student173', 'Nguyen Tan Tai', '1995-09-17', 'Male', '274222572', '2021-05-06', 'HCM', '0391772111', 'TanSy173@gmail.com', 'TanSyFPT173@fpt.edu.vn', 'default_user.png', 'Aptech', 'Studying', '46A Cach Mang Thang Tam, District 3, Ho Chi Minh City'),
(174, 'Student174', 'Diep Gia Phong', '1995-09-17', 'Female', '274222573', '2021-05-06', 'HCM', '0391772112', 'GiaMan174@gmail.com', 'GiaManFPT174@fpt.edu.vn', 'default_user.png', 'Aptech', 'Studying', '46A Cach Mang Thang Tam, District 3, Ho Chi Minh City'),
(175, 'Student175', 'Nguyen Phuoc Dai', '1995-09-17', 'Male', '274222574', '2021-05-06', 'HCM', '0391772116', 'PhuocToan175@gmail.com', 'PhuocToanFPT175@fpt.edu.vn', 'default_user.png', 'Aptech', 'Studying', '46A Cach Mang Thang Tam, District 3, Ho Chi Minh City'),
(176, 'Student176', 'Hoang Van Son', '1995-09-17', 'Male', '274222575', '2021-05-06', 'HCM', '0391772117', 'TheSon176@gmail.com', 'TheSonFPT176@fpt.edu.vn', 'default_user.png', 'Aptech', 'Studying', '46A Cach Mang Thang Tam, District 3, Ho Chi Minh City'),
(177, 'Student177', 'Do Tu', '1995-09-17', 'Male', '274222671', '2021-05-06', 'HCM', '0391772115', 'HoangTu177@gmail.com', 'HoangTuFPT177@fpt.edu.vn', 'default_user.png', 'Aptech', 'Studying', '46A Cach Mang Thang Tam, District 3, Ho Chi Minh City'),
(178, 'Student178', 'Pham Van My', '1995-09-17', 'Female', '274222672', '2021-05-06', 'HCM', '0391782111', 'TheMy178@gmail.com', 'TheMyFPT178@fpt.edu.vn', 'default_user.png', 'Aptech', 'Studying', '46A Cach Mang Thang Tam, District 3, Ho Chi Minh City'),
(179, 'Student179', 'Nguyen Thi Ngoc Nhu', '1995-09-17', 'Female', '274222673', '2021-05-06', 'HCM', '0391782112', 'NgocHien179@gmail.com', 'NgocHienFPT179@fpt.edu.vn', 'default_user.png', 'Aptech', 'Studying', '46A Cach Mang Thang Tam, District 3, Ho Chi Minh City'),
(180, 'Student180', 'Nguyen Cong Thanh', '1995-09-17', 'Male', '274222674', '2021-05-06', 'HCM', '0391782116', 'CongDanh180@gmail.com', 'CongDanhFPT180@fpt.edu.vn', 'default_user.png', 'Aptech', 'Studying', '46A Cach Mang Thang Tam, District 3, Ho Chi Minh City'),
(181, 'Student181', 'Tran Trung Ngoc', '1995-09-17', 'Female', '274222675', '2021-05-06', 'HCM', '0391782117', 'NhuNgoc181@gmail.com', 'NhuNgocFPT181@fpt.edu.vn', 'default_user.png', 'Aptech', 'Studying', '46A Cach Mang Thang Tam, District 3, Ho Chi Minh City'),
(182, 'Student182', 'Do Hoang Tien Si', '1995-09-17', 'Female', '274222771', '2021-05-06', 'HCM', '0391782118', 'HoangTien182@gmail.com', 'HoangTienFPT182@fpt.edu.vn', 'default_user.png', 'Aptech', 'Studying', '46A Cach Mang Thang Tam, District 3, Ho Chi Minh City'),
(183, 'Student183', 'Nguyen Tien Tai', '1995-09-17', 'Female', '274222772', '2021-05-06', 'HCM', '0391782166', 'TienSi183@gmail.com', 'TienSiFPT183@fpt.edu.vn', 'default_user.png', 'Aptech', 'Studying', '46A Cach Mang Thang Tam, District 3, Ho Chi Minh City'),
(184, 'Student184', 'Huynh Ngoc Thao Phuong', '1995-09-17', 'Female', '274222773', '2021-05-06', 'HCM', '0391792111', 'PhuongThao184@gmail.com', 'PhuongThaoFPT184@fpt.edu.vn', 'default_user.png', 'Aptech', 'Studying', '46A Cach Mang Thang Tam, District 3, Ho Chi Minh City'),
(185, 'Student185', 'Nguyen Thi Tuyet Nhi', '1995-09-17', 'Female', '274222774', '2021-05-06', 'HCM', '0391792112', 'TuyetVan185@gmail.com', 'TuyetVanFPT185@fpt.edu.vn', 'default_user.png', 'Aptech', 'Studying', '46A Cach Mang Thang Tam, District 3, Ho Chi Minh City'),
(186, 'Student186', 'Pham Hoang Thai Thanh', '1995-09-17', 'Female', '274222775', '2021-05-06', 'HCM', '0391792116', 'ThanhThanh186@gmail.com', 'ThanhThanhFPT186@fpt.edu.vn', 'default_user.png', 'Aptech', 'Studying', '46A Cach Mang Thang Tam, District 3, Ho Chi Minh City'),
(187, 'Student187', 'Nguyen Trong Tai', '1995-09-17', 'Female', '274222871', '2021-05-06', 'HCM', '0391792117', 'TrongTan187@gmail.com', 'TrongTanFPT187@fpt.edu.vn', 'default_user.png', 'Aptech', 'Studying', '46A Cach Mang Thang Tam, District 3, Ho Chi Minh City'),
(188, 'Student188', 'Do Hoang Tien Luat', '1995-09-17', 'Female', '274222872', '2021-05-06', 'HCM', '0391792118', 'TienLinh188@gmail.com', 'TienLinhFPT188@fpt.edu.vn', 'default_user.png', 'Aptech', 'Studying', '46A Cach Mang Thang Tam, District 3, Ho Chi Minh City'),
(189, 'Student189', 'Nguyen Van Sinh', '1995-09-17', 'Female', '274222873', '2021-05-06', 'HCM', '0391802111', 'VanCao189@gmail.com', 'VanCaoFPT189@fpt.edu.vn', 'default_user.png', 'Aptech', 'Studying', '46A Cach Mang Thang Tam, District 3, Ho Chi Minh City'),
(190, 'Student190', 'Pham Thi Thao Mai', '1995-09-17', 'Female', '274222874', '2021-05-06', 'HCM', '0391802112', 'ThaoVy190@gmail.com', 'ThaoVyFPT190@fpt.edu.vn', 'default_user.png', 'Aptech', 'Studying', '46A Cach Mang Thang Tam, District 3, Ho Chi Minh City'),
(191, 'Student191', 'Nguyen Truc Sinh', '1995-09-17', 'Female', '274222875', '2021-05-06', 'HCM', '0391802119', 'ThaoVy191@gmail.com', 'ThaoVyFPT191@fpt.edu.vn', 'default_user.png', 'Aptech', 'Studying', '46A Cach Mang Thang Tam, District 3, Ho Chi Minh City'),
(192, 'Student192', 'Do Tuong Lam', '1995-09-17', 'Female', '274222876', '2021-05-06', 'HCM', '0391802200', 'TuongLam192@gmail.com', 'TuongLamFPT192@fpt.edu.vn', 'default_user.png', 'Aptech', 'Studying', '46A Cach Mang Thang Tam, District 3, Ho Chi Minh City'),
(193, 'Student193', 'Do Tuong Vy', '1995-09-17', 'Female', '274222877', '2021-05-06', 'HCM', '0391802117', 'TuongVy193@gmail.com', 'TuongVyFPT193@fpt.edu.vn', 'default_user.png', 'Aptech', 'Studying', '46A Cach Mang Thang Tam, District 3, Ho Chi Minh City'),
-- Chuong 194 - 223
(194, 'Student194', 'Ngoc Long', '1991-09-14', 'Female', '2123456194', '2021-01-22', 'HCM', '0705489986', 'ngoclong194@gmail.com', 'ngoclongFPT194@fpt.edu.vn', 'default_user.png', 'No Major', 'Studying', '194A Cach Mang Thang Tam, District 3, Ho Chi Minh City'),
(195, 'Student195', 'Nguyen Son', '1991-09-14', 'Female', '2128888193', '2021-01-22', 'HCM', '0705481539', 'nguyenson195@gmail.com', 'nguyensonFPT195@fpt.edu.vn', 'default_user.png', 'No Major', 'Studying', '195A Cach Mang Thang Tam, District 3, Ho Chi Minh City'),
(196, 'Student196', 'An Thien', '1991-09-14', 'Female', '2111110194', '2021-01-22', 'HCM', '0705485801', 'anthien196@gmail.com', 'anthienFPT196@fpt.edu.vn', 'default_user.png', 'No Major', 'Studying', '196A Cach Mang Thang Tam, District 3, Ho Chi Minh City'),
(197, 'Student197', 'Bich Ngoc', '1991-09-14', 'Female', '2120000195', '2021-01-22', 'HCM', '0705488985', 'bichngoc197@gmail.com', 'bichngocFPT197@fpt.edu.vn', 'default_user.png', 'No Major', 'Studying', '197A Cach Mang Thang Tam, District 3, Ho Chi Minh City'),
(198, 'Student198', 'Thu Hoai', '1991-09-14', 'Female', '21276541096', '2021-01-22', 'HCM', '0705485966', 'thuhoai198@gmail.com', 'thuhoaiFPT198@fpt.edu.vn', 'default_user.png', 'No Major', 'Studying', '198A Cach Mang Thang Tam, District 3, Ho Chi Minh City'),
(199, 'Student199', 'Tran Nhat Minh', '1991-09-14', 'Female', '2112340197', '2021-01-22', 'HCM', '0705484117', 'trannhatminh199@gmail.com', 'trannhatminhFPT199@fpt.edu.vn', 'default_user.png', 'No Major', 'Studying', '199A Cach Mang Thang Tam, District 3, Ho Chi Minh City'),
(200, 'Student200', 'Uyn Chu', '1991-09-14', 'Female', '2121234198', '2021-01-22', 'HCM', '0705483603', 'uyenchu200@gmail.com', 'uyenchuFPT200@fpt.edu.vn', 'default_user.png', 'No Major', 'Studying', '200A Cach Mang Thang Tam, District 3, Ho Chi Minh City'),
(201, 'Student201', 'Van Khanh', '1991-09-14', 'Female', '2121234199', '2021-01-22', 'HCM', '0705480476', 'vankhanh201@gmail.com', 'vankhanhFPT201@fpt.edu.vn', 'default_user.png', 'No Major', 'Studying', '201A Cach Mang Thang Tam, District 3, Ho Chi Minh City'),
(202, 'Student202', 'Phuong Thao', '1991-09-14', 'Female', '2121234200', '2021-01-22', 'HCM', '0705487235', 'phuongthao202@gmail.com', 'phuongthaoFPT202@fpt.edu.vn', 'default_user.png', 'No Major', 'Studying', '202A Cach Mang Thang Tam, District 3, Ho Chi Minh City'),
(203, 'Student203', 'Huynh Trung Kien', '1991-09-14', 'Female', '21231234202', '2021-01-22', 'HCM', '0705485289', 'huynhtrungkien203@gmail.com', 'huynhtrungkienFPT203@fpt.edu.vn', 'default_user.png', 'No Major', 'Studying', '203A Cach Mang Thang Tam, District 3, Ho Chi Minh City'),
(204, 'Student204', 'Bao Duong Dinh Quoc', '1991-09-14', 'Female', '2121234203', '2021-01-22', 'HCM', '0705484303', 'baoduongdinhquoc204@gmail.com', 'baoduongdinhquocFPT204@fpt.edu.vn', 'default_user.png', 'No Major', 'Studying', '204A Cach Mang Thang Tam, District 3, Ho Chi Minh City'),
(205, 'Student205', 'Dinh Thang Long', '1991-09-14', 'Female', '2121234204', '2021-01-22', 'HCM', '0705482179', 'dinhthanglong205@gmail.com', 'dinhthanglongFPT205@fpt.edu.vn', 'default_user.png', 'No Major', 'Studying', '205A Cach Mang Thang Tam, District 3, Ho Chi Minh City'),
(206, 'Student206', 'Nguyen Hung', '1991-09-14', 'Female', '2121234205', '2021-01-22', 'HCM', '0705483302', 'nguyenhung206@gmail.com', 'nguyenhungFPT206@fpt.edu.vn', 'default_user.png', 'No Major', 'Studying', '206A Cach Mang Thang Tam, District 3, Ho Chi Minh City'),
(207, 'Student207', 'Tuan Luong', '1991-09-14', 'Female', '2125678206', '2021-01-22', 'HCM', '0705483239', 'tuanluong207@gmail.com', 'tuanluongFPT207@fpt.edu.vn', 'default_user.png', 'No Major', 'Studying', '207A Cach Mang Thang Tam, District 3, Ho Chi Minh City'),
(208, 'Student208', 'Tran Nguyen Nhu Y', '1991-09-14', 'Female', '2125687207', '2021-01-22', 'HCM', '0705480581', 'trannguyennhuy208@gmail.com', 'trannguyennhuyFPT208@fpt.edu.vn', 'default_user.png', 'No Major', 'Studying', '208A Cach Mang Thang Tam, District 3, Ho Chi Minh City'),
(209, 'Student209', 'Phan Thi Lam Oanh', '1991-09-14', 'Female', '2125678208', '2021-01-22', 'HCM', '0705485086', 'phanthilamoanh209@gmail.com', 'phanthilamoanhFPT209@fpt.edu.vn', 'default_user.png', 'No Major', 'Studying', '209A Cach Mang Thang Tam, District 3, Ho Chi Minh City'),
(210, 'Student210', 'Nguyen Tram Anh', '1991-09-14', 'Female', '2125687209', '2021-01-22', 'HCM', '0705487201', 'nguyentramanh210@gmail.com', 'nguyentramanhFPT210@fpt.edu.vn', 'default_user.png', 'No Major', 'Studying', '210A Cach Mang Thang Tam, District 3, Ho Chi Minh City'),
(211, 'Student211', 'Nguyen Trong Toan', '1991-09-14', 'Female', '2125678210', '2021-01-22', 'HCM', '0705485805', 'nguyentrongtoan211@gmail.com', 'nguyentrongtoanFPT211@fpt.edu.vn', 'default_user.png', 'No Major', 'Studying', '211A Cach Mang Thang Tam, District 3, Ho Chi Minh City'),
(212, 'Student212', 'Nguyen Quoc Huy', '1991-09-14', 'Female', '2125678211', '2021-01-22', 'HCM', '0705485486', 'nguyenquochuy212@gmail.com', 'nguyenquochuyFPT212@fpt.edu.vn', 'default_user.png', 'No Major', 'Studying', '212A Cach Mang Thang Tam, District 3, Ho Chi Minh City'),
(213, 'Student213', 'Pham Chieu Xuan', '1991-09-14', 'Female', '2125678212', '2021-01-22', 'HCM', '0705489062', 'phamchieuxuan213@gmail.com', 'phamchieuxuanFPT213@fpt.edu.vn', 'default_user.png', 'No Major', 'Studying', '213A Cach Mang Thang Tam, District 3, Ho Chi Minh City'),
(214, 'Student214', 'Pham Quynh Trang', '1991-09-14', 'Female', '2125678213', '2021-01-22', 'HCM', '0705485671', 'phamquynhtrang214@gmail.com', 'phamquynhtrangFPT214@fpt.edu.vn', 'default_user.png', 'No Major', 'Studying', '214A Cach Mang Thang Tam, District 3, Ho Chi Minh City'),
(215, 'Student215', 'Tran Thanh Hieu', '1991-09-14', 'Female', '2125678214', '2021-01-22', 'HCM', '0705483396', 'tranhthanhhieu215@gmail.com', 'tranhthanhhieuFPT215@fpt.edu.vn', 'default_user.png', 'No Major', 'Studying', '215A Cach Mang Thang Tam, District 3, Ho Chi Minh City'),
(216, 'Student216', 'Le Quynh Anh', '1991-09-14', 'Female', '2125678215', '2021-01-22', 'HCM', '0705487299', 'lequynhanh216@gmail.com', 'lequynhanhFPT216@fpt.edu.vn', 'default_user.png', 'No Major', 'Studying', '216A Cach Mang Thang Tam, District 3, Ho Chi Minh City'),
(217, 'Student217', 'Nguyen Cat Tien', '1991-09-14', 'Female', '2125678216', '2021-01-22', 'HCM', '0705484568', 'nguyencattien217@gmail.com', 'nguyencattienFPT217@fpt.edu.vn', 'default_user.png', 'No Major', 'Studying', '217A Cach Mang Thang Tam, District 3, Ho Chi Minh City'),
(218, 'Student218', 'Nguyen Thi Xuan', '1991-09-14', 'Female', '2125678217', '2021-01-22', 'HCM', '0705485887', 'nguyenthixuan218@gmail.com', 'nguyenthixuanFPT218@fpt.edu.vn', 'default_user.png', 'No Major', 'Studying', '218A Cach Mang Thang Tam, District 3, Ho Chi Minh City'),
(219, 'Student219', 'Nguyen Thi Kim Nhung', '1991-09-14', 'Female', '212578218', '2021-01-22', 'HCM', '0705487699', 'nguyenthikimnhung219@gmail.com', 'nguyenthikimnhungFPT219@fpt.edu.vn', 'default_user.png', 'No Major', 'Studying', '219A Cach Mang Thang Tam, District 3, Ho Chi Minh City'),
(220, 'Student220', 'Nguyen Nhu Quynh', '1991-09-14', 'Female', '2125678219', '2021-01-22', 'HCM', '0705480176', 'nguyennhuquynh220@gmail.com', 'nguyennhuquynhFPT220@fpt.edu.vn', 'default_user.png', 'No Major', 'Studying', '220A Cach Mang Thang Tam, District 3, Ho Chi Minh City'),
(221, 'Student221', 'Bui Tuyet Chinh', '1991-09-14', 'Female', '21256782220', '2021-01-22', 'HCM', '0705481315', 'buituyetchinh221@gmail.com', 'buituyetchinhFPT221@fpt.edu.vn', 'default_user.png', 'No Major', 'Studying', '221A Cach Mang Thang Tam, District 3, Ho Chi Minh City'),
(222, 'Student222', 'Doan Khanh Chi', '1991-09-14', 'Female', '212567822221', '2021-01-22', 'HCM', '0705482568', 'doankhanhchi222@gmail.com', 'doankhanhchiFPT222@fpt.edu.vn', 'default_user.png', 'No Major', 'Studying', '222A Cach Mang Thang Tam, District 3, Ho Chi Minh City'),
(223, 'Student223', 'Nguyen Thai Tuan', '1991-09-14', 'Female', '21256782223', '2021-01-22', 'HCM', '0705488503', 'nguyenthaituan223@gmail.com', 'nguyenthaituanFPT223@fpt.edu.vn', 'default_user.png', 'No Major', 'Studying', '223A Cach Mang Thang Tam, District 3, Ho Chi Minh City');


INSERT INTO `student_account` (`stuaccid`, `rollnum`, `pass`, `stuid`) VALUES
(1, 'Student1', '123', 1),
(2, 'Student2', '123', 2),
(3, 'Student3', '123', 3),
(4, 'Student4', '123', 4),
(5, 'Student5', '123', 5),
(6, 'Student6', '123', 6),
(7, 'Student7', '123', 7),
(8, 'Student8', '123', 8),
(9, 'Student9', '123', 9),
(10, 'Student10', '123', 10),
(11, 'Student11', '123', 11),
(12, 'Student12', '123', 12),
(13, 'Student13', '123', 13),
(14, 'Student14', '123', 14),
(15, 'Student15', '123', 15),
(16, 'Student16', '123', 16),
(17, 'Student17', '123', 17),
(18, 'Student18', '123', 18),
(19, 'Student19', '123', 19),
(20, 'Student20', '123', 20),
(21, 'Student21', '123', 21),
(22, 'Student22', '123', 22),
(23, 'Student23', '123', 23),
(24, 'Student24', '123', 24),
(25, 'Student25', '123', 25),
(26, 'Student26', '123', 26),
(27, 'Student27', '123', 27),
(28, 'Student28', '123', 28),
(29, 'Student29', '123', 29),
(30, 'Student30', '123', 30),
(31, 'Student31', '123', 31),
(32, 'Student32', '123', 32),
(33, 'Student33', '123', 33),
(34, 'Student34', '123', 34),
(35, 'Student35', '123', 35),
(36, 'Student36', '123', 36),
(37, 'Student37', '123', 37),
(38, 'Student38', '123', 38),
(39, 'Student39', '123', 39),
(40, 'Student40', '123', 40),
(41, 'Student41', '123', 41),
(42, 'Student42', '123', 42),
(43, 'Student43', '123', 43),
(44, 'Student44', '123', 44),
(45, 'Student45', '123', 45),
(46, 'Student46', '123', 46),
(47, 'Student47', '123', 47),
(48, 'Student48', '123', 48),
(49, 'Student49', '123', 49),
(50, 'Student50', '123', 50),
(51, 'Student51', '123', 51),
(52, 'Student52', '123', 52),
(53, 'Student53', '123', 53),
(54, 'Student54', '123', 54),
(55, 'Student55', '123', 55),
(56, 'Student56', '123', 56),
(57, 'Student57', '123', 57),
(58, 'Student58', '123', 58),
(59, 'Student59', '123', 59),
(60, 'Student60', '123', 60),
(61, 'Student61', '123', 61),
(62, 'Student62', '123', 62),
(63, 'Student63', '123', 63),
(64, 'Student64', '123', 64),
(65, 'Student65', '123', 65),
(66, 'Student66', '123', 66),
(67, 'Student67', '123', 67),
(68, 'Student68', '123', 68),
(69, 'Student69', '123', 69),
(70, 'Student70', '123', 70),
(71, 'Student71', '123', 71),
(72, 'Student72', '123', 72),
(73, 'Student73', '123', 73),
(74, 'Student74', '123', 74),
(75, 'Student75', '123', 75),
(76, 'Student76', '123', 76),
(77, 'Student77', '123', 77),
(78, 'Student78', '123', 78),
(79, 'Student79', '123', 79),
(80, 'Student80', '123', 80),
(81, 'Student81', '123', 81),
(82, 'Student82', '123', 82),
(83, 'Student83', '123', 83),
(84, 'Student84', '123', 84),
(85, 'Student85', '123', 85),
(86, 'Student86', '123', 86),
(87, 'Student87', '123', 87),
(88, 'Student88', '123', 88),
(89, 'Student89', '123', 89),
(90, 'Student90', '123', 90),
(91, 'Student91', '123', 91),
(92, 'Student92', '123', 92),
(93, 'Student93', '123', 93),
(94, 'Student94', '123', 94),
(95, 'Student95', '123', 95),
(96, 'Student96', '123', 96),
(97, 'Student97', '123', 97),
(98, 'Student98', '123', 98),
(99, 'Student99', '123', 99),
(100, 'Student100', '123', 100),
-- Quang 101 -> 131
(101, 'Student101', '123', 101),
(102, 'Student102', '123', 102),
(103, 'Student103', '123', 103),
(104, 'Student104', '123', 104),
(105, 'Student105', '123', 105),
(106, 'Student106', '123', 106),
(107, 'Student107', '123', 107),
(108, 'Student108', '123', 108),
(109, 'Student109', '123', 109),
(110, 'Student110', '123', 110),
(111, 'Student111', '123', 111),
(112, 'Student112', '123', 112),
(113, 'Student113', '123', 113),
(114, 'Student114', '123', 114),
(115, 'Student115', '123', 115),
(116, 'Student116', '123', 116),
(117, 'Student117', '123', 117),
(118, 'Student118', '123', 118),
(119, 'Student119', '123', 119),
(120, 'Student120', '123', 120),
(121, 'Student121', '123', 121),
(122, 'Student122', '123', 122),
(123, 'Student123', '123', 123),
(124, 'Student124', '123', 124),
(125, 'Student125', '123', 125),
(126, 'Student126', '123', 126),
(127, 'Student127', '123', 127),
(128, 'Student128', '123', 128),
(129, 'Student129', '123', 129),
(130, 'Student130', '123', 130),
(131, 'Student131', '123', 131),
-- Thanh 132 -> 162
(132, 'Student132', '123', 132),
(133, 'Student133', '123', 133),
(134, 'Student134', '123', 134),
(135, 'Student135', '123', 135),
(136, 'Student136', '123', 136),
(137, 'Student137', '123', 137),
(138, 'Student138', '123', 138),
(139, 'Student139', '123', 139),
(140, 'Student140', '123', 140),
(141, 'Student141', '123', 141),
(142, 'Student142', '123', 142),
(143, 'Student143', '123', 143),
(144, 'Student144', '123', 144),
(145, 'Student145', '123', 145),
(146, 'Student146', '123', 146),
(147, 'Student147', '123', 147),
(148, 'Student148', '123', 148),
(149, 'Student149', '123', 149),
(150, 'Student150', '123', 150),
(151, 'Student151', '123', 151),
(152, 'Student152', '123', 152),
(153, 'Student153', '123', 153),
(154, 'Student154', '123', 154),
(155, 'Student155', '123', 155),
(156, 'Student156', '123', 156),
(157, 'Student157', '123', 157),
(158, 'Student158', '123', 158),
(159, 'Student159', '123', 159),
(160, 'Student160', '123', 160),
(161, 'Student161', '123', 161),
(162, 'Student162', '123', 162),
-- An 163 -> 193
(163, 'Student163', '123', 163),
(164, 'Student164', '123', 164),
(165, 'Student165', '123', 165),
(166, 'Student166', '123', 166),
(167, 'Student167', '123', 167),
(168, 'Student168', '123', 168),
(169, 'Student169', '123', 169),
(170, 'Student170', '123', 170),
(171, 'Student171', '123', 171),
(172, 'Student172', '123', 172),
(173, 'Student173', '123', 173),
(174, 'Student174', '123', 174),
(175, 'Student175', '123', 175),
(176, 'Student176', '123', 176),
(177, 'Student177', '123', 177),
(178, 'Student178', '123', 178),
(179, 'Student179', '123', 179),
(180, 'Student180', '123', 180),
(181, 'Student181', '123', 181),
(182, 'Student182', '123', 182),
(183, 'Student183', '123', 183),
(184, 'Student184', '123', 184),
(185, 'Student185', '123', 185),
(186, 'Student186', '123', 186),
(187, 'Student187', '123', 187),
(188, 'Student188', '123', 188),
(189, 'Student189', '123', 189),
(190, 'Student190', '123', 190),
(191, 'Student191', '123', 191),
(192, 'Student192', '123', 192),
(193, 'Student193', '123', 193),
-- Chuong 194 -> 223
(194, 'Student194', '123', 194),
(195, 'Student195', '123', 195),
(196, 'Student196', '123', 196),
(197, 'Student197', '123', 197),
(198, 'Student198', '123', 198),
(199, 'Student199', '123', 199),
(200, 'Student200', '123', 200),
(201, 'Student201', '123', 201),
(202, 'Student202', '123', 202),
(203, 'Student203', '123', 203),
(204, 'Student204', '123', 204),
(205, 'Student205', '123', 205),
(206, 'Student206', '123', 206),
(207, 'Student207', '123', 207),
(208, 'Student208', '123', 208),
(209, 'Student209', '123', 209),
(210, 'Student210', '123', 210),
(211, 'Student211', '123', 211),
(212, 'Student212', '123', 212),
(213, 'Student213', '123', 213),
(214, 'Student214', '123', 214),
(215, 'Student215', '123', 215),
(216, 'Student216', '123', 216),
(217, 'Student217', '123', 217),
(218, 'Student218', '123', 218),
(219, 'Student219', '123', 219),
(220, 'Student220', '123', 220),
(221, 'Student221', '123', 221),
(222, 'Student222', '123', 222),
(223, 'Student223', '123', 223);



INSERT INTO `parent` (`parid`, `rollnum`, `parnm`, `parphone`, `parjob`, `pow`, `paremail`, `address`, `stuid`) VALUES
(1, 'Student1', 'Phan Van Sang', '0358018461', 'Not Update Yet', 'Not Update Yet', 'Sang1P@gmail.com', '17A Cach Mang Thang Tam, District 3, Ho Chi Minh City', 1),
(2, 'Student2', 'Phan Trinh Tue', '0358018462', 'Not Update Yet', 'Not Update Yet', 'Tue2P@gmail.com', '18A Cach Mang Thang Tam, District 3, Ho Chi Minh City', 2),
(3, 'Student3', 'Nguyen An Tri', '0358018463', 'Not Update Yet', 'Not Update Yet', 'Tri3P@gmail.com', '19A Cach Mang Thang Tam, District 3, Ho Chi Minh City', 3),
(4, 'Student4', 'Tran An Thang', '0358018464', 'Not Update Yet', 'Not Update Yet', 'Thang4P@gmail.com', '20A Cach Mang Thang Tam, District 3, Ho Chi Minh City', 4),
(5, 'Student5', 'Le Van Tai', '0358018465', 'Not Update Yet', 'Not Update Yet', 'Tai5P@gmail.com', '21A Cach Mang Thang Tam, District 3, Ho Chi Minh City', 5),
(6, 'Student6', 'Phan Van An', '0358018466', 'Not Update Yet', 'Not Update Yet', 'An6P@gmail.com', '22A Cach Mang Thang Tam, District 3, Ho Chi Minh City', 6),
(7, 'Student7', 'Phan Trinh Phat', '0358018467', 'Not Update Yet', 'Not Update Yet', 'Phat7P@gmail.com', '23A Cach Mang Thang Tam, District 3, Ho Chi Minh City', 7),
(8, 'Student8', 'Nguyen An Anh', '0358018468', 'Not Update Yet', 'Not Update Yet', 'Anh8P@gmail.com', '24A Cach Mang Thang Tam, District 3, Ho Chi Minh City', 8),
(9, 'Student9', 'Tran An Nhien', '0358018469', 'Not Update Yet', 'Not Update Yet', 'Nhien9P@gmail.com', '25A Cach Mang Thang Tam, District 3, Ho Chi Minh City', 9),
(10, 'Student10', 'Le Van Em', '0358018470', 'Not Update Yet', 'Not Update Yet', 'Em10P@gmail.com', '26A Cach Mang Thang Tam, District 3, Ho Chi Minh City', 10),
(11, 'Student11', 'Le Van Bu', '0358983211', 'Not Update Yet', 'Not Update Yet', 'Bu11P@gmail.com', '27A Cach Mang Thang Tam, District 3, Ho Chi Minh City', 11),
(12, 'Student12', 'Thi Van Quoc', '0358983212', 'Not Update Yet', 'Not Update Yet', 'Quoc12P@gmail.com', '28A Cach Mang Thang Tam, District 3, Ho Chi Minh City', 12),
(13, 'Student13', 'Le Van Phong', '0358983213', 'Not Update Yet', 'Not Update Yet', 'Phong13P@gmail.com', '29A Cach Mang Thang Tam, District 3, Ho Chi Minh City', 13),
(14, 'Student14', 'Le Van Han', '0358983214', 'Not Update Yet', 'Not Update Yet', 'Han14P@gmail.com', '30A Cach Mang Thang Tam, District 3, Ho Chi Minh City', 14),
(15, 'Student15', 'Phan Van Duong', '0358983215', 'Not Update Yet', 'Not Update Yet', 'Duong15P@gmail.com', '31A Cach Mang Thang Tam, District 3, Ho Chi Minh City', 15),
(16, 'Student16', 'Le Van Thich', '0358983216', 'Not Update Yet', 'Not Update Yet', 'Thich16P@gmail.com', '32A Cach Mang Thang Tam, District 3, Ho Chi Minh City', 16),
(17, 'Student17', 'Nguyen Van Suy', '0358983217', 'Not Update Yet', 'Not Update Yet', 'Suy17P@gmail.com', '33A Cach Mang Thang Tam, District 3, Ho Chi Minh City', 17),
(18, 'Student18', 'Le Van Nghi', '0358983218', 'Not Update Yet', 'Not Update Yet', 'Nghi18P@gmail.com', '34A Cach Mang Thang Tam, District 3, Ho Chi Minh City', 18),
(19, 'Student19', 'Hoang Van Tran', '0358983219', 'Not Update Yet', 'Not Update Yet', 'Tran19P@gmail.com', '35A Cach Mang Thang Tam, District 3, Ho Chi Minh City', 19),
(20, 'Student20', 'Le Van Phang', '0358983220', 'Not Update Yet', 'Not Update Yet', 'Phang20P@gmail.com', '36A Cach Mang Thang Tam, District 3, Ho Chi Minh City', 20),
(21, 'Student21', 'Nguyen Van Pha', '0358983230', 'Not Update Yet', 'Not Update Yet', 'Pha21P@gmail.com', '37A Cach Mang Thang Tam, District 3, Ho Chi Minh City', 21),
(22, 'Student22', 'Phan Van Le', '0358983240', 'Not Update Yet', 'Not Update Yet', 'Le22P@gmail.com', '38A Cach Mang Thang Tam, District 3, Ho Chi Minh City', 22),
(23, 'Student23', 'Le Van Hoang', '0358983250', 'Not Update Yet', 'Not Update Yet', 'Hoang23P@gmail.com', '39A Cach Mang Thang Tam, District 3, Ho Chi Minh City', 23),
(24, 'Student24', 'Thi Van Qui', '0358983260', 'Not Update Yet', 'Not Update Yet', 'Qui24P@gmail.com', '40A Cach Mang Thang Tam, District 3, Ho Chi Minh City', 24),
(25, 'Student25', 'Le Van Quy', '0358983270', 'Not Update Yet', 'Not Update Yet', 'Quy25P@gmail.com', '41A Cach Mang Thang Tam, District 3, Ho Chi Minh City', 25),
(26, 'Student26', 'Quy Van Quynh', '0358983280', 'Not Update Yet', 'Not Update Yet', 'Quynh26P@gmail.com', '42A Cach Mang Thang Tam, District 3, Ho Chi Minh City', 26),
(27, 'Student27', 'Le Van Chu', '0358983290', 'Not Update Yet', 'Not Update Yet', 'Chu27P@gmail.com', '43A Cach Mang Thang Tam, District 3, Ho Chi Minh City', 27),
(28, 'Student28', 'Nguyen Van Thich', '0358983100', 'Not Update Yet', 'Not Update Yet', 'Thich28P@gmail.com', '44A Cach Mang Thang Tam, District 3, Ho Chi Minh City', 28),
(29, 'Student29', 'Le Van Hai', '0358983291', 'Not Update Yet', 'Not Update Yet', 'Hai29P@gmail.com', '45A Cach Mang Thang Tam, District 3, Ho Chi Minh City', 29),
(30, 'Student30', 'Le Van Nhat', '0358983299', 'Not Update Yet', 'Not Update Yet', 'Nhat30P@gmail.com', '46A Cach Mang Thang Tam, District 3, Ho Chi Minh City', 30),
(31, 'Student31', 'Tran Thi Phuong Linh', '0358112231', 'Not Update Yet', 'Not Update Yet', 'PhuongLinh31P@gmail.com', '47A Cach Mang Thang Tam, District 3, Ho Chi Minh City', 31),
(32, 'Student32', 'Nguyen An Diep', '0358112232', 'Not Update Yet', 'Not Update Yet', 'AnDiep32P@gmail.com', '48A Cach Mang Thang Tam, District 3, Ho Chi Minh City', 32),
(33, 'Student33', 'Tran An Nhien', '0358112233', 'Not Update Yet', 'Not Update Yet', 'AnNhien33P@gmail.com', '49A Cach Mang Thang Tam, District 3, Ho Chi Minh City', 33),
(34, 'Student34', 'Nguyen Cat Anh', '0358112234', 'Not Update Yet', 'Not Update Yet', 'CatAnh34P@gmail.com', '50A Cach Mang Thang Tam, District 3, Ho Chi Minh City', 34),
(35, 'Student35', 'Phan Van Mai Ngoc', '0358112235', 'Not Update Yet', 'Not Update Yet', 'MaiNgoc35P@gmail.com', '51A Cach Mang Thang Tam, District 3, Ho Chi Minh City', 35),
(36, 'Student36', 'Nguyen Ngoc Hien', '0358112236', 'Not Update Yet', 'Not Update Yet', 'NgocHien36P@gmail.com', '52A Cach Mang Thang Tam, District 3, Ho Chi Minh City', 36),
(37, 'Student37', 'Nguyen Van Hien Chau', '0358112237', 'Not Update Yet', 'Not Update Yet', 'HienChau37P@gmail.com', '53A Cach Mang Thang Tam, District 3, Ho Chi Minh City', 37),
(38, 'Student38', 'Nguyen Thi Thien Binh', '0358112238', 'Not Update Yet', 'Not Update Yet', 'ThienBinh38P@gmail.com', '54A Cach Mang Thang Tam, District 3, Ho Chi Minh City', 38),
(39, 'Student39', 'Hoang Thi Hoai Thuong', '0358112239', 'Not Update Yet', 'Not Update Yet', 'HoaiThuong39P@gmail.com', '55A Cach Mang Thang Tam, District 3, Ho Chi Minh City', 39),
(40, 'Student40', 'Hoang Van Mai', '0358112230', 'Not Update Yet', 'Not Update Yet', 'VanMai40P@gmail.com', '56A Cach Mang Thang Tam, District 3, Ho Chi Minh City', 40),
(41, 'Student41', 'Tran Phan An Nhien', '0358989761', 'Not Update Yet', 'Not Update Yet', 'AnNhien41P@gmail.com', '57A Cach Mang Thang Tam, District 3, Ho Chi Minh City', 41),
(42, 'Student42', 'Phan Thi Yen Nhi', '0358989762', 'Not Update Yet', 'Not Update Yet', 'YenNhi42P@gmail.com', '58A Cach Mang Thang Tam, District 3, Ho Chi Minh City', 42),
(43, 'Student43', 'Nguyen An Ngoc', '0358989763', 'Not Update Yet', 'Not Update Yet', 'AnNgoc43P@gmail.com', '59A Cach Mang Thang Tam, District 3, Ho Chi Minh City', 43),
(44, 'Student44', 'Nguyen Bich Ha', '0358989764', 'Not Update Yet', 'Not Update Yet', 'BichHa44P@gmail.com', '60A Cach Mang Thang Tam, District 3, Ho Chi Minh City', 44),
(45, 'Student45', 'Tran Thi Phuc Anh', '0358989765', 'Not Update Yet', 'Not Update Yet', 'PhucAnh45P@gmail.com', '61A Cach Mang Thang Tam, District 3, Ho Chi Minh City', 45),
(46, 'Student46', 'Nguyen Ngoc Khue', '0358989766', 'Not Update Yet', 'Not Update Yet', 'NgocKhue46P@gmail.com', '62A Cach Mang Thang Tam, District 3, Ho Chi Minh City', 46),
(47, 'Student47', 'Trinh Thi Kha Ngan', '0358989767', 'Not Update Yet', 'Not Update Yet', 'KhaNgan47P@gmail.com', '63A Cach Mang Thang Tam, District 3, Ho Chi Minh City', 47),
(48, 'Student48', 'Nguyen Phan Hoai An', '0358989768', 'Not Update Yet', 'Not Update Yet', 'HoaiAn48P@gmail.com', '64A Cach Mang Thang Tam, District 3, Ho Chi Minh City', 48),
(49, 'Student49', 'Dao Nguyen Gia Han', '0358989769', 'Not Update Yet', 'Not Update Yet', 'GiaHan49P@gmail.com', '65A Cach Mang Thang Tam, District 3, Ho Chi Minh City', 49),
(50, 'Student50', 'Nguyen Thi Cat Tuong', '0358989760', 'Not Update Yet', 'Not Update Yet', 'CaiTuong50P@gmail.com', '66A Cach Mang Thang Tam, District 3, Ho Chi Minh City', 50),
(51, 'Student51', 'Phan Van Bao Vy', '0358908111', 'Not Update Yet', 'Not Update Yet', 'BaoVy51P@gmail.com', '67A Cach Mang Thang Tam, District 3, Ho Chi Minh City', 51),
(52, 'Student52', 'Phan Van Tai Em', '0358908112', 'Not Update Yet', 'Not Update Yet', 'TaiEm52P@gmail.com', '68A Cach Mang Thang Tam, District 3, Ho Chi Minh City', 52),
(53, 'Student53', 'Dao Nguyen Xuan Quynh', '0358908113', 'Not Update Yet', 'Not Update Yet', 'XuanQuynh53P@gmail.com', '69A Cach Mang Thang Tam, District 3, Ho Chi Minh City', 53),
(54, 'Student54', 'Ngoc Thi Ngoc Dau', '0358908114', 'Not Update Yet', 'Not Update Yet', 'NgocDau54P@gmail.com', '70A Cach Mang Thang Tam, District 3, Ho Chi Minh City', 54),
(55, 'Student55', 'Nguyen Phan Huy Thanh', '0358908115', 'Not Update Yet', 'Not Update Yet', 'HuyThanh55P@gmail.com', '71A Cach Mang Thang Tam, District 3, Ho Chi Minh City', 55),
(56, 'Student56', 'Nguyen Thi Xuan Hoang', '0358908116', 'Not Update Yet', 'Not Update Yet', 'XuanHoang56P@gmail.com', '72A Cach Mang Thang Tam, District 3, Ho Chi Minh City', 56),
(57, 'Student57', 'Quynh Trinh To Nhu', '0358908117', 'Not Update Yet', 'Not Update Yet', 'ToNhu57P@gmail.com', '73A Cach Mang Thang Tam, District 3, Ho Chi Minh City', 57),
(58, 'Student58', 'Nguyen Phan Van Ban', '0358908118', 'Not Update Yet', 'Not Update Yet', 'VanBan58P@gmail.com', '74A Cach Mang Thang Tam, District 3, Ho Chi Minh City', 58),
(59, 'Student59', 'Nguyen Phan Huynh Hoang', '0358908119', 'Not Update Yet', 'Not Update Yet', 'HuynhHoanh59P@gmail.com', '75A Cach Mang Thang Tam, District 3, Ho Chi Minh City', 59),
(60, 'Student60', 'Nguyen Hoang Kim Ly', '0358908110', 'Not Update Yet', 'Not Update Yet', 'KimLy60P@gmail.com', '76A Cach Mang Thang Tam, District 3, Ho Chi Minh City', 60),
(61, 'Student61', 'Ngo Phan Bao Binh', '0358990041', 'Not Update Yet', 'Not Update Yet', 'BaoBinh61P@gmail.com', '77A Cach Mang Thang Tam, District 3, Ho Chi Minh City', 61),
(62, 'Student62', 'Nguyen Ngo Tat Thanh', '0358990042', 'Not Update Yet', 'Not Update Yet', 'TatThanh62P@gmail.com', '78A Cach Mang Thang Tam, District 3, Ho Chi Minh City', 62),
(63, 'Student63', 'Nguyen Phan Van Tri', '0358990043', 'Not Update Yet', 'Not Update Yet', 'VanTri63P@gmail.com', '79A Cach Mang Thang Tam, District 3, Ho Chi Minh City', 63),
(64, 'Student64', 'Nguyen Tran Tu Xuyen', '0358990044', 'Not Update Yet', 'Not Update Yet', 'TuXuyen64P@gmail.com', '80A Cach Mang Thang Tam, District 3, Ho Chi Minh City', 64),
(65, 'Student65', 'Tran Hoang Diep Anh', '0358990045', 'Not Update Yet', 'Not Update Yet', 'DiepAnh65P@gmail.com', '81A Cach Mang Thang Tam, District 3, Ho Chi Minh City', 65),
(66, 'Student66', 'Tran Le Quoc Anh', '0358990046', 'Not Update Yet', 'Not Update Yet', 'QuocAnh66P@gmail.com', '82A Cach Mang Thang Tam, District 3, Ho Chi Minh City', 66),
(67, 'Student67', 'Tran Quang Khai', '0358990047', 'Not Update Yet', 'Not Update Yet', 'QuangKhai67P@gmail.com', '83A Cach Mang Thang Tam, District 3, Ho Chi Minh City', 67),
(68, 'Student68', 'Le Van Si', '0358990048', 'Not Update Yet', 'Not Update Yet', 'VanSi68P@gmail.com', '84A Cach Mang Thang Tam, District 3, Ho Chi Minh City', 68),
(69, 'Student69', 'Tran Xuan Mai', '0358990049', 'Not Update Yet', 'Not Update Yet', 'XuanMai69P@gmail.com', '85A Cach Mang Thang Tam, District 3, Ho Chi Minh City', 69),
(70, 'Student70', 'Nguyen Huy Thanh', '0358990040', 'Not Update Yet', 'Not Update Yet', 'HuyThanh70P@gmail.com', '86A Cach Mang Thang Tam, District 3, Ho Chi Minh City', 70),
(71, 'Student71', 'Le Hoang Tuan An', '0708392721', 'Not Update Yet', 'Not Update Yet', 'AnTuanLeHoang71P@gmail.com', '87A Cach Mang Thang Tam, District 3, Ho Chi Minh City', 71),
(72, 'Student72', 'Le Hoang Diep Thao', '0708392722', 'Not Update Yet', 'Not Update Yet', 'ThaoDiepHoangLe72P@gmail.com', '88A Cach Mang Thang Tam, District 3, Ho Chi Minh City', 72),
(73, 'Student73', 'Phan Van Sang', '0708392723', 'Not Update Yet', 'Not Update Yet', 'SangVanPhan73P@gmail.com', '89A Cach Mang Thang Tam, District 3, Ho Chi Minh City', 73),
(74, 'Student74', 'Phan Trinh Tue', '0708392724', 'Not Update Yet', 'Not Update Yet', 'TrinhTuePhan74P@gmail.com', '90A Cach Mang Thang Tam, District 3, Ho Chi Minh City', 74),
(75, 'Student75', 'Nguyen An Tri', '0708392725', 'Not Update Yet', 'Not Update Yet', 'AnTriPhan75P@gmail.com', '91A Cach Mang Thang Tam, District 3, Ho Chi Minh City', 75),
(76, 'Student76', 'Phan Van An', '0708392726', 'Not Update Yet', 'Not Update Yet', 'AnVanPhan76P@gmail.com', '92A Cach Mang Thang Tam, District 3, Ho Chi Minh City', 76),
(77, 'Student77', 'Le Van Bu', '0708392727', 'Not Update Yet', 'Not Update Yet', 'VanBuLe77P@gmail.com', '93A Cach Mang Thang Tam, District 3, Ho Chi Minh City', 77),
(78, 'Student78', 'Thi Van Quoc', '0708392728', 'Not Update Yet', 'Not Update Yet', 'VanThiQuoc78P@gmail.com', '94A Cach Mang Thang Tam, District 3, Ho Chi Minh City', 78),
(79, 'Student79', 'Le Van Phong', '0708392729', 'Not Update Yet', 'Not Update Yet', 'VanPhongLe79P@gmail.com', '95A Cach Mang Thang Tam, District 3, Ho Chi Minh City', 79),
(80, 'Student80', 'Phan Van Duong', '0708392720', 'Not Update Yet', 'Not Update Yet', 'VanDuongPhan80P@gmail.com', '96A Cach Mang Thang Tam, District 3, Ho Chi Minh City', 80),
(81, 'Student81', 'Nguyen Van Thich', '0778829121', 'Not Update Yet', 'Not Update Yet', 'ThichVanNguyen81P@gmail.com', '97A Cach Mang Thang Tam, District 3, Ho Chi Minh City', 81),
(82, 'Student82', 'Le Van Nhat', '0778829122', 'Not Update Yet', 'Not Update Yet', 'NhatVanLe82P@gmail.com', '98A Cach Mang Thang Tam, District 3, Ho Chi Minh City', 82),
(83, 'Student83', 'Tran Thi Phuong Linh', '0778829123', 'Not Update Yet', 'Not Update Yet', 'LinhPhuongThiTran83P@gmail.com', '99A Cach Mang Thang Tam, District 3, Ho Chi Minh City', 83),
(84, 'Student84', 'Nguyen An Diep', '0778829124', 'Not Update Yet', 'Not Update Yet', 'DiepAnNguyen84P@gmail.com', '100A Cach Mang Thang Tam, District 3, Ho Chi Minh City', 84),
(85, 'Student85', 'Tran An Nhien', '0778829125', 'Not Update Yet', 'Not Update Yet', 'NhienAnTran85P@gmail.com', '101A Cach Mang Thang Tam, District 3, Ho Chi Minh City', 85),
(86, 'Student86', 'Nguyen Bich Ha', '0778829126', 'Not Update Yet', 'Not Update Yet', 'BichHaNguyen86P@gmail.com', '86A Cach Mang Thang Tam, District 3, Ho Chi Minh City', 86),
(87, 'Student87', 'Tran Thi Phuc Anh', '0778829127', 'Not Update Yet', 'Not Update Yet', 'PhucAnhThiTran87P@gmail.com', '86A Cach Mang Thang Tam, District 3, Ho Chi Minh City', 87),
(88, 'Student88', 'Dao Nguyen Gia Han', '0778829128', 'Not Update Yet', 'Not Update Yet', 'GiaHanNguyenDao88P@gmail.com', '86A Cach Mang Thang Tam, District 3, Ho Chi Minh City', 88),
(89, 'Student89', 'Tran An Nhien', '0778829129', 'Not Update Yet', 'Not Update Yet', 'NhienAnTran89P@gmail.com', '86A Cach Mang Thang Tam, District 3, Ho Chi Minh City', 89),
(90, 'Student90', 'Nguyen Thi Thien Binh', '0778829120', 'Not Update Yet', 'Not Update Yet', 'ThienBinhThiNguyen90P@gmail.com', '86A Cach Mang Thang Tam, District 3, Ho Chi Minh City', 90),
(91, 'Student91', 'Phan Van Bao Vy', '0768473821', 'Not Update Yet', 'Not Update Yet', 'VyBaoVanPhan91P@gmail.com', '86A Cach Mang Thang Tam, District 3, Ho Chi Minh City', 91),
(92, 'Student92', 'Nguyen Thi Cat Tuong', '0768473822', 'Not Update Yet', 'Not Update Yet', 'CatTuongThiNguyen92P@gmail.com', '86A Cach Mang Thang Tam, District 3, Ho Chi Minh City', 92),
(93, 'Student93', 'Nguyen Phan Van Ban', '0768473823', 'Not Update Yet', 'Not Update Yet', 'VanBanPhanNguyen93P@gmail.com', '86A Cach Mang Thang Tam, District 3, Ho Chi Minh City', 93),
(94, 'Student94', 'Nguyen Phan Van Tri', '0768473824', 'Not Update Yet', 'Not Update Yet', 'TriNguyenPhanVan94P@gmail.com', '86A Cach Mang Thang Tam, District 3, Ho Chi Minh City', 94),
(95, 'Student95', 'Tran Le Quoc Anh', '0768473825', 'Not Update Yet', 'Not Update Yet', 'QuocAnhLeTran95P@gmail.com', '86A Cach Mang Thang Tam, District 3, Ho Chi Minh City', 95),
(96, 'Student96', 'Nguyen Thi Xuan Hoang', '0768473826', 'Not Update Yet', 'Not Update Yet', 'XuanHoangNguyenThi96P@gmail.com', '86A Cach Mang Thang Tam, District 3, Ho Chi Minh City', 96),
(97, 'Student97', 'Quynh Trinh To Nhu', '0768473827', 'Not Update Yet', 'Not Update Yet', 'ToNhuTrinhQuynh97P@gmail.com', '86A Cach Mang Thang Tam, District 3, Ho Chi Minh City', 97),
(98, 'Student98', 'Nguyen Hoang Kim Ly', '0768473828', 'Not Update Yet', 'Not Update Yet', 'KimLyHoangNguyen98P@gmail.com', '86A Cach Mang Thang Tam, District 3, Ho Chi Minh City', 98),
(99, 'Student99', 'Ngoc Thi Ngoc Dau', '0768473829', 'Not Update Yet', 'Not Update Yet', 'NgocDauThiNgoc99P@gmail.com', '86A Cach Mang Thang Tam, District 3, Ho Chi Minh City', 99),
(100, 'Student100', 'Hoang Van Mai', '0768473820', 'Not Update Yet', 'Not Update Yet', 'MaiVanHoang100P@gmail.com', '86A Cach Mang Thang Tam, District 3, Ho Chi Minh City', 100),
-- Quang 101 -> 131
(101, 'Student101', 'Tran Xuan Sang', '0858991149', 'Not Update Yet', 'Not Update Yet', 'xuansang101p@gmail.com', '85A Tran Hung Dao, District 5, Ho Chi Minh City', 101),
(102, 'Student102', 'Nguyen Tien Luat', '0858991249', 'Not Update Yet', 'Not Update Yet', 'tienluat102p@gmail.com', '85A Tran Hung Dao, District 5, Ho Chi Minh City', 102),
(103, 'Student103', 'Tran Dinh Trong', '0858991349', 'Not Update Yet', 'Not Update Yet', 'dinhtrong103p@gmail.com', '85A Tran Hung Dao, District 5, Ho Chi Minh City', 103),
(104, 'Student104', 'Tran Trong Quan', '0858991449', 'Not Update Yet', 'Not Update Yet', 'trongquan104p@gmail.com', '85A Tran Hung Dao, District 5, Ho Chi Minh City', 104),
(105, 'Student105', 'Dinh Manh Truong', '0858991549', 'Not Update Yet', 'Not Update Yet', 'manhtruong105p@gmail.com', '85A Tran Hung Dao, District 5, Ho Chi Minh City', 105),
(106, 'Student106', 'Tran Tien Minh', '0858991649', 'Not Update Yet', 'Not Update Yet', 'tienminh106p@gmail.com', '85A Tran Hung Dao, District 5, Ho Chi Minh City', 106),
(107, 'Student107', 'Dang Xuan Quang', '0858991749', 'Not Update Yet', 'Not Update Yet', 'xuanquangd107p@gmail.com', '85A Tran Hung Dao, District 5, Ho Chi Minh City', 107),
(108, 'Student108', 'Tran Duc Nam', '0858991849', 'Not Update Yet', 'Not Update Yet', 'ducnam108p@gmail.com', '85A Tran Hung Dao, District 5, Ho Chi Minh City', 108),
(109, 'Student109', 'Nguyen Duc Hai', '0858991949', 'Not Update Yet', 'Not Update Yet', 'duchai109p@gmail.com', '85A Tran Hung Dao, District 5, Ho Chi Minh City', 109),
(110, 'Student110', 'Mai Tuong Van', '0858992049', 'Not Update Yet', 'Not Update Yet', 'tuongvan110p@gmail.com', '85A Tran Hung Dao, District 5, Ho Chi Minh City', 110),
(111, 'Student111', 'Tran Mai Tam', '0858992149', 'Not Update Yet', 'Not Update Yet', 'maitam111p@gmail.com', '85A Tran Hung Dao, District 5, Ho Chi Minh City', 111),
(112, 'Student112', 'Doan Duc Hai', '0858992249', 'Not Update Yet', 'Not Update Yet', 'duchai112p@gmail.com', '85A Tran Hung Dao, District 5, Ho Chi Minh City', 112),
(113, 'Student113', 'Doan Ngoc Hau', '0858992349', 'Not Update Yet', 'Not Update Yet', 'ngochau113p@gmail.com', '85A Tran Hung Dao, District 5, Ho Chi Minh City', 113),
(114, 'Student114', 'Phan Kim Lien', '0858992449', 'Not Update Yet', 'Not Update Yet', 'kimlien114p@gmail.com', '85A Tran Hung Dao, District 5, Ho Chi Minh City', 114),
(115, 'Student115', 'Phan Phuc Vinh', '0858925049', 'Not Update Yet', 'Not Update Yet', 'phucvinh115p@gmail.com', '85A Tran Hung Dao, District 5, Ho Chi Minh City', 115),
(116, 'Student116', 'Doan Duc Toan', '0858992649', 'Not Update Yet', 'Not Update Yet', 'ductoan116p@gmail.com', '85A Tran Hung Dao, District 5, Ho Chi Minh City', 116),
(117, 'Student117', 'Kim Nhat Hai', '0858992749', 'Not Update Yet', 'Not Update Yet', 'nhathai117p@gmail.com', '85A Tran Hung Dao, District 5, Ho Chi Minh City', 117),
(118, 'Student118', 'Truong Kim Tuyen', '0858992849', 'Not Update Yet', 'Not Update Yet', 'kimtuyen118p@gmail.com', '85A Tran Hung Dao, District 5, Ho Chi Minh City', 118),
(119, 'Student119', 'Truong Van Anh', '0858992949', 'Not Update Yet', 'Not Update Yet', 'vanhanh119p@gmail.com', '85A Tran Hung Dao, District 5, Ho Chi Minh City', 119),
(120, 'Student120', 'Mai Van Anh', '0858993049', 'Not Update Yet', 'Not Update Yet', 'vananh120p@gmail.com', '85A Tran Hung Dao, District 5, Ho Chi Minh City', 120),
(121, 'Student121', 'Do Hong Ngoc', '0858993149', 'Not Update Yet', 'Not Update Yet', 'hongngoc121p@gmail.com', '85A Tran Hung Dao, District 5, Ho Chi Minh City', 121),
(122, 'Student122', 'Hoang Duc Anh', '0858993249', 'Not Update Yet', 'Not Update Yet', 'ducanh122p@gmail.com', '85A Tran Hung Dao, District 5, Ho Chi Minh City', 122),
(123, 'Student123', 'Tran Thanh Huyen', '0858993349', 'Not Update Yet', 'Not Update Yet', 'thanhuyen123p@gmail.com', '85A Tran Hung Dao, District 5, Ho Chi Minh City', 123),
(124, 'Student124', 'Mai Kim Hien', '0858993449', 'Not Update Yet', 'Not Update Yet', 'kiemhien124p@gmail.com', '85A Tran Hung Dao, District 5, Ho Chi Minh City', 124),
(125, 'Student125', 'Do Thi Kim Thu', '0858993549', 'Not Update Yet', 'Not Update Yet', 'kimthu125p@gmail.com', '85A Tran Hung Dao, District 5, Ho Chi Minh City', 125),
(126, 'Student126', 'Nguyen An Thu', '0858993649', 'Not Update Yet', 'Not Update Yet', 'anthu126p@gmail.com', '85A Tran Hung Dao, District 5, Ho Chi Minh City', 126),
(127, 'Student127', 'Tran Trung Lap', '0858993749', 'Not Update Yet', 'Not Update Yet', 'trunglap127p@gmail.com', '85A Tran Hung Dao, District 5, Ho Chi Minh City', 127),
(128, 'Student128', 'Do Thi Khanh Huyen', '0858993849', 'Not Update Yet', 'Not Update Yet', 'khanhhuyen128p@gmail.com', '85A Tran Hung Dao, District 5, Ho Chi Minh City', 128),
(129, 'Student129', 'Truong My Nhi', '0858993949', 'Not Update Yet', 'Not Update Yet', 'mynhi129p@gmail.com', '85A Tran Hung Dao, District 5, Ho Chi Minh City', 129),
(130, 'Student130', 'Hoang Trung Sang', '0858994049', 'Not Update Yet', 'Not Update Yet', 'trungsang130p@gmail.com', '85A Tran Hung Dao, District 5, Ho Chi Minh City', 130),
(131, 'Student131', 'Dang Tien Hoang', '0858994149', 'Not Update Yet', 'Not Update Yet', 'tienhoang131p@gmail.com', '85A Tran Hung Dao, District 5, Ho Chi Minh City', 131),
-- Thanh 132 -> 162
(132, 'Student132', 'Pham Hoan Lan Anh', '0861452111', 'Not Update Yet', 'Not Update Yet', 'lanAnh132@gmail.com', '17A Cach Mang Thang Tam, District 3, Ho Chi Minh City', 132),
(133, 'Student133', 'Dang Thi Tuyet Mai', '0861452112', 'Not Update Yet', 'Not Update Yet', 'TuyetMai133@gmail.com', '18A Cach Mang Thang Tam, District 3, Ho Chi Minh City', 133),
(134, 'Student134', 'Luong Thi Ngoc Thuy', '0861452113', 'Not Update Yet', 'Not Update Yet', 'NgocThuy134@gmail.com', '19A Cach Mang Thang Tam, District 3, Ho Chi Minh City', 134 ),
(135, 'Student135', 'Vu Nguyen Ki Duyen', '0861452114', 'Not Update Yet', 'Not Update Yet', 'KiDuyen135@gmail.com', '20A Cach Mang Thang Tam, District 3, Ho Chi Minh City', 135),
(136, 'Student136', 'Nguyen Thuy Hien', '0861452115', 'Not Update Yet', 'Not Update Yet', 'ThuyHien136@gmail.com', '21A Cach Mang Thang Tam, District 3, Ho Chi Minh City', 136),
(137, 'Student137', 'Le Bao Nhi', '0861462111', 'Not Update Yet', 'Not Update Yet', 'BaoNhi137@gmail.com', '22A Cach Mang Thang Tam, District 3, Ho Chi Minh City', 137),
(138, 'Student138', 'To Ngoc Que Anh', '0861462112', 'Not Update Yet', 'Not Update Yet', 'QueAnh138@gmail.com', '23A Cach Mang Thang Tam, District 3, Ho Chi Minh City', 138),
(139, 'Student139', 'Le Nguyen My Duyen', '0861462123', 'Not Update Yet', 'Not Update Yet', 'MyDuyen139@gmail.com', '24A Cach Mang Thang Tam, District 3, Ho Chi Minh City', 139),
(140, 'Student140', 'Nguyen Ky Duyen', '0861462113', 'Not Update Yet', 'Not Update Yet', 'KyDuyen140@gmail.com', '25A Cach Mang Thang Tam, District 3, Ho Chi Minh City', 140),
(141, 'Student141', 'Tran Nhu Quynh', '0861462114', 'Not Update Yet', 'Not Update Yet', 'NhuQuynh141@gmail.com', '26A Cach Mang Thang Tam, District 3, Ho Chi Minh City', 141),
(142, 'Student142', 'Nguyen Trung Thu', '0861462115', 'Not Update Yet', 'Not Update Yet', 'TrungThu142@gmail.com', '27A Cach Mang Thang Tam, District 3, Ho Chi Minh City', 142),
(143, 'Student143', 'Thi Van Quoc', '0861472111', 'Not Update Yet', 'Not Update Yet', 'VanQuoc143@gmail.com', '28A Cach Mang Thang Tam, District 3, Ho Chi Minh City', 143),
(144, 'Student144', 'Nguyen Tan Sy', '0861472112', 'Not Update Yet', 'Not Update Yet', 'TanSy144@gmail.com', '29A Cach Mang Thang Tam, District 3, Ho Chi Minh City', 144),
(145, 'Student145', 'Le Van Han', '0861472113', 'Not Update Yet', 'Not Update Yet', 'VanHan145@gmail.com', '30A Cach Mang Thang Tam, District 3, Ho Chi Minh City', 145),
(146, 'Student146', 'Diep Gia Man', '0861472114', 'Not Update Yet', 'Not Update Yet', 'GiaMan146@gmail.com', '31A Cach Mang Thang Tam, District 3, Ho Chi Minh City', 146),
(147, 'Student147', 'Do Hoang Tu', '0861472115', 'Not Update Yet', 'Not Update Yet', 'HoangTu147@gmail.com', '32A Cach Mang Thang Tam, District 3, Ho Chi Minh City', 147),
(148, 'Student148', 'Nguyen Phuoc Toan', '0861482111', 'Not Update Yet', 'Not Update Yet', 'PhuocToan148@gmail.com', '33A Cach Mang Thang Tam, District 3, Ho Chi Minh City', 148),
(149, 'Student149', 'Hoang The Son', '0861482112', 'Not Update Yet', 'Not Update Yet', 'TheSon149@gmail.com', '34A Cach Mang Thang Tam, District 3, Ho Chi Minh City', 149),
(150, 'Student150', 'Do Hoang Tu', '0861482113', 'Not Update Yet', 'Not Update Yet', 'HoangTu150@gmail.com', '35A Cach Mang Thang Tam, District 3, Ho Chi Minh City', 150),
(151, 'Student151', 'Pham The My', '0861482114', 'Not Update Yet', 'Not Update Yet', 'TheMy151@gmail.com', '36A Cach Mang Thang Tam, District 3, Ho Chi Minh City', 151),
(152, 'Student152', 'Nguyen Thi Ngoc Hien', '0861482115', 'Not Update Yet', 'Not Update Yet', 'NgocHien152@gmail.com', '37A Cach Mang Thang Tam, District 3, Ho Chi Minh City', 152),
(153, 'Student153', 'Nguyen Cong Danh', '0861482116', 'Not Update Yet', 'Not Update Yet', 'CongDanh153@gmail.com', '38A Cach Mang Thang Tam, District 3, Ho Chi Minh City', 153),
(154, 'Student154', 'Le Van Hoang', '0861492111', 'Not Update Yet', 'Not Update Yet', 'Hoang154@gmail.com', '39A Cach Mang Thang Tam, District 3, Ho Chi Minh City', 154),
(155, 'Student155', 'Thi Van Qui', '0861492112', 'Not Update Yet', 'Not Update Yet', 'Qui155@gmail.com', '40A Cach Mang Thang Tam, District 3, Ho Chi Minh City', 155),
(156, 'Student156', 'Le Van Quy', '0861492113', 'Not Update Yet', 'Not Update Yet', 'Quy156@gmail.com', '41A Cach Mang Thang Tam, District 3, Ho Chi Minh City', 156),
(157, 'Student157', 'Quy Van Quynh', '0861492114', 'Not Update Yet', 'Not Update Yet', 'Quynh157@gmail.com', '42A Cach Mang Thang Tam, District 3, Ho Chi Minh City', 157),
(158, 'Student158', 'Le Van Chu', '0861492115', 'Not Update Yet', 'Not Update Yet', 'Chu158@gmail.com', '43A Cach Mang Thang Tam, District 3, Ho Chi Minh City', 158),
(159, 'Student159', 'Nguyen Van Thich', '0861502111', 'Not Update Yet', 'Not Update Yet', 'Thich159@gmail.com', '44A Cach Mang Thang Tam, District 3, Ho Chi Minh City', 159),
(160, 'Student160', 'Le Van Hai', '0861502112', 'Not Update Yet', 'Not Update Yet', 'Hai160@gmail.com', '45A Cach Mang Thang Tam, District 3, Ho Chi Minh City', 160),
(161, 'Student161', 'Le Van Nhat', '0861502113', 'Not Update Yet', 'Not Update Yet', 'Nhat161@gmail.com', '46A Cach Mang Thang Tam, District 3, Ho Chi Minh City', 161),
(162, 'Student162', 'Le Van Nhat', '0861502114', 'Not Update Yet', 'Not Update Yet', 'Nhat162@gmail.com', '46A Cach Mang Thang Tam, District 3, Ho Chi Minh City', 162),
-- An 163 -> 193
(163, 'Student163', 'Dang Thi Tuyet Linh', '0331152112', 'Not Update Yet', 'Not Update Yet', 'TuyetLinhDang163312001@gmail.com', '46A Cach Mang Thang Tam, District 3, Ho Chi Minh City', 163),
(164, 'Student164', 'Luong Thi Phi Pham', '0331152116', 'Not Update Yet', 'Not Update Yet', 'PhiPhamLuong164312001@gmail.com', '46A Cach Mang Thang Tam, District 3, Ho Chi Minh City', 164),
(165, 'Student165', 'Vu Nguyen Hoa', '0331152117', 'Not Update Yet', 'Not Update Yet', 'HoaVu165312001@gmail.com', '46A Cach Mang Thang Tam, District 3, Ho Chi Minh City', 165),
(166, 'Student166', 'Nguyen Thuy Diem', '0331152115', 'Not Update Yet', 'Not Update Yet', 'DiemNguyen166312001@gmail.com', '46A Cach Mang Thang Tam, District 3, Ho Chi Minh City', 166),
(167, 'Student167', 'Le Bao Dai', '0331162111', 'Not Update Yet', 'Not Update Yet', 'BaoDai167312001@gmail.com', '46A Cach Mang Thang Tam, District 3, Ho Chi Minh City', 167),
(168, 'Student168', 'To Ngoc Lan Anh', '0331162112', 'Not Update Yet', 'Not Update Yet', 'LanAnh168312001@gmail.com', '46A Cach Mang Thang Tam, District 3, Ho Chi Minh City', 168),
(169, 'Student169', 'Le Nguyen Ky Duyen', '0331162116', 'Not Update Yet', 'Not Update Yet', 'KyDuyen169312001@gmail.com', '46A Cach Mang Thang Tam, District 3, Ho Chi Minh City', 169),
(170, 'Student170', 'Nguyen Huu Phat', '0331166116', 'Not Update Yet', 'Not Update Yet', 'HuuPhat170312001@gmail.com', '46A Cach Mang Thang Tam, District 3, Ho Chi Minh City', 170),
(171, 'Student171', 'Tran Truc Quynh', '0331162117', 'Not Update Yet', 'Not Update Yet', 'TrucQuynh171312001@gmail.com', '46A Cach Mang Thang Tam, District 3, Ho Chi Minh City', 171),
(172, 'Student172', 'Nguyen Binh Thu', '0331162115', 'Not Update Yet', 'Not Update Yet', 'TrungThu172312001@gmail.com', '46A Cach Mang Thang Tam, District 3, Ho Chi Minh City', 172),
(173, 'Student173', 'Nguyen Tan Tai', '0331172111', 'Not Update Yet', 'Not Update Yet', 'TanSy173312001@gmail.com', '46A Cach Mang Thang Tam, District 3, Ho Chi Minh City', 173),
(174, 'Student174', 'Diep Gia Phong', '0331172112', 'Not Update Yet', 'Not Update Yet', 'GiaMan174312001@gmail.com', '46A Cach Mang Thang Tam, District 3, Ho Chi Minh City', 174),
(175, 'Student175', 'Nguyen Phuoc Dai', '0331172116', 'Not Update Yet', 'Not Update Yet', 'PhuocToan175312001@gmail.com', '46A Cach Mang Thang Tam, District 3, Ho Chi Minh City', 175),
(176, 'Student176', 'Hoang Van Son', '0331172117', 'Not Update Yet', 'Not Update Yet', 'TheSon176312001@gmail.com', '46A Cach Mang Thang Tam, District 3, Ho Chi Minh City', 176),
(177, 'Student177', 'Do Tu', '0331172115', 'Not Update Yet', 'Not Update Yet', 'HoangTu177312001@gmail.com', '46A Cach Mang Thang Tam, District 3, Ho Chi Minh City', 177),
(178, 'Student178', 'Pham Van My', '0331182111', 'Not Update Yet', 'Not Update Yet', 'TheMy178312001@gmail.com', '46A Cach Mang Thang Tam, District 3, Ho Chi Minh City', 178),
(179, 'Student179', 'Nguyen Thi Ngoc Nhu', '0331182112', 'Not Update Yet', 'Not Update Yet', 'NgocHien179312001@gmail.com', '46A Cach Mang Thang Tam, District 3, Ho Chi Minh City', 179),
(180, 'Student180', 'Nguyen Cong Thanh', '0331182116', 'Not Update Yet', 'Not Update Yet', 'CongDanh180312001@gmail.com', '46A Cach Mang Thang Tam, District 3, Ho Chi Minh City', 180),
(181, 'Student181', 'Tran Trung Ngoc', '0331182117', 'Not Update Yet', 'Not Update Yet', 'NhuNgoc181312001@gmail.com', '46A Cach Mang Thang Tam, District 3, Ho Chi Minh City', 181),
(182, 'Student182', 'Do Hoang Tien Si', '0331182118', 'Not Update Yet', 'Not Update Yet', 'HoangTien182312001@gmail.com', '46A Cach Mang Thang Tam, District 3, Ho Chi Minh City', 182),
(183, 'Student183', 'Nguyen Tien Tai', '0331182166', 'Not Update Yet', 'Not Update Yet', 'TienSi183312001@gmail.com', '46A Cach Mang Thang Tam, District 3, Ho Chi Minh City', 183),
(184, 'Student184', 'Huynh Ngoc Thao Phuong', '0331192111', 'Not Update Yet', 'Not Update Yet', 'PhuongThao184312001@gmail.com', '46A Cach Mang Thang Tam, District 3, Ho Chi Minh City', 184),
(185, 'Student185', 'Nguyen Thi Tuyet Nhi', '0331192112', 'Not Update Yet', 'Not Update Yet', 'TuyetVan185312001@gmail.com', '46A Cach Mang Thang Tam, District 3, Ho Chi Minh City', 185),
(186, 'Student186', 'Pham Hoang Thai Thanh', '0331192116', 'Not Update Yet', 'Not Update Yet', 'ThanhThanh186312001@gmail.com', '46A Cach Mang Thang Tam, District 3, Ho Chi Minh City', 186),
(187, 'Student187', 'Nguyen Trong Tai', '0331192117', 'Not Update Yet', 'Not Update Yet', 'TrongTan187312001@gmail.com', '46A Cach Mang Thang Tam, District 3, Ho Chi Minh City', 187),
(188, 'Student188', 'Do Hoang Tien Luat', '0331192118', 'Not Update Yet', 'Not Update Yet', 'TienLinh188312001@gmail.com', '46A Cach Mang Thang Tam, District 3, Ho Chi Minh City', 188),
(189, 'Student189', 'Nguyen Van Sinh', '0331802111', 'Not Update Yet', 'Not Update Yet', 'VanCao189312001@gmail.com', '46A Cach Mang Thang Tam, District 3, Ho Chi Minh City', 189),
(190, 'Student190', 'Pham Thi Thao Mai', '0331802112', 'Not Update Yet', 'Not Update Yet', 'ThaoVy190312001@gmail.com', '46A Cach Mang Thang Tam, District 3, Ho Chi Minh City', 190),
(191, 'Student191', 'Nguyen Truc Sinh', '0331802119', 'Not Update Yet', 'Not Update Yet', 'ThaoVy191312001@gmail.com', '46A Cach Mang Thang Tam, District 3, Ho Chi Minh City', 191),
(192, 'Student192', 'Do Tuong Lam', '0331802200', 'Not Update Yet', 'Not Update Yet', 'TuongLam192312001@gmail.com', '46A Cach Mang Thang Tam, District 3, Ho Chi Minh City', 192),
(193, 'Student193', 'Do Tuong Vy', '0331802117', 'Not Update Yet', 'Not Update Yet', 'TuongVy193312001@gmail.com', '46A Cach Mang Thang Tam, District 3, Ho Chi Minh City', 193),
-- Chuong 194 - 223
(194, 'Student194', 'Vo Thi Thanh Thao', '0345858439', 'Not Update Yet', 'Not Update Yet', 'vothithanhthao194p@gmail.com', '194A Cach Mang Thang Tam, District 3, Ho Chi Minh City', 194),
(195, 'Student195', 'Bui Manh Quoc Huy', '0349561118', 'Not Update Yet', 'Not Update Yet', 'buimanhquochuy195@gmail.com', '195A Cach Mang Thang Tam, District 3, Ho Chi Minh City', 195),
(196, 'Student196', 'Le Thi Mai', '0369085225', 'Not Update Yet', 'Not Update Yet', 'lethimai196@gmail.com', '196A Cach Mang Thang Tam, District 3, Ho Chi Minh City', 196),
(197, 'Student197', 'Tran Kim Ngoc', '0344620262', 'Not Update Yet', 'Not Update Yet', 'trankimngoc197@gmail.com', '197A Cach Mang Thang Tam, District 3, Ho Chi Minh City', 197),
(198, 'Student198', 'Lai Nhu Quynh', '0346041221', 'Not Update Yet', 'Not Update Yet', 'lainhuquynh198@gmail.com', '198A Cach Mang Thang Tam, District 3, Ho Chi Minh City', 198),
(199, 'Student199', 'Dang Ngoc Thanh Loan', '0362110887', 'Not Update Yet', 'Not Update Yet', 'dangngocthanhloan199@gmail.com', '199A Cach Mang Thang Tam, District 3, Ho Chi Minh City', 199),
(200, 'Student200', 'Le Thi Dao', '0376384584', 'Not Update Yet', 'Not Update Yet', 'lethidao200@gmail.com', '200A Cach Mang Thang Tam, District 3, Ho Chi Minh City', 200),
(201, 'Student201', 'Phan Doan Minh Hieu', '0378607010', 'Not Update Yet', 'Not Update Yet', 'phamdoanminhhieu201@gmail.com', '201A Cach Mang Thang Tam, District 3, Ho Chi Minh City', 201),
(202, 'Student202', 'Cao Ngoc Phuong Trinh', '0344470247', 'Not Update Yet', 'Not Update Yet', 'caongocphuongtrinh202@gmail.com', '202A Cach Mang Thang Tam, District 3, Ho Chi Minh City', 202),
(203, 'Student203', 'Do Thi Thuy Duong', '0867765166', 'Not Update Yet', 'Not Update Yet', 'dothithuyduong203@gmail.com', '203A Cach Mang Thang Tam, District 3, Ho Chi Minh City', 203),
(204, 'Student204', 'Nguyen Thi Phuong', '0965857328', 'Not Update Yet', 'Not Update Yet', 'nguyenthiphuong204@gmail.com', '204A Cach Mang Thang Tam, District 3, Ho Chi Minh City', 204),
(205, 'Student205', 'Nguyen Thi Minh Hang', '0325540054', 'Not Update Yet', 'Not Update Yet', 'nguyenthiminhhang205@gmail.com', '205A Cach Mang Thang Tam, District 3, Ho Chi Minh City', 205),
(206, 'Student206', 'Nguyen Thi Thanh Tuyen', '0355261466', 'Not Update Yet', 'Not Update Yet', 'nguyenthithanhtuyen206@gmail.com', '206A Cach Mang Thang Tam, District 3, Ho Chi Minh City', 206),
(207, 'Student207', 'Cao Kim Khao Trinh', '0347608885', 'Not Update Yet', 'Not Update Yet', 'caokimkhaotrinh207@gmail.com', '207A Cach Mang Thang Tam, District 3, Ho Chi Minh City', 207),
(208, 'Student208', 'Huynh Thi Thuy Duong', '0368349286', 'Not Update Yet', 'Not Update Yet', 'huynhthithuyduong208@gmail.com', '208A Cach Mang Thang Tam, District 3, Ho Chi Minh City', 208),
(209, 'Student209', 'Tran Duy Lam', '0867828221', 'Not Update Yet', 'Not Update Yet', 'tranduylam209@gmail.com', '209A Cach Mang Thang Tam, District 3, Ho Chi Minh City', 209),
(210, 'Student210', 'Nguyen Thi Thanh Hong', '0352284879', 'Not Update Yet', 'Not Update Yet', 'nguyenthithanhhong210@gmail.com', '210A Cach Mang Thang Tam, District 3, Ho Chi Minh City', 210),
(211, 'Student211', 'Nguyen Thi Thuy Hang', '0397273717', 'Not Update Yet', 'Not Update Yet', 'nguyenthithuyhang211@gmail.com', '211A Cach Mang Thang Tam, District 3, Ho Chi Minh City', 211),
(212, 'Student212', 'Trinh Thi Hai Yen', '0383574379', 'Not Update Yet', 'Not Update Yet', 'trinhthihaiyen212@gmail.com', '212A Cach Mang Thang Tam, District 3, Ho Chi Minh City', 212),
(213, 'Student213', 'Nguyen Thi Kim Oanh', '0389147414', 'Not Update Yet', 'Not Update Yet', 'nguyenthikimoanh213@gmail.com', '213A Cach Mang Thang Tam, District 3, Ho Chi Minh City', 213),
(214, 'Student214', 'Nguyen Thanh Vu', '0948610694', 'Not Update Yet', 'Not Update Yet', 'nguyenthanhvu214@gmail.com', '214A Cach Mang Thang Tam, District 3, Ho Chi Minh City', 214),
(215, 'Student215', 'Dang Thi Ut Tiep', '0949920694', 'Not Update Yet', 'Not Update Yet', 'dangthiuttiep215@gmail.com', '215A Cach Mang Thang Tam, District 3, Ho Chi Minh City', 215),
(216, 'Student216', 'Huynh Thi Khanh Trang', '0944330694', 'Not Update Yet', 'Not Update Yet', 'huynhthikhanhtrang216@gmail.com', '216A Cach Mang Thang Tam, District 3, Ho Chi Minh City', 216),
(217, 'Student217', 'Tran Thi Thuy Nhung', '0946640694', 'Not Update Yet', 'Not Update Yet', 'tranthithuynhung217@gmail.com', '217A Cach Mang Thang Tam, District 3, Ho Chi Minh City', 217),
(218, 'Student218', 'Nguyen Bao Loc', '0943450694', 'Not Update Yet', 'Not Update Yet', 'nguyenbaoloc218@gmail.com', '218A Cach Mang Thang Tam, District 3, Ho Chi Minh City', 218),
(219, 'Student219', 'Nguyen Thuy Hien', '0944790694', 'Not Update Yet', 'Not Update Yet', 'nguyenthuyhien219@gmail.com', '2119A Cach Mang Thang Tam, District 3, Ho Chi Minh City', 219),
(220, 'Student220', 'Le Minh Hieu', '0944618694', 'Not Update Yet', 'Not Update Yet', 'leminhhieu220@gmail.com', '220A Cach Mang Thang Tam, District 3, Ho Chi Minh City', 220),
(221, 'Student221', 'Nguyen Thu Hang', '0944919794', 'Not Update Yet', 'Not Update Yet', 'nguyenthuhang221@gmail.com', '221A Cach Mang Thang Tam, District 3, Ho Chi Minh City', 221),
(222, 'Student222', 'Nguyen Thi Huyen Ly', '0945617994', 'Not Update Yet', 'Not Update Yet', 'nguyenthihuyenly222@gmail.com', '222A Cach Mang Thang Tam, District 3, Ho Chi Minh City', 222),
(223, 'Student223', 'Huynh Van Phung', '0943626794', 'Not Update Yet', 'Not Update Yet', 'huyhvanphung223@gmail.com', '223A Cach Mang Thang Tam, District 3, Ho Chi Minh City', 223);

INSERT INTO `parent_account` (`paraccid`, `rollnum`, `pass`, `parid`) VALUES
(1, 'Student1', '123', 1),
(2, 'Student2', '123', 2),
(3, 'Student3', '123', 3),
(4, 'Student4', '123', 4),
(5, 'Student5', '123', 5),
(6, 'Student6', '123', 6),
(7, 'Student7', '123', 7),
(8, 'Student8', '123', 8),
(9, 'Student9', '123', 9),
(10, 'Student10', '123', 10),
(11, 'Student11', '123', 11),
(12, 'Student12', '123', 12),
(13, 'Student13', '123', 13),
(14, 'Student14', '123', 14),
(15, 'Student15', '123', 15),
(16, 'Student16', '123', 16),
(17, 'Student17', '123', 17),
(18, 'Student18', '123', 18),
(19, 'Student19', '123', 19),
(20, 'Student20', '123', 20),
(21, 'Student21', '123', 21),
(22, 'Student22', '123', 22),
(23, 'Student23', '123', 23),
(24, 'Student24', '123', 24),
(25, 'Student25', '123', 25),
(26, 'Student26', '123', 26),
(27, 'Student27', '123', 27),
(28, 'Student28', '123', 28),
(29, 'Student29', '123', 29),
(30, 'Student30', '123', 30),
(31, 'Student31', '123', 31),
(32, 'Student32', '123', 32),
(33, 'Student33', '123', 33),
(34, 'Student34', '123', 34),
(35, 'Student35', '123', 35),
(36, 'Student36', '123', 36),
(37, 'Student37', '123', 37),
(38, 'Student38', '123', 38),
(39, 'Student39', '123', 39),
(40, 'Student40', '123', 40),
(41, 'Student41', '123', 41),
(42, 'Student42', '123', 42),
(43, 'Student43', '123', 43),
(44, 'Student44', '123', 44),
(45, 'Student45', '123', 45),
(46, 'Student46', '123', 46),
(47, 'Student47', '123', 47),
(48, 'Student48', '123', 48),
(49, 'Student49', '123', 49),
(50, 'Student50', '123', 50),
(51, 'Student51', '123', 51),
(52, 'Student52', '123', 52),
(53, 'Student53', '123', 53),
(54, 'Student54', '123', 54),
(55, 'Student55', '123', 55),
(56, 'Student56', '123', 56),
(57, 'Student57', '123', 57),
(58, 'Student58', '123', 58),
(59, 'Student59', '123', 59),
(60, 'Student60', '123', 60),
(61, 'Student61', '123', 61),
(62, 'Student62', '123', 62),
(63, 'Student63', '123', 63),
(64, 'Student64', '123', 64),
(65, 'Student65', '123', 65),
(66, 'Student66', '123', 66),
(67, 'Student67', '123', 67),
(68, 'Student68', '123', 68),
(69, 'Student69', '123', 69),
(70, 'Student70', '123', 70),
(71, 'Student71', '123', 71),
(72, 'Student72', '123', 72),
(73, 'Student73', '123', 73),
(74, 'Student74', '123', 74),
(75, 'Student75', '123', 75),
(76, 'Student76', '123', 76),
(77, 'Student77', '123', 77),
(78, 'Student78', '123', 78),
(79, 'Student79', '123', 79),
(80, 'Student80', '123', 80),
(81, 'Student81', '123', 81),
(82, 'Student82', '123', 82),
(83, 'Student83', '123', 83),
(84, 'Student84', '123', 84),
(85, 'Student85', '123', 85),
(86, 'Student86', '123', 86),
(87, 'Student87', '123', 87),
(88, 'Student88', '123', 88),
(89, 'Student89', '123', 89),
(90, 'Student90', '123', 90),
(91, 'Student91', '123', 91),
(92, 'Student92', '123', 92),
(93, 'Student93', '123', 93),
(94, 'Student94', '123', 94),
(95, 'Student95', '123', 95),
(96, 'Student96', '123', 96),
(97, 'Student97', '123', 97),
(98, 'Student98', '123', 98),
(99, 'Student99', '123', 99),
(100, 'Student100', '123', 100),
-- Quang 101 -> 131
(101, 'Student101', '123', 101),
(102, 'Student102', '123', 102),
(103, 'Student103', '123', 103),
(104, 'Student104', '123', 104),
(105, 'Student105', '123', 105),
(106, 'Student106', '123', 106),
(107, 'Student107', '123', 107),
(108, 'Student108', '123', 108),
(109, 'Student109', '123', 109),
(110, 'Student110', '123', 110),
(111, 'Student111', '123', 111),
(112, 'Student112', '123', 112),
(113, 'Student113', '123', 113),
(114, 'Student114', '123', 114),
(115, 'Student115', '123', 115),
(116, 'Student116', '123', 116),
(117, 'Student117', '123', 117),
(118, 'Student118', '123', 118),
(119, 'Student119', '123', 119),
(120, 'Student120', '123', 120),
(121, 'Student121', '123', 121),
(122, 'Student122', '123', 122),
(123, 'Student123', '123', 123),
(124, 'Student124', '123', 124),
(125, 'Student125', '123', 125),
(126, 'Student126', '123', 126),
(127, 'Student127', '123', 127),
(128, 'Student128', '123', 128),
(129, 'Student129', '123', 129),
(130, 'Student130', '123', 130),
(131, 'Student131', '123', 131),
-- Thanh 132 -> 162
(132, 'Student132', '123', 132),
(133, 'Student133', '123', 133),
(134, 'Student134', '123', 134),
(135, 'Student135', '123', 135),
(136, 'Student136', '123', 136),
(137, 'Student137', '123', 137),
(138, 'Student138', '123', 138),
(139, 'Student139', '123', 139),
(140, 'Student140', '123', 140),
(141, 'Student141', '123', 141),
(142, 'Student142', '123', 142),
(143, 'Student143', '123', 143),
(144, 'Student144', '123', 144),
(145, 'Student145', '123', 145),
(146, 'Student146', '123', 146),
(147, 'Student147', '123', 147),
(148, 'Student148', '123', 148),
(149, 'Student149', '123', 149),
(150, 'Student150', '123', 150),
(151, 'Student151', '123', 151),
(152, 'Student152', '123', 152),
(153, 'Student153', '123', 153),
(154, 'Student154', '123', 154),
(155, 'Student155', '123', 155),
(156, 'Student156', '123', 156),
(157, 'Student157', '123', 157),
(158, 'Student158', '123', 158),
(159, 'Student159', '123', 159),
(160, 'Student160', '123', 160),
(161, 'Student161', '123', 161),
(162, 'Student162', '123', 162),
-- An 163 -> 193
(163, 'Student163', '123', 163),
(164, 'Student164', '123', 164),
(165, 'Student165', '123', 165),
(166, 'Student166', '123', 166),
(167, 'Student167', '123', 167),
(168, 'Student168', '123', 168),
(169, 'Student169', '123', 169),
(170, 'Student170', '123', 170),
(171, 'Student171', '123', 171),
(172, 'Student172', '123', 172),
(173, 'Student173', '123', 173),
(174, 'Student174', '123', 174),
(175, 'Student175', '123', 175),
(176, 'Student176', '123', 176),
(177, 'Student177', '123', 177),
(178, 'Student178', '123', 178),
(179, 'Student179', '123', 179),
(180, 'Student180', '123', 180),
(181, 'Student181', '123', 181),
(182, 'Student182', '123', 182),
(183, 'Student183', '123', 183),
(184, 'Student184', '123', 184),
(185, 'Student185', '123', 185),
(186, 'Student186', '123', 186),
(187, 'Student187', '123', 187),
(188, 'Student188', '123', 188),
(189, 'Student189', '123', 189),
(190, 'Student190', '123', 190),
(191, 'Student191', '123', 191),
(192, 'Student192', '123', 192),
(193, 'Student193', '123', 193),
-- Chuong 194 -> 223
(194, 'Student194', '123', 194),
(195, 'Student195', '123', 195),
(196, 'Student196', '123', 196),
(197, 'Student197', '123', 197),
(198, 'Student198', '123', 198),
(199, 'Student199', '123', 199),
(200, 'Student200', '123', 200),
(201, 'Student201', '123', 201),
(202, 'Student202', '123', 202),
(203, 'Student203', '123', 203),
(204, 'Student204', '123', 204),
(205, 'Student205', '123', 205),
(206, 'Student206', '123', 206),
(207, 'Student207', '123', 207),
(208, 'Student208', '123', 208),
(209, 'Student209', '123', 209),
(210, 'Student210', '123', 210),
(211, 'Student211', '123', 211),
(212, 'Student212', '123', 212),
(213, 'Student213', '123', 213),
(214, 'Student214', '123', 214),
(215, 'Student215', '123', 215),
(216, 'Student216', '123', 216),
(217, 'Student217', '123', 217),
(218, 'Student218', '123', 218),
(219, 'Student219', '123', 219),
(220, 'Student220', '123', 220),
(221, 'Student221', '123', 221),
(222, 'Student222', '123', 222),
(223, 'Student223', '123', 223);


INSERT INTO `subject` (`subjid`, `shortnm`, `subjnm`, `branchid`) VALUES
(1, 'DayOff', 'Day Off', 1),
-- Aptech: ACCP OV 7023
(2, 'LBEP', 'Logic Building and Elementary Programming', 2),
(3, 'HCJS', 'HTML5, CSS, JavaScript', 2),
(4, 'AJS', 'AngularJS', 2),
(5, 'ePRJ1', 'eProject (Website Development)', 2),
(6, 'DDD', 'Database Design and Development (NCC)', 2),
(7, 'DMS', 'Database Management with SQL Server', 2),
(8, 'MLJ', 'Markup Language and JSON', 2),
(9, 'JP1', 'Java Programing-I', 2),
(10, 'JP2', 'Java Programing-II', 2),
(11, 'ISA', 'Information Systems Analysis (NCC)', 2),
(12, 'tPRJ2', 'Project (Java Application Development)', 2),
(13, 'APC#', 'Application Programming with C#', 2),
(14, 'PDLF', 'PHP Development with Laravel Framework', 2),
(15, 'PIIT', 'Professional Issues in IT (NCC)', 2),
(16, 'ENJS', 'Essentials of NodeJS', 2),
(17, 'WDA', 'Web Developing using ASP.NET MVC', 2),
(18, 'NSC', 'Network Security and Cryptography (NCC)', 2),
(19, 'DMAWS', 'Developing Microsoft Azure and Web Services', 2),
(20, 'EJA', 'Emerging Job Areas-SMAC', 2),
(21, 'ePRJ3', 'eProject (.NET Web Application Development)', 2),
(22, 'AD', 'Agile Development (NCC)', 2),
(23, 'WCD', 'Web Component Development using Java', 2),
(24, 'IASF', 'Integrating Application using Spring Framework', 2),
(25, 'EAD', 'Enterprise Application Development in Java EE', 2),
(26, 'CSW', 'Creating Services for the Web', 2),
(27, 'tPRJ4', 'Project (Java Enterprise Application Development)', 2),
(28, 'IDP', 'Introduction to Dart Programming', 2),
(29, 'ADFD', 'Application Development using Flutter and Dart', 2),
(30, 'CP', 'Computing Project (NCC)', 2),
-- Jetking: HDNSSM
(31, 'BE', 'Basic Electronics', 4),
(32, 'CHOM', 'Computer Hardware & OS & Masaging', 4),
(33, 'IOT', 'IoT', 4),
(34, 'jPRJ1', 'Project 1', 4),
(35, 'CN', 'Computer Networking', 4),
(36, 'ICDN', 'Implementing Cisco Device Network', 4),
(37, 'ICNS', 'Implementing Cisco Network Security', 4),
(38, 'jPRJ2', 'Project 2', 4),
(39, 'IMS', 'Implementing Microsoft Services', 4),
(40, 'ILS1', 'Implementing Linux Services - 1', 4),
(41, 'ILS2', 'Implementing Linux Services - 2', 4),
(42, 'WCI1', 'Working with Cloud Infrastructure - 1', 4),
(43, 'jPRJ3', 'Project 3', 4),
(44, 'WCI2', 'Working with Cloud Infrastructure - 2', 4),
(45, 'NS', 'Network Security', 4),
(46, 'EH', 'Ethical Hacking', 4),
(47, 'DF', 'Digital Forensics', 4),
(48, 'jPRJ4', 'Project 4', 4),
-- Skillking: HDDM V2
(49, 'MF', 'Marketing Fundamentals', 6),
(50, 'DTDM', 'Design Tools for Digital Marketers', 6),
(51, 'CM', 'Content Marketing', 6),
(52, 'SMM', 'Social Media Marketing (SMM)', 6),
(53, 'MAM', 'Mobile App Marketing', 6),
(54, 'sPRJ1', 'Project Assignment 1', 6),
(55, 'MRDP', 'Market Research on Digital Platform', 6),
(56, 'WB', 'Website Building', 6),
(57, 'SEO', 'Search Engine Optimization (SEO)', 6),
(58, 'EM', 'Email Marketing', 6),
(59, 'WGA', 'Website & Google Analytics', 6),
(60, 'sPRJ2', 'Project Assignment 2', 6),
(61, 'SEM', 'Search Engine Marketing (SeM)', 6),
(62, 'AVDS', 'Analytics & Visualization (with Data Studio)', 6),
(63, 'CRM', 'CRM (Hubspot & Google Drive)', 6),
(64, 'VMY', 'Video Marketing & YouTube', 6),
(65, 'AM', 'Affiliate Marketing', 6),
(66, 'sPRJ3', 'Project Assignment 3', 6),
(67, 'PBSO', 'Positioning, Brand Strategy & ORM', 6),
(68, 'IMCO', 'Integrated Marketing Communication & OMNI', 6),
(69, 'DMA', 'Digital Marketing Agency', 6),
(70, 'ECM', 'E-commerce & Marketplace', 6),
(71, 'sPRJ4', 'Projects', 6);


INSERT INTO `subject_details` (`subjdetailsid`, `slots`, `fee`, `subjid`, `semid`, `courid`) VALUES
(1, 0, 0, 1, 1, 1),
-- Aptech: ACCP OV 7023
(2, 10, 100, 2, 2, 2),
(3, 20, 90, 3, 2, 2),
(4, 19, 80, 4, 2, 2),
(5, 17, 70, 5, 2, 2),
(6, 24, 110, 6, 2, 2),
(7, 24, 120, 7, 2, 2),
(8, 15, 130, 8, 3, 2),
(9, 14, 140, 9, 3, 2),
(10, 20, 150, 10, 3, 2),
(11, 9, 90, 11, 3, 2),
(12, 20, 70, 12, 3, 2),
(13, 22, 80, 13, 3, 2),
(14, 21, 130, 14, 3, 2),
(15, 20, 100, 15, 3, 2),
(16, 17, 120, 16, 4, 2),
(17, 14, 90, 17, 4, 2),
(18, 13, 90, 18, 4, 2),
(19, 12, 150, 19, 4, 2),
(20, 18, 130, 20, 4, 2),
(21, 20, 80, 21, 4, 2),
(22, 21, 100, 22, 4, 2),
(23, 11, 60, 23, 5, 2),
(24, 16, 100, 24, 5, 2),
(25, 18, 100, 25, 5, 2),
(26, 15, 100, 26, 5, 2),
(27, 17, 50, 27, 5, 2),
(28, 15, 120, 28, 5, 2),
(29, 16, 110, 29, 5, 2),
(30, 21, 100, 30, 5, 2),
-- Jetking: HDNSSM 
(31, 20, 80, 31, 2, 3),
(32, 21, 100, 32, 2, 3),
(33, 21, 60, 33, 2, 3),
(34, 16, 100, 34, 2, 3),
(35, 18, 100, 35, 3, 3),
(36, 15, 100, 36, 3, 3),
(37, 17, 50, 37, 3, 3),
(38, 15, 120, 38, 3, 3),
(39, 16, 110, 39, 4, 3),
(40, 38, 130, 40, 4, 3),
(41, 30, 80, 41, 4, 3),
(42, 21, 100, 42, 4, 3),
(43, 21, 60, 43, 4, 3),
(44, 36, 100, 44, 5, 3),
(45, 18, 100, 45, 5, 3),
(46, 15, 100, 46, 5, 3),
(47, 17, 50, 47, 5, 3),
(48, 35, 120, 48, 5, 3),
-- Skillking: HDDM V2
(49, 16, 110, 49, 2, 4),
(50, 18, 130, 50, 2, 4),
(51, 20, 80, 51, 2, 4),
(52, 21, 100, 52, 2, 4),
(53, 11, 60, 53, 2, 4),
(54, 16, 100, 54, 2, 4),
(55, 18, 100, 55, 3, 4),
(56, 15, 100, 56, 3, 4),
(57, 17, 50, 57, 3, 4),
(58, 15, 120, 58, 3, 4),
(59, 16, 110, 59, 3, 4),
(60, 28, 130, 60, 3, 4),
(61, 20, 80, 61, 4, 4),
(62, 21, 100, 62, 4, 4),
(63, 11, 60, 63, 4, 4),
(64, 16, 100, 64, 4, 4),
(65, 18, 100, 65, 4, 4),
(66, 15, 100, 66, 4, 4),
(67, 17, 50, 67, 5, 4),
(68, 15, 120, 68, 5, 4),
(69, 16, 110, 69, 5, 4),
(70, 38, 130, 70, 5, 4),
(71, 20, 80, 71, 5, 4);


-- ------------------------------------------------------------------------ Data Demo
INSERT INTO student_group (stugronm,openingdate,`session`,shift,branchcamid,courid,removeat) VALUES
	 ('T1.1607.M0','2021-07-16','M',0,1,2,'No'),
	 ('J1.1006.M1','2021-06-10','M',1,5,3,'No');


INSERT INTO student_class (regissubj,cass,restudytime,semstatus,stuid,stugroid,removeat) VALUES
	 (0,'current class',NULL,0,3,1,'No'),
	 (0,'current class',NULL,0,5,1,'No'),
	 (0,'current class',NULL,0,1,1,'No'),
	 (0,'current class',NULL,0,6,1,'No'),
	 (0,'current class',NULL,0,4,1,'No'),
	 (0,'current class',NULL,0,2,1,'No'),
	 (0,'current class',NULL,0,7,1,'No'),
	 (0,'current class',NULL,0,9,1,'No'),
	 (0,'current class',NULL,0,10,1,'No'),
	 (0,'current class',NULL,0,8,1,'No'),
	 (0,'current class',NULL,0,112,2,'No'),
	 (0,'current class',NULL,0,113,2,'No'),
	 (0,'current class',NULL,0,115,2,'No'),
	 (0,'current class',NULL,0,111,2,'No'),
	 (0,'current class',NULL,0,114,2,'No'),
	 (0,'current class',NULL,0,116,2,'No'),
	 (0,'current class',NULL,0,117,2,'No'),
	 (0,'current class',NULL,0,118,2,'No'),
	 (0,'current class',NULL,0,120,2,'No'),
	 (0,'current class',NULL,0,119,2,'No');

INSERT INTO timetable (subjnm,subjdate,slotofsubjdate,attenteaid,semid,attenedit,note,subjdetailsid,stugroid,roomid,removeat) VALUES
	 ('LBEP-1','2021-07-19','LBEP-1?S1?08:00-10:00',6,1,0,'No Notes',2,1,1,'No'),
	 ('LBEP-2','2021-07-19','LBEP-2?S2?10:00-12:00',6,1,0,'No Notes',2,1,1,'No'),
	 ('LBEP-3','2021-07-21','LBEP-3?S1?08:00-10:00',6,1,0,'No Notes',2,1,1,'No'),
	 ('LBEP-4','2021-07-21','LBEP-4?S2?10:00-12:00',6,1,0,'No Notes',2,1,1,'No'),
	 ('LBEP-5','2021-07-23','LBEP-5?S1?08:00-10:00',6,1,0,'No Notes',2,1,1,'No'),
	 ('LBEP-6','2021-07-23','LBEP-6?S2?10:00-12:00',6,1,0,'No Notes',2,1,1,'No'),
	 ('LBEP-7','2021-07-26','LBEP-7?S1?08:00-10:00',6,1,0,'No Notes',2,1,1,'No'),
	 ('LBEP-8','2021-07-26','LBEP-8?S2?10:00-12:00',6,1,0,'No Notes',2,1,1,'No'),
	 ('LBEP-9','2021-07-28','LBEP-9?S1?08:00-10:00',6,1,0,'No Notes',2,1,1,'No'),
	 ('LBEP-10','2021-07-28','LBEP-10?S2?10:00-12:00',6,1,0,'No Notes',2,1,1,'No'),

	 ('HCJS-1','2021-07-30','HCJS-1?S1?08:00-10:00',6,1,0,'No Notes',3,1,1,'No'),
	 ('HCJS-2','2021-07-30','HCJS-2?S2?10:00-12:00',6,1,0,'No Notes',3,1,1,'No'),
	 ('HCJS-3','2021-08-02','HCJS-3?S1?08:00-10:00',6,1,0,'No Notes',3,1,1,'No'),
	 ('HCJS-4','2021-08-02','HCJS-4?S2?10:00-12:00',6,1,0,'No Notes',3,1,1,'No'),
	 ('HCJS-5','2021-08-04','HCJS-5?S1?08:00-10:00',6,1,0,'No Notes',3,1,1,'No'),
	 ('HCJS-6','2021-08-04','HCJS-6?S2?10:00-12:00',6,1,0,'No Notes',3,1,1,'No'),
	 ('HCJS-7','2021-08-06','HCJS-7?S1?08:00-10:00',6,1,0,'No Notes',3,1,1,'No'),
	 ('HCJS-8','2021-08-06','HCJS-8?S2?10:00-12:00',6,1,0,'No Notes',3,1,1,'No'),
	 ('HCJS-9','2021-08-09','HCJS-9?S1?08:00-10:00',6,1,0,'No Notes',3,1,1,'No'),
	 ('HCJS-10','2021-08-09','HCJS-10?S2?10:00-12:00',6,1,0,'No Notes',3,1,1,'No'),

	 ('HCJS-11','2021-08-11','HCJS-11?S1?08:00-10:00',6,1,0,'No Notes',3,1,1,'No'),
	 ('HCJS-12','2021-08-11','HCJS-12?S2?10:00-12:00',6,1,0,'No Notes',3,1,1,'No'),
	 ('HCJS-13','2021-08-13','HCJS-13?S1?08:00-10:00',6,1,0,'No Notes',3,1,1,'No'),
	 ('HCJS-14','2021-08-13','HCJS-14?S2?10:00-12:00',6,1,0,'No Notes',3,1,1,'No'),
	 ('HCJS-15','2021-08-16','HCJS-15?S1?08:00-10:00',6,1,0,'No Notes',3,1,1,'No'),
	 ('HCJS-16','2021-08-16','HCJS-16?S2?10:00-12:00',6,1,0,'No Notes',3,1,1,'No'),
	 ('HCJS-17','2021-08-18','HCJS-17?S1?08:00-10:00',6,1,0,'No Notes',3,1,1,'No'),
	 ('HCJS-18','2021-08-18','HCJS-18?S2?10:00-12:00',6,1,0,'No Notes',3,1,1,'No'),
	 ('HCJS-19','2021-08-20','HCJS-19?S1?08:00-10:00',6,1,0,'No Notes',3,1,1,'No'),
	 ('HCJS-20','2021-08-20','HCJS-20?S2?10:00-12:00',6,1,0,'No Notes',3,1,1,'No'),

	 ('AJS-1','2021-08-23','AJS-1?S1?08:00-10:00',6,1,0,'No Notes',4,1,1,'No'),
	 ('AJS-2','2021-08-23','AJS-2?S2?10:00-12:00',6,1,0,'No Notes',4,1,1,'No'),
	 ('AJS-3','2021-08-25','AJS-3?S1?08:00-10:00',6,1,0,'No Notes',4,1,1,'No'),
	 ('AJS-4','2021-08-25','AJS-4?S2?10:00-12:00',6,1,0,'No Notes',4,1,1,'No'),
	 ('AJS-5','2021-08-27','AJS-5?S1?08:00-10:00',6,1,0,'No Notes',4,1,1,'No'),
	 ('AJS-6','2021-08-27','AJS-6?S2?10:00-12:00',6,1,0,'No Notes',4,1,1,'No'),
	 ('AJS-7','2021-08-30','AJS-7?S1?08:00-10:00',6,1,0,'No Notes',4,1,1,'No'),
	 ('AJS-8','2021-08-30','AJS-8?S2?10:00-12:00',6,1,0,'No Notes',4,1,1,'No'),
	 ('AJS-9','2021-09-01','AJS-9?S1?08:00-10:00',6,1,0,'No Notes',4,1,1,'No'),
	 ('AJS-10','2021-09-01','AJS-10?S2?10:00-12:00',6,1,0,'No Notes',4,1,1,'No'),

	 ('AJS-11','2021-09-03','AJS-11?S1?08:00-10:00',6,1,0,'No Notes',4,1,1,'No'),
	 ('AJS-12','2021-09-03','AJS-12?S2?10:00-12:00',6,1,0,'No Notes',4,1,1,'No'),
	 ('AJS-13','2021-09-06','AJS-13?S1?08:00-10:00',6,1,0,'No Notes',4,1,1,'No'),
	 ('AJS-14','2021-09-06','AJS-14?S2?10:00-12:00',6,1,0,'No Notes',4,1,1,'No'),
	 ('AJS-15','2021-09-08','AJS-15?S1?08:00-10:00',6,1,0,'No Notes',4,1,1,'No'),
	 ('AJS-16','2021-09-08','AJS-16?S2?10:00-12:00',6,1,0,'No Notes',4,1,1,'No'),
	 ('AJS-17','2021-09-10','AJS-17?S1?08:00-10:00',6,1,0,'No Notes',4,1,1,'No'),
	 ('AJS-18','2021-09-10','AJS-18?S2?10:00-12:00',6,1,0,'No Notes',4,1,1,'No'),
	 ('AJS-19','2021-09-13','AJS-19?S1?08:00-10:00',6,1,0,'No Notes',4,1,1,'No'),
	 ('Day Off','2021-09-13','AJS-19?S2?10:00-12:00',0,1,0,'No Notes',1,1,1,'No'),

	 ('ePRJ1-1','2021-09-15','ePRJ1-1?S1?08:00-10:00',6,1,0,'No Notes',5,1,1,'No'),
	 ('ePRJ1-2','2021-09-15','ePRJ1-2?S2?10:00-12:00',6,1,0,'No Notes',5,1,1,'No'),
	 ('ePRJ1-3','2021-09-17','ePRJ1-3?S1?08:00-10:00',6,1,0,'No Notes',5,1,1,'No'),
	 ('ePRJ1-4','2021-09-17','ePRJ1-4?S2?10:00-12:00',6,1,0,'No Notes',5,1,1,'No'),
	 ('ePRJ1-5','2021-09-20','ePRJ1-5?S1?08:00-10:00',6,1,0,'No Notes',5,1,1,'No'),
	 ('ePRJ1-6','2021-09-20','ePRJ1-6?S2?10:00-12:00',6,1,0,'No Notes',5,1,1,'No'),
	 ('ePRJ1-7','2021-09-22','ePRJ1-7?S1?08:00-10:00',6,1,0,'No Notes',5,1,1,'No'),
	 ('ePRJ1-8','2021-09-22','ePRJ1-8?S2?10:00-12:00',6,1,0,'No Notes',5,1,1,'No'),
	 ('ePRJ1-9','2021-09-24','ePRJ1-9?S1?08:00-10:00',6,1,0,'No Notes',5,1,1,'No'),
	 ('ePRJ1-10','2021-09-24','ePRJ1-10?S2?10:00-12:00',6,1,0,'No Notes',5,1,1,'No'),

	 ('ePRJ1-11','2021-09-27','ePRJ1-11?S1?08:00-10:00',6,1,0,'No Notes',5,1,1,'No'),
	 ('ePRJ1-12','2021-09-27','ePRJ1-12?S2?10:00-12:00',6,1,0,'No Notes',5,1,1,'No'),
	 ('ePRJ1-13','2021-09-29','ePRJ1-13?S1?08:00-10:00',6,1,0,'No Notes',5,1,1,'No'),
	 ('ePRJ1-14','2021-09-29','ePRJ1-14?S2?10:00-12:00',6,1,0,'No Notes',5,1,1,'No'),
	 ('ePRJ1-15','2021-10-01','ePRJ1-15?S1?08:00-10:00',6,1,0,'No Notes',5,1,1,'No'),
	 ('ePRJ1-16','2021-10-01','ePRJ1-16?S2?10:00-12:00',6,1,0,'No Notes',5,1,1,'No'),
	 ('ePRJ1-17','2021-10-04','ePRJ1-17?S1?08:00-10:00',6,1,0,'No Notes',5,1,1,'No'),
	 ('Day Off','2021-10-04','ePRJ1-17?S2?10:00-12:00',0,1,0,'No Notes',1,1,1,'No'),
	 ('DDD-1','2021-10-06','DDD-1?S1?08:00-10:00',6,1,0,'No Notes',6,1,1,'No'),
	 ('DDD-2','2021-10-06','DDD-2?S2?10:00-12:00',6,1,0,'No Notes',6,1,1,'No'),

	 ('DDD-3','2021-10-08','DDD-3?S1?08:00-10:00',6,1,0,'No Notes',6,1,1,'No'),
	 ('DDD-4','2021-10-08','DDD-4?S2?10:00-12:00',6,1,0,'No Notes',6,1,1,'No'),
	 ('DDD-5','2021-10-11','DDD-5?S1?08:00-10:00',6,1,0,'No Notes',6,1,1,'No'),
	 ('DDD-6','2021-10-11','DDD-6?S2?10:00-12:00',6,1,0,'No Notes',6,1,1,'No'),
	 ('DDD-7','2021-10-13','DDD-7?S1?08:00-10:00',6,1,0,'No Notes',6,1,1,'No'),
	 ('DDD-8','2021-10-13','DDD-8?S2?10:00-12:00',6,1,0,'No Notes',6,1,1,'No'),
	 ('DDD-9','2021-10-15','DDD-9?S1?08:00-10:00',6,1,0,'No Notes',6,1,1,'No'),
	 ('DDD-10','2021-10-15','DDD-10?S2?10:00-12:00',6,1,0,'No Notes',6,1,1,'No'),
	 ('DDD-11','2021-10-18','DDD-11?S1?08:00-10:00',6,1,0,'No Notes',6,1,1,'No'),
	 ('DDD-12','2021-10-18','DDD-12?S2?10:00-12:00',6,1,0,'No Notes',6,1,1,'No'),

	 ('DDD-13','2021-10-20','DDD-13?S1?08:00-10:00',6,1,0,'No Notes',6,1,1,'No'),
	 ('DDD-14','2021-10-20','DDD-14?S2?10:00-12:00',6,1,0,'No Notes',6,1,1,'No'),
	 ('DDD-15','2021-10-22','DDD-15?S1?08:00-10:00',6,1,0,'No Notes',6,1,1,'No'),
	 ('DDD-16','2021-10-22','DDD-16?S2?10:00-12:00',6,1,0,'No Notes',6,1,1,'No'),
	 ('DDD-17','2021-10-25','DDD-17?S1?08:00-10:00',6,1,0,'No Notes',6,1,1,'No'),
	 ('DDD-18','2021-10-25','DDD-18?S2?10:00-12:00',6,1,0,'No Notes',6,1,1,'No'),
	 ('DDD-19','2021-10-27','DDD-19?S1?08:00-10:00',6,1,0,'No Notes',6,1,1,'No'),
	 ('DDD-20','2021-10-27','DDD-20?S2?10:00-12:00',6,1,0,'No Notes',6,1,1,'No'),
	 ('DDD-21','2021-10-29','DDD-21?S1?08:00-10:00',6,1,0,'No Notes',6,1,1,'No'),
	 ('DDD-22','2021-10-29','DDD-22?S2?10:00-12:00',6,1,0,'No Notes',6,1,1,'No'),

	 ('DDD-23','2021-11-01','DDD-23?S1?08:00-10:00',6,1,0,'No Notes',6,1,1,'No'),
	 ('DDD-24','2021-11-01','DDD-24?S2?10:00-12:00',6,1,0,'No Notes',6,1,1,'No'),
	 ('DMS-1','2021-11-03','DMS-1?S1?08:00-10:00',6,1,0,'No Notes',7,1,1,'No'),
	 ('DMS-2','2021-11-03','DMS-2?S2?10:00-12:00',6,1,0,'No Notes',7,1,1,'No'),
	 ('DMS-3','2021-11-05','DMS-3?S1?08:00-10:00',6,1,0,'No Notes',7,1,1,'No'),
	 ('DMS-4','2021-11-05','DMS-4?S2?10:00-12:00',6,1,0,'No Notes',7,1,1,'No'),
	 ('DMS-5','2021-11-08','DMS-5?S1?08:00-10:00',6,1,0,'No Notes',7,1,1,'No'),
	 ('DMS-6','2021-11-08','DMS-6?S2?10:00-12:00',6,1,0,'No Notes',7,1,1,'No'),
	 ('DMS-7','2021-11-10','DMS-7?S1?08:00-10:00',6,1,0,'No Notes',7,1,1,'No'),
	 ('DMS-8','2021-11-10','DMS-8?S2?10:00-12:00',6,1,0,'No Notes',7,1,1,'No'),

	 ('DMS-9','2021-11-12','DMS-9?S1?08:00-10:00',6,1,0,'No Notes',7,1,1,'No'),
	 ('DMS-10','2021-11-12','DMS-10?S2?10:00-12:00',6,1,0,'No Notes',7,1,1,'No'),
	 ('DMS-11','2021-11-15','DMS-11?S1?08:00-10:00',6,1,0,'No Notes',7,1,1,'No'),
	 ('DMS-12','2021-11-15','DMS-12?S2?10:00-12:00',6,1,0,'No Notes',7,1,1,'No'),
	 ('DMS-13','2021-11-17','DMS-13?S1?08:00-10:00',6,1,0,'No Notes',7,1,1,'No'),
	 ('DMS-14','2021-11-17','DMS-14?S2?10:00-12:00',6,1,0,'No Notes',7,1,1,'No'),
	 ('DMS-15','2021-11-19','DMS-15?S1?08:00-10:00',6,1,0,'No Notes',7,1,1,'No'),
	 ('DMS-16','2021-11-19','DMS-16?S2?10:00-12:00',6,1,0,'No Notes',7,1,1,'No'),
	 ('DMS-17','2021-11-22','DMS-17?S1?08:00-10:00',6,1,0,'No Notes',7,1,1,'No'),
	 ('DMS-18','2021-11-22','DMS-18?S2?10:00-12:00',6,1,0,'No Notes',7,1,1,'No'),

	 ('DMS-19','2021-11-24','DMS-19?S1?08:00-10:00',6,1,0,'No Notes',7,1,1,'No'),
	 ('DMS-20','2021-11-24','DMS-20?S2?10:00-12:00',6,1,0,'No Notes',7,1,1,'No'),
	 ('DMS-21','2021-11-26','DMS-21?S1?08:00-10:00',6,1,0,'No Notes',7,1,1,'No'),
	 ('DMS-22','2021-11-26','DMS-22?S2?10:00-12:00',6,1,0,'No Notes',7,1,1,'No'),
	 ('DMS-23','2021-11-29','DMS-23?S1?08:00-10:00',6,1,0,'No Notes',7,1,1,'No'),
	 ('DMS-24','2021-11-29','DMS-24?S2?10:00-12:00',6,1,0,'No Notes',7,1,1,'No'),
	 ('BE-1','2021-06-12','BE-1?S1?08:00-10:00',11,1,0,'No Notes',31,2,1,'No'),
	 ('BE-2','2021-06-12','BE-2?S2?10:00-12:00',11,1,0,'No Notes',31,2,1,'No'),
	 ('BE-3','2021-06-15','BE-3?S1?08:00-10:00',11,1,0,'No Notes',31,2,1,'No'),
	 ('BE-4','2021-06-15','BE-4?S2?10:00-12:00',11,1,0,'No Notes',31,2,1,'No'),

	 ('BE-5','2021-06-17','BE-5?S1?08:00-10:00',11,1,0,'No Notes',31,2,1,'No'),
	 ('BE-6','2021-06-17','BE-6?S2?10:00-12:00',11,1,0,'No Notes',31,2,1,'No'),
	 ('BE-7','2021-06-19','BE-7?S1?08:00-10:00',11,1,0,'No Notes',31,2,1,'No'),
	 ('BE-8','2021-06-19','BE-8?S2?10:00-12:00',11,1,0,'No Notes',31,2,1,'No'),
	 ('BE-9','2021-06-22','BE-9?S1?08:00-10:00',11,1,0,'No Notes',31,2,1,'No'),
	 ('BE-10','2021-06-22','BE-10?S2?10:00-12:00',11,1,0,'No Notes',31,2,1,'No'),
	 ('BE-11','2021-06-24','BE-11?S1?08:00-10:00',11,1,0,'No Notes',31,2,1,'No'),
	 ('BE-12','2021-06-24','BE-12?S2?10:00-12:00',11,1,0,'No Notes',31,2,1,'No'),
	 ('BE-13','2021-06-26','BE-13?S1?08:00-10:00',11,1,0,'No Notes',31,2,1,'No'),
	 ('BE-14','2021-06-26','BE-14?S2?10:00-12:00',11,1,0,'No Notes',31,2,1,'No'),

	 ('BE-15','2021-06-29','BE-15?S1?08:00-10:00',11,1,0,'No Notes',31,2,1,'No'),
	 ('BE-16','2021-06-29','BE-16?S2?10:00-12:00',11,1,0,'No Notes',31,2,1,'No'),
	 ('BE-17','2021-07-01','BE-17?S1?08:00-10:00',11,1,0,'No Notes',31,2,1,'No'),
	 ('BE-18','2021-07-01','BE-18?S2?10:00-12:00',11,1,0,'No Notes',31,2,1,'No'),
	 ('BE-19','2021-07-03','BE-19?S1?08:00-10:00',11,1,0,'No Notes',31,2,1,'No'),
	 ('BE-20','2021-07-03','BE-20?S2?10:00-12:00',11,1,0,'No Notes',31,2,1,'No'),
	 ('CHOM-1','2021-07-06','CHOM-1?S1?08:00-10:00',11,1,0,'No Notes',32,2,1,'No'),
	 ('CHOM-2','2021-07-06','CHOM-2?S2?10:00-12:00',11,1,0,'No Notes',32,2,1,'No'),
	 ('CHOM-3','2021-07-08','CHOM-3?S1?08:00-10:00',11,1,0,'No Notes',32,2,1,'No'),
	 ('CHOM-4','2021-07-08','CHOM-4?S2?10:00-12:00',11,1,0,'No Notes',32,2,1,'No'),

	 ('CHOM-5','2021-07-10','CHOM-5?S1?08:00-10:00',11,1,0,'No Notes',32,2,1,'No'),
	 ('CHOM-6','2021-07-10','CHOM-6?S2?10:00-12:00',11,1,0,'No Notes',32,2,1,'No'),
	 ('CHOM-7','2021-07-13','CHOM-7?S1?08:00-10:00',11,1,0,'No Notes',32,2,1,'No'),
	 ('CHOM-8','2021-07-13','CHOM-8?S2?10:00-12:00',11,1,0,'No Notes',32,2,1,'No'),
	 ('CHOM-9','2021-07-15','CHOM-9?S1?08:00-10:00',11,1,0,'No Notes',32,2,1,'No'),
	 ('CHOM-10','2021-07-15','CHOM-10?S2?10:00-12:00',11,1,0,'No Notes',32,2,1,'No'),
	 ('CHOM-11','2021-07-17','CHOM-11?S1?08:00-10:00',11,1,0,'No Notes',32,2,1,'No'),
	 ('CHOM-12','2021-07-17','CHOM-12?S2?10:00-12:00',11,1,0,'No Notes',32,2,1,'No'),
	 ('CHOM-13','2021-07-20','CHOM-13?S1?08:00-10:00',11,1,0,'No Notes',32,2,1,'No'),
	 ('CHOM-14','2021-07-20','CHOM-14?S2?10:00-12:00',11,1,0,'No Notes',32,2,1,'No'),

	 ('CHOM-15','2021-07-22','CHOM-15?S1?08:00-10:00',11,1,0,'No Notes',32,2,1,'No'),
	 ('CHOM-16','2021-07-22','CHOM-16?S2?10:00-12:00',11,1,0,'No Notes',32,2,1,'No'),
	 ('CHOM-17','2021-07-24','CHOM-17?S1?08:00-10:00',11,1,0,'No Notes',32,2,1,'No'),
	 ('CHOM-18','2021-07-24','CHOM-18?S2?10:00-12:00',11,1,0,'No Notes',32,2,1,'No'),
	 ('CHOM-19','2021-07-27','CHOM-19?S1?08:00-10:00',11,1,0,'No Notes',32,2,1,'No'),
	 ('CHOM-20','2021-07-27','CHOM-20?S2?10:00-12:00',11,1,0,'No Notes',32,2,1,'No'),
	 ('CHOM-21','2021-07-29','CHOM-21?S1?08:00-10:00',11,1,0,'No Notes',32,2,1,'No'),
	 ('Day Off','2021-07-29','CHOM-21?S2?10:00-12:00',0,1,0,'No Notes',1,2,1,'No'),
	 ('IOT-1','2021-07-31','IOT-1?S1?08:00-10:00',11,1,0,'No Notes',33,2,1,'No'),
	 ('IOT-2','2021-07-31','IOT-2?S2?10:00-12:00',11,1,0,'No Notes',33,2,1,'No'),

	 ('IOT-3','2021-08-03','IOT-3?S1?08:00-10:00',11,1,0,'No Notes',33,2,1,'No'),
	 ('IOT-4','2021-08-03','IOT-4?S2?10:00-12:00',11,1,0,'No Notes',33,2,1,'No'),
	 ('IOT-5','2021-08-05','IOT-5?S1?08:00-10:00',11,1,0,'No Notes',33,2,1,'No'),
	 ('IOT-6','2021-08-05','IOT-6?S2?10:00-12:00',11,1,0,'No Notes',33,2,1,'No'),
	 ('IOT-7','2021-08-07','IOT-7?S1?08:00-10:00',11,1,0,'No Notes',33,2,1,'No'),
	 ('IOT-8','2021-08-07','IOT-8?S2?10:00-12:00',11,1,0,'No Notes',33,2,1,'No'),
	 ('IOT-9','2021-08-10','IOT-9?S1?08:00-10:00',11,1,0,'No Notes',33,2,1,'No'),
	 ('IOT-10','2021-08-10','IOT-10?S2?10:00-12:00',11,1,0,'No Notes',33,2,1,'No'),
	 ('IOT-11','2021-08-12','IOT-11?S1?08:00-10:00',11,1,0,'No Notes',33,2,1,'No'),
	 ('IOT-12','2021-08-12','IOT-12?S2?10:00-12:00',11,1,0,'No Notes',33,2,1,'No'),

	 ('IOT-13','2021-08-14','IOT-13?S1?08:00-10:00',11,1,0,'No Notes',33,2,1,'No'),
	 ('IOT-14','2021-08-14','IOT-14?S2?10:00-12:00',11,1,0,'No Notes',33,2,1,'No'),
	 ('IOT-15','2021-08-17','IOT-15?S1?08:00-10:00',11,1,0,'No Notes',33,2,1,'No'),
	 ('IOT-16','2021-08-17','IOT-16?S2?10:00-12:00',11,1,0,'No Notes',33,2,1,'No'),
	 ('IOT-17','2021-08-19','IOT-17?S1?08:00-10:00',11,1,0,'No Notes',33,2,1,'No'),
	 ('IOT-18','2021-08-19','IOT-18?S2?10:00-12:00',11,1,0,'No Notes',33,2,1,'No'),
	 ('IOT-19','2021-08-21','IOT-19?S1?08:00-10:00',11,1,0,'No Notes',33,2,1,'No'),
	 ('IOT-20','2021-08-21','IOT-20?S2?10:00-12:00',11,1,0,'No Notes',33,2,1,'No'),
	 ('IOT-21','2021-08-24','IOT-21?S1?08:00-10:00',11,1,0,'No Notes',33,2,1,'No'),
	 ('Day Off','2021-08-24','IOT-21?S2?10:00-12:00',0,1,0,'No Notes',1,2,1,'No'),

	 ('jPRJ1-1','2021-08-26','jPRJ1-1?S1?08:00-10:00',11,1,0,'No Notes',34,2,1,'No'),
	 ('jPRJ1-2','2021-08-26','jPRJ1-2?S2?10:00-12:00',11,1,0,'No Notes',34,2,1,'No'),
	 ('jPRJ1-3','2021-08-28','jPRJ1-3?S1?08:00-10:00',11,1,0,'No Notes',34,2,1,'No'),
	 ('jPRJ1-4','2021-08-28','jPRJ1-4?S2?10:00-12:00',11,1,0,'No Notes',34,2,1,'No'),
	 ('jPRJ1-5','2021-08-31','jPRJ1-5?S1?08:00-10:00',11,1,0,'No Notes',34,2,1,'No'),
	 ('jPRJ1-6','2021-08-31','jPRJ1-6?S2?10:00-12:00',11,1,0,'No Notes',34,2,1,'No'),
	 ('jPRJ1-7','2021-09-02','jPRJ1-7?S1?08:00-10:00',11,1,0,'No Notes',34,2,1,'No'),
	 ('jPRJ1-8','2021-09-02','jPRJ1-8?S2?10:00-12:00',11,1,0,'No Notes',34,2,1,'No'),
	 ('jPRJ1-9','2021-09-04','jPRJ1-9?S1?08:00-10:00',11,1,0,'No Notes',34,2,1,'No'),
	 ('jPRJ1-10','2021-09-04','jPRJ1-10?S2?10:00-12:00',11,1,0,'No Notes',34,2,1,'No'),

	 ('jPRJ1-11','2021-09-07','jPRJ1-11?S1?08:00-10:00',11,1,0,'No Notes',34,2,1,'No'),
	 ('jPRJ1-12','2021-09-07','jPRJ1-12?S2?10:00-12:00',11,1,0,'No Notes',34,2,1,'No'),
	 ('jPRJ1-13','2021-09-09','jPRJ1-13?S1?08:00-10:00',11,1,0,'No Notes',34,2,1,'No'),
	 ('jPRJ1-14','2021-09-09','jPRJ1-14?S2?10:00-12:00',11,1,0,'No Notes',34,2,1,'No'),
	 ('jPRJ1-15','2021-09-11','jPRJ1-15?S1?08:00-10:00',11,1,0,'No Notes',34,2,1,'No'),
	 ('jPRJ1-16','2021-09-11','jPRJ1-16?S2?10:00-12:00',11,1,0,'No Notes',34,2,1,'No');

INSERT INTO attendance (present,note,timetableid,stuid,removeat) VALUES
	 (1,'',1,3,'No'),
	 (1,'',1,5,'No'),
	 (1,'',1,1,'No'),
	 (1,'',1,6,'No'),
	 (1,'',1,4,'No'),
	 (1,'',1,2,'No'),
	 (1,'',1,7,'No'),
	 (1,'',1,9,'No'),
	 (1,'',1,10,'No'),
	 (1,'',1,8,'No'),

	 (1,'',2,3,'No'),
	 (0,'',2,5,'No'),
	 (1,'',2,1,'No'),
	 (0,'',2,6,'No'),
	 (1,'',2,4,'No'),
	 (0,'',2,2,'No'),
	 (0,'',2,7,'No'),
	 (0,'',2,9,'No'),
	 (1,'',2,10,'No'),
	 (0,'',2,8,'No'),

	 (1,'',3,3,'No'),
	 (1,'',3,5,'No'),
	 (0,'',3,1,'No'),
	 (1,'',3,6,'No'),
	 (1,'',3,4,'No'),
	 (1,'',3,2,'No'),
	 (0,'',3,7,'No'),
	 (1,'',3,9,'No'),
	 (1,'',3,10,'No'),
	 (1,'',3,8,'No'),

	 (1,'',4,3,'No'),
	 (1,'',4,5,'No'),
	 (1,'',4,1,'No'),
	 (1,'',4,6,'No'),
	 (1,'',4,4,'No'),
	 (1,'',4,2,'No'),
	 (1,'',4,7,'No'),
	 (1,'',4,9,'No'),
	 (1,'',4,10,'No'),
	 (1,'',4,8,'No'),

	 (1,'',5,3,'No'),
	 (1,'',5,5,'No'),
	 (1,'',5,1,'No'),
	 (1,'',5,6,'No'),
	 (1,'',5,4,'No'),
	 (1,'',5,2,'No'),
	 (1,'',5,7,'No'),
	 (1,'',5,9,'No'),
	 (1,'',5,10,'No'),
	 (1,'',5,8,'No'),

	 (1,'',6,3,'No'),
	 (1,'',6,5,'No'),
	 (0,'',6,1,'No'),
	 (0,'',6,6,'No'),
	 (1,'',6,4,'No'),
	 (1,'',6,2,'No'),
	 (1,'',6,7,'No'),
	 (1,'',6,9,'No'),
	 (1,'',6,10,'No'),
	 (1,'',6,8,'No'),

	 (1,'',7,3,'No'),
	 (1,'',7,5,'No'),
	 (0,'Xin Phep',7,1,'No'),
	 (1,'',7,6,'No'),
	 (1,'',7,4,'No'),
	 (1,'',7,2,'No'),
	 (1,'',7,7,'No'),
	 (1,'',7,9,'No'),
	 (1,'',7,10,'No'),
	 (1,'',7,8,'No'),

	 (0,'',8,3,'No'),
	 (0,'',8,5,'No'),
	 (0,'',8,1,'No'),
	 (0,'',8,6,'No'),
	 (1,'',8,4,'No'),
	 (1,'',8,2,'No'),
	 (1,'',8,7,'No'),
	 (1,'',8,9,'No'),
	 (1,'',8,10,'No'),
	 (1,'',8,8,'No'),

	 (1,'',9,3,'No'),
	 (1,'',9,5,'No'),
	 (1,'',9,1,'No'),
	 (1,'',9,6,'No'),
	 (1,'',9,4,'No'),
	 (1,'',9,2,'No'),
	 (1,'',9,7,'No'),
	 (1,'',9,9,'No'),
	 (1,'',9,10,'No'),
	 (1,'',9,8,'No'),

	 (0,'',10,3,'No'),
	 (0,'',10,5,'No'),
	 (0,'',10,1,'No'),
	 (0,'',10,6,'No'),
	 (1,'',10,4,'No'),
	 (1,'',10,2,'No'),
	 (1,'',10,7,'No'),
	 (1,'',10,9,'No'),
	 (1,'',10,10,'No'),
	 (1,'',10,8,'No'),

	 (1,'',117,112,'No'),
	 (1,'',117,113,'No'),
	 (1,'',117,115,'No'),
	 (1,'',117,111,'No'),
	 (1,'',117,114,'No'),
	 (1,'',117,116,'No'),
	 (1,'',117,117,'No'),
	 (1,'',117,118,'No'),
	 (1,'',117,120,'No'),
	 (1,'',117,119,'No'),

	 (1,'',118,112,'No'),
	 (1,'',118,113,'No'),
	 (1,'',118,115,'No'),
	 (1,'',118,111,'No'),
	 (1,'',118,114,'No'),
	 (1,'',118,116,'No'),
	 (1,'',118,117,'No'),
	 (1,'',118,118,'No'),
	 (1,'',118,120,'No'),
	 (1,'',118,119,'No'),

	 (1,'',119,112,'No'),
	 (1,'',119,113,'No'),
	 (1,'',119,115,'No'),
	 (1,'',119,111,'No'),
	 (1,'',119,114,'No'),
	 (1,'',119,116,'No'),
	 (1,'',119,117,'No'),
	 (1,'',119,118,'No'),
	 (1,'',119,120,'No'),
	 (1,'',119,119,'No'),

	 (0,'',120,112,'No'),
	 (0,'',120,113,'No'),
	 (0,'',120,115,'No'),
	 (0,'',120,111,'No'),
	 (0,'',120,114,'No'),
	 (0,'',120,116,'No'),
	 (0,'',120,117,'No'),
	 (0,'',120,118,'No'),
	 (0,'',120,120,'No'),
	 (0,'',120,119,'No'),

	 (1,'',121,112,'No'),
	 (1,'',121,113,'No'),
	 (1,'',121,115,'No'),
	 (1,'',121,111,'No'),
	 (1,'',121,114,'No'),
	 (1,'',121,116,'No'),
	 (1,'',121,117,'No'),
	 (1,'',121,118,'No'),
	 (1,'',121,120,'No'),
	 (1,'',121,119,'No'),

	 (1,'',122,112,'No'),
	 (1,'',122,113,'No'),
	 (1,'',122,115,'No'),
	 (1,'',122,111,'No'),
	 (1,'',122,114,'No'),
	 (1,'',122,116,'No'),
	 (1,'',122,117,'No'),
	 (1,'',122,118,'No'),
	 (1,'',122,120,'No'),
	 (1,'',122,119,'No'),

	 (1,'',123,112,'No'),
	 (1,'',123,113,'No'),
	 (1,'',123,115,'No'),
	 (1,'',123,111,'No'),
	 (1,'',123,114,'No'),
	 (1,'',123,116,'No'),
	 (1,'',123,117,'No'),
	 (1,'',123,118,'No'),
	 (1,'',123,120,'No'),
	 (1,'',123,119,'No'),

	 (1,'',124,112,'No'),
	 (1,'',124,113,'No'),
	 (1,'',124,115,'No'),
	 (1,'',124,111,'No'),
	 (1,'',124,114,'No'),
	 (1,'',124,116,'No'),
	 (1,'',124,117,'No'),
	 (1,'',124,118,'No'),
	 (1,'',124,120,'No'),
	 (1,'',124,119,'No'),

	 (1,'',125,112,'No'),
	 (1,'',125,113,'No'),
	 (1,'',125,115,'No'),
	 (1,'',125,111,'No'),
	 (1,'',125,114,'No'),
	 (1,'',125,116,'No'),
	 (1,'',125,117,'No'),
	 (1,'',125,118,'No'),
	 (1,'',125,120,'No'),
	 (1,'',125,119,'No'),

	 (0,'',126,112,'No'),
	 (0,'',126,113,'No'),
	 (1,'',126,115,'No'),
	 (0,'',126,111,'No'),
	 (0,'',126,114,'No'),
	 (1,'',126,116,'No'),
	 (0,'',126,117,'No'),
	 (0,'',126,118,'No'),
	 (0,'',126,120,'No'),
	 (0,'',126,119,'No'),

	 (1,'',127,112,'No'),
	 (1,'',127,113,'No'),
	 (0,'',127,115,'No'),
	 (0,'',127,111,'No'),
	 (0,'',127,114,'No'),
	 (0,'',127,116,'No'),
	 (0,'',127,117,'No'),
	 (0,'',127,118,'No'),
	 (0,'',127,120,'No'),
	 (0,'',127,119,'No'),

	 (0,'',128,112,'No'),
	 (0,'',128,113,'No'),
	 (0,'',128,115,'No'),
	 (1,'',128,111,'No'),
	 (1,'',128,114,'No'),
	 (0,'',128,116,'No'),
	 (0,'',128,117,'No'),
	 (0,'',128,118,'No'),
	 (0,'',128,120,'No'),
	 (0,'',128,119,'No'),

	 (0,'',129,112,'No'),
	 (0,'',129,113,'No'),
	 (0,'',129,115,'No'),
	 (0,'',129,111,'No'),
	 (1,'',129,114,'No'),
	 (1,'',129,116,'No'),
	 (1,'',129,117,'No'),
	 (1,'',129,118,'No'),
	 (0,'',129,120,'No'),
	 (0,'',129,119,'No'),

	 (0,'',130,112,'No'),
	 (0,'',130,113,'No'),
	 (0,'',130,115,'No'),
	 (0,'',130,111,'No'),
	 (0,'',130,114,'No'),
	 (0,'',130,116,'No'),
	 (0,'',130,117,'No'),
	 (0,'',130,118,'No'),
	 (0,'',130,120,'No'),
	 (0,'',130,119,'No'),

	 (1,'',131,112,'No'),
	 (1,'',131,113,'No'),
	 (1,'',131,115,'No'),
	 (1,'',131,111,'No'),
	 (1,'',131,114,'No'),
	 (1,'',131,116,'No'),
	 (1,'',131,117,'No'),
	 (1,'',131,118,'No'),
	 (1,'',131,120,'No'),
	 (1,'',131,119,'No'),

	 (1,'',132,112,'No'),
	 (1,'',132,113,'No'),
	 (1,'',132,115,'No'),
	 (1,'',132,111,'No'),
	 (0,'',132,114,'No'),
	 (0,'',132,116,'No'),
	 (0,'',132,117,'No'),
	 (0,'',132,118,'No'),
	 (0,'',132,120,'No'),
	 (0,'',132,119,'No'),

	 (1,'',133,112,'No'),
	 (1,'',133,113,'No'),
	 (1,'',133,115,'No'),
	 (1,'',133,111,'No'),
	 (1,'',133,114,'No'),
	 (1,'',133,116,'No'),
	 (1,'',133,117,'No'),
	 (1,'',133,118,'No'),
	 (1,'',133,120,'No'),
	 (1,'',133,119,'No'),

	 (0,'',134,112,'No'),
	 (0,'',134,113,'No'),
	 (0,'',134,115,'No'),
	 (0,'',134,111,'No'),
	 (0,'',134,114,'No'),
	 (1,'',134,116,'No'),
	 (1,'',134,117,'No'),
	 (1,'',134,118,'No'),
	 (1,'',134,120,'No'),
	 (1,'',134,119,'No'),

	 (1,'',135,112,'No'),
	 (1,'',135,113,'No'),
	 (1,'',135,115,'No'),
	 (1,'',135,111,'No'),
	 (1,'',135,114,'No'),
	 (1,'',135,116,'No'),
	 (1,'',135,117,'No'),
	 (1,'',135,118,'No'),
	 (1,'',135,120,'No'),
	 (1,'',135,119,'No'),

	 (1,'',136,112,'No'),
	 (1,'',136,113,'No'),
	 (1,'',136,115,'No'),
	 (1,'',136,111,'No'),
	 (1,'',136,114,'No'),
	 (1,'',136,116,'No'),
	 (1,'',136,117,'No'),
	 (1,'',136,118,'No'),
	 (1,'',136,120,'No'),
	 (1,'',136,119,'No'),

	 (1,'',137,112,'No'),
	 (1,'',137,113,'No'),
	 (1,'',137,115,'No'),
	 (1,'',137,111,'No'),
	 (1,'',137,114,'No'),
	 (1,'',137,116,'No'),
	 (1,'',137,117,'No'),
	 (1,'',137,118,'No'),
	 (1,'',137,120,'No'),
	 (1,'',137,119,'No'),

	 (1,'',138,112,'No'),
	 (1,'',138,113,'No'),
	 (1,'',138,115,'No'),
	 (1,'',138,111,'No'),
	 (1,'',138,114,'No'),
	 (1,'',138,116,'No'),
	 (1,'',138,117,'No'),
	 (1,'',138,118,'No'),
	 (1,'',138,120,'No'),
	 (1,'',138,119,'No'),

	 (1,'',139,112,'No'),
	 (1,'',139,113,'No'),
	 (1,'',139,115,'No'),
	 (1,'',139,111,'No'),
	 (0,'',139,114,'No'),
	 (0,'',139,116,'No'),
	 (0,'',139,117,'No'),
	 (0,'',139,118,'No'),
	 (0,'',139,120,'No'),
	 (0,'',139,119,'No'),

	 (1,'',140,112,'No'),
	 (1,'',140,113,'No'),
	 (1,'',140,115,'No'),
	 (1,'',140,111,'No'),
	 (1,'',140,114,'No'),
	 (1,'',140,116,'No'),
	 (1,'',140,117,'No'),
	 (1,'',140,118,'No'),
	 (1,'',140,120,'No'),
	 (1,'',140,119,'No'),

	 (1,'',141,112,'No'),
	 (1,'',141,113,'No'),
	 (1,'',141,115,'No'),
	 (1,'',141,111,'No'),
	 (1,'',141,114,'No'),
	 (0,'',141,116,'No'),
	 (0,'',141,117,'No'),
	 (0,'',141,118,'No'),
	 (0,'',141,120,'No'),
	 (0,'',141,119,'No'),

	 (1,'',142,112,'No'),
	 (1,'',142,113,'No'),
	 (1,'',142,115,'No'),
	 (1,'',142,111,'No'),
	 (1,'',142,114,'No'),
	 (1,'',142,116,'No'),
	 (1,'',142,117,'No'),
	 (1,'',142,118,'No'),
	 (1,'',142,120,'No'),
	 (1,'',142,119,'No'),

	 (0,'',143,112,'No'),
	 (1,'',143,113,'No'),
	 (1,'',143,115,'No'),
	 (1,'',143,111,'No'),
	 (1,'',143,114,'No'),
	 (1,'',143,116,'No'),
	 (1,'',143,117,'No'),
	 (1,'',143,118,'No'),
	 (0,'',143,120,'No'),
	 (0,'',143,119,'No'),

	 (1,'',144,112,'No'),
	 (1,'',144,113,'No'),
	 (1,'',144,115,'No'),
	 (1,'',144,111,'No'),
	 (1,'',144,114,'No'),
	 (1,'',144,116,'No'),
	 (1,'',144,117,'No'),
	 (1,'',144,118,'No'),
	 (1,'',144,120,'No'),
	 (1,'',144,119,'No'),

	 (1,'',145,112,'No'),
	 (1,'',145,113,'No'),
	 (1,'',145,115,'No'),
	 (1,'',145,111,'No'),
	 (1,'',145,114,'No'),
	 (1,'',145,116,'No'),
	 (1,'',145,117,'No'),
	 (1,'',145,118,'No'),
	 (1,'',145,120,'No'),
	 (1,'',145,119,'No'),

	 (1,'',146,112,'No'),
	 (1,'',146,113,'No'),
	 (1,'',146,115,'No'),
	 (1,'',146,111,'No'),
	 (1,'',146,114,'No'),
	 (1,'',146,116,'No'),
	 (1,'',146,117,'No'),
	 (1,'',146,118,'No'),
	 (1,'',146,120,'No'),
	 (1,'',146,119,'No'),

	 (1,'',147,112,'No'),
	 (1,'',147,113,'No'),
	 (1,'',147,115,'No'),
	 (1,'',147,111,'No'),
	 (1,'',147,114,'No'),
	 (1,'',147,116,'No'),
	 (1,'',147,117,'No'),
	 (1,'',147,118,'No'),
	 (1,'',147,120,'No'),
	 (1,'',147,119,'No'),

	 (1,'',148,112,'No'),
	 (1,'',148,113,'No'),
	 (1,'',148,115,'No'),
	 (1,'',148,111,'No'),
	 (1,'',148,114,'No'),
	 (1,'',148,116,'No'),
	 (1,'',148,117,'No'),
	 (1,'',148,118,'No'),
	 (1,'',148,120,'No'),
	 (1,'',148,119,'No'),

	 (1,'',149,112,'No'),
	 (1,'',149,113,'No'),
	 (1,'',149,115,'No'),
	 (1,'',149,111,'No'),
	 (1,'',149,114,'No'),
	 (1,'',149,116,'No'),
	 (1,'',149,117,'No'),
	 (1,'',149,118,'No'),
	 (1,'',149,120,'No'),
	 (1,'',149,119,'No'),

	 (1,'',150,112,'No'),
	 (1,'',150,113,'No'),
	 (1,'',150,115,'No'),
	 (1,'',150,111,'No'),
	 (1,'',150,114,'No'),
	 (1,'',150,116,'No'),
	 (1,'',150,117,'No'),
	 (1,'',150,118,'No'),
	 (1,'',150,120,'No'),
	 (1,'',150,119,'No'),

	 (0,'',151,112,'No'),
	 (1,'',151,113,'No'),
	 (1,'',151,115,'No'),
	 (1,'',151,111,'No'),
	 (1,'',151,114,'No'),
	 (1,'',151,116,'No'),
	 (1,'',151,117,'No'),
	 (1,'',151,118,'No'),
	 (1,'',151,120,'No'),
	 (0,'',151,119,'No'),

	 (1,'',152,112,'No'),
	 (1,'',152,113,'No'),
	 (1,'',152,115,'No'),
	 (1,'',152,111,'No'),
	 (1,'',152,114,'No'),
	 (1,'',152,116,'No'),
	 (1,'',152,117,'No'),
	 (1,'',152,118,'No'),
	 (1,'',152,120,'No'),
	 (1,'',152,119,'No'),

	 (1,'',153,112,'No'),
	 (1,'',153,113,'No'),
	 (1,'',153,115,'No'),
	 (1,'',153,111,'No'),
	 (1,'',153,114,'No'),
	 (1,'',153,116,'No'),
	 (1,'',153,117,'No'),
	 (1,'',153,118,'No'),
	 (1,'',153,120,'No'),
	 (1,'',153,119,'No'),

	 (1,'',154,112,'No'),
	 (1,'',154,113,'No'),
	 (1,'',154,115,'No'),
	 (1,'',154,111,'No'),
	 (1,'',154,114,'No'),
	 (1,'',154,116,'No'),
	 (1,'',154,117,'No'),
	 (1,'',154,118,'No'),
	 (1,'',154,120,'No'),
	 (1,'',154,119,'No'),

	 (1,'',155,112,'No'),
	 (1,'',155,113,'No'),
	 (1,'',155,115,'No'),
	 (1,'',155,111,'No'),
	 (1,'',155,114,'No'),
	 (1,'',155,116,'No'),
	 (1,'',155,117,'No'),
	 (1,'',155,118,'No'),
	 (1,'',155,120,'No'),
	 (1,'',155,119,'No'),

	 (0,'',156,112,'No'),
	 (0,'',156,113,'No'),
	 (1,'',156,115,'No'),
	 (1,'',156,111,'No'),
	 (1,'',156,114,'No'),
	 (1,'',156,116,'No'),
	 (1,'',156,117,'No'),
	 (1,'',156,118,'No'),
	 (1,'',156,120,'No'),
	 (1,'',156,119,'No');

INSERT INTO feedback (feedbacknm,dateoffeedback,enddatefeedback,stugroid,lecturid,feedbackstatus,subjdetailsid,removeat) VALUES
('Computer Hardware & OS & Masaging_Tran Manh Dung','2021-07-27','2021-07-29',2,11,'true',32,'No'),
('Basic Electronics_Tran Manh Dung','2021-07-01','2021-07-03',2,11,'true',31,'No');

INSERT INTO student_feedback (stufeedbackid, ans1, ans2, ans3, ans4, ans5, note, gpafeedback, stuid, feedbackid, removeat) VALUES
(1, '4', '4', '4', '4', '4', NULL, 4, 111, 1, 'No'),
(2, '4', '4', '4', '4', '4', NULL, 4, 112, 1, 'No'),
(3, '4', '4', '4', '4', '4', NULL, 4, 113, 1, 'No'),
(4, '4', '4', '4', '4', '4', NULL, 4, 114, 1, 'No'),
(5, '4', '4', '4', '4', '4', NULL, 4, 115, 1, 'No'),
(6, '4', '4', '4', '4', '4', NULL, 4, 116, 1, 'No'),
(7, '4', '4', '4', '4', '4', NULL, 4, 117, 1, 'No'),
(8, '4', '4', '4', '4', '4', NULL, 4, 118, 1, 'No'),
(9, '4', '4', '4', '4', '4', NULL, 4, 119, 1, 'No'),
(10, '4', '4', '4', '4', '4', NULL, 4, 111, 2, 'No'),
(12, '4', '4', '4', '4', '4', NULL, 4, 112, 2, 'No'),
(13, '4', '4', '4', '4', '4', NULL, 4, 113, 2, 'No'),
(14, '4', '4', '4', '4', '4', NULL, 4, 114, 2, 'No'),
(15, '4', '4', '4', '4', '4', NULL, 4, 115, 2, 'No'),
(16, '4', '4', '4', '4', '4', NULL, 4, 116, 2, 'No'),
(17, '4', '4', '4', '4', '4', NULL, 4, 117, 2, 'No'),
(18, '4', '4', '4', '4', '4', NULL, 4, 118, 2, 'No'),
(19, '4', '4', '4', '4', '4', NULL, 4, 119, 2, 'No'),
(20, '4', '4', '4', '4', '4', NULL, 4, 120, 2, 'No');


INSERT INTO gpa_lecturer (gpalecid, gpamonth, gpasubject, gpastudentgroup, gpascore, lecturid, removeat) VALUES 
(1, '2021-07-03', 31, 2, 3, 11, 'No');


-- An
INSERT INTO student_group (stugronm,openingdate,session,shift,branchcamid,courid,removeat) VALUES
('T2.0207.M0','2018-07-02','M',0,1,2,'No');


INSERT INTO student_class (regissubj,cass,restudytime,semstatus,stuid,stugroid,removeat) VALUES
(0,'current class',NULL,0,11,3,'No'),
(0,'current class',NULL,0,14,3,'No'),
(0,'current class',NULL,0,12,3,'No'),
(0,'current class',NULL,0,13,3,'No'),
(0,'current class',NULL,0,16,3,'No'),
(0,'current class',NULL,0,17,3,'No'),
(0,'current class',NULL,0,15,3,'No');


INSERT INTO timetable (subjnm,subjdate,slotofsubjdate,attenteaid,semid,attenedit,note,subjdetailsid,stugroid,roomid,removeat) VALUES
	 ('LBEP-1','2018-07-04','LBEP-1?S1?08:00-10:00',2,1,0,'No Notes',2,3,1,'No'),
	 ('LBEP-2','2018-07-04','LBEP-2?S2?10:00-12:00',2,1,0,'No Notes',2,3,1,'No'),
	 ('LBEP-3','2018-07-06','LBEP-3?S1?08:00-10:00',2,1,0,'No Notes',2,3,1,'No'),
	 ('LBEP-4','2018-07-06','LBEP-4?S2?10:00-12:00',2,1,0,'No Notes',2,3,1,'No'),
	 ('LBEP-5','2018-07-09','LBEP-5?S1?08:00-10:00',2,1,0,'No Notes',2,3,1,'No'),
	 ('LBEP-6','2018-07-09','LBEP-6?S2?10:00-12:00',2,1,0,'No Notes',2,3,1,'No'),
	 ('LBEP-7','2018-07-11','LBEP-7?S1?08:00-10:00',2,1,0,'No Notes',2,3,1,'No'),
	 ('LBEP-8','2018-07-11','LBEP-8?S2?10:00-12:00',2,1,0,'No Notes',2,3,1,'No'),
	 ('LBEP-9','2018-07-13','LBEP-9?S1?08:00-10:00',2,1,0,'No Notes',2,3,1,'No'),
	 ('LBEP-10','2018-07-13','LBEP-10?S2?10:00-12:00',2,1,0,'No Notes',2,3,1,'No'),
	 ('HCJS-1','2018-07-16','HCJS-1?S1?08:00-10:00',2,1,0,'No Notes',3,3,1,'No'),
	 ('HCJS-2','2018-07-16','HCJS-2?S2?10:00-12:00',2,1,0,'No Notes',3,3,1,'No'),
	 ('HCJS-3','2018-07-18','HCJS-3?S1?08:00-10:00',2,1,0,'No Notes',3,3,1,'No'),
	 ('HCJS-4','2018-07-18','HCJS-4?S2?10:00-12:00',2,1,0,'No Notes',3,3,1,'No'),
	 ('HCJS-5','2018-07-20','HCJS-5?S1?08:00-10:00',2,1,0,'No Notes',3,3,1,'No'),
	 ('HCJS-6','2018-07-20','HCJS-6?S2?10:00-12:00',2,1,0,'No Notes',3,3,1,'No'),
	 ('HCJS-7','2018-07-23','HCJS-7?S1?08:00-10:00',2,1,0,'No Notes',3,3,1,'No'),
	 ('HCJS-8','2018-07-23','HCJS-8?S2?10:00-12:00',2,1,0,'No Notes',3,3,1,'No'),
	 ('HCJS-9','2018-07-25','HCJS-9?S1?08:00-10:00',2,1,0,'No Notes',3,3,1,'No'),
	 ('HCJS-10','2018-07-25','HCJS-10?S2?10:00-12:00',2,1,0,'No Notes',3,3,1,'No'),
	 ('HCJS-11','2018-07-27','HCJS-11?S1?08:00-10:00',2,1,0,'No Notes',3,3,1,'No'),
	 ('HCJS-12','2018-07-27','HCJS-12?S2?10:00-12:00',2,1,0,'No Notes',3,3,1,'No'),
	 ('HCJS-13','2018-07-30','HCJS-13?S1?08:00-10:00',2,1,0,'No Notes',3,3,1,'No'),
	 ('HCJS-14','2018-07-30','HCJS-14?S2?10:00-12:00',2,1,0,'No Notes',3,3,1,'No'),
	 ('HCJS-15','2018-08-01','HCJS-15?S1?08:00-10:00',2,1,0,'No Notes',3,3,1,'No'),
	 ('HCJS-16','2018-08-01','HCJS-16?S2?10:00-12:00',2,1,0,'No Notes',3,3,1,'No'),
	 ('HCJS-17','2018-08-03','HCJS-17?S1?08:00-10:00',2,1,0,'No Notes',3,3,1,'No'),
	 ('HCJS-18','2018-08-03','HCJS-18?S2?10:00-12:00',2,1,0,'No Notes',3,3,1,'No'),
	 ('HCJS-19','2018-08-06','HCJS-19?S1?08:00-10:00',2,1,0,'No Notes',3,3,1,'No'),
	 ('HCJS-20','2018-08-06','HCJS-20?S2?10:00-12:00',2,1,0,'No Notes',3,3,1,'No'),
	 ('AJS-1','2018-08-08','AJS-1?S1?08:00-10:00',2,1,0,'No Notes',4,3,1,'No'),
	 ('AJS-2','2018-08-08','AJS-2?S2?10:00-12:00',2,1,0,'No Notes',4,3,1,'No'),
	 ('AJS-3','2018-08-10','AJS-3?S1?08:00-10:00',2,1,0,'No Notes',4,3,1,'No'),
	 ('AJS-4','2018-08-10','AJS-4?S2?10:00-12:00',2,1,0,'No Notes',4,3,1,'No'),
	 ('AJS-5','2018-08-13','AJS-5?S1?08:00-10:00',2,1,0,'No Notes',4,3,1,'No'),
	 ('AJS-6','2018-08-13','AJS-6?S2?10:00-12:00',2,1,0,'No Notes',4,3,1,'No'),
	 ('AJS-7','2018-08-15','AJS-7?S1?08:00-10:00',2,1,0,'No Notes',4,3,1,'No'),
	 ('AJS-8','2018-08-15','AJS-8?S2?10:00-12:00',2,1,0,'No Notes',4,3,1,'No'),
	 ('AJS-9','2018-08-17','AJS-9?S1?08:00-10:00',2,1,0,'No Notes',4,3,1,'No'),
	 ('AJS-10','2018-08-17','AJS-10?S2?10:00-12:00',2,1,0,'No Notes',4,3,1,'No'),
	 ('AJS-11','2018-08-20','AJS-11?S1?08:00-10:00',2,1,0,'No Notes',4,3,1,'No'),
	 ('AJS-12','2018-08-20','AJS-12?S2?10:00-12:00',2,1,0,'No Notes',4,3,1,'No'),
	 ('AJS-13','2018-08-22','AJS-13?S1?08:00-10:00',2,1,0,'No Notes',4,3,1,'No'),
	 ('AJS-14','2018-08-22','AJS-14?S2?10:00-12:00',2,1,0,'No Notes',4,3,1,'No'),
	 ('AJS-15','2018-08-24','AJS-15?S1?08:00-10:00',2,1,0,'No Notes',4,3,1,'No'),
	 ('AJS-16','2018-08-24','AJS-16?S2?10:00-12:00',2,1,0,'No Notes',4,3,1,'No'),
	 ('AJS-17','2018-08-27','AJS-17?S1?08:00-10:00',2,1,0,'No Notes',4,3,1,'No'),
	 ('AJS-18','2018-08-27','AJS-18?S2?10:00-12:00',2,1,0,'No Notes',4,3,1,'No'),
	 ('AJS-19','2018-08-29','AJS-19?S1?08:00-10:00',2,1,0,'No Notes',4,3,1,'No'),
	 ('Day Off','2018-08-29','AJS-19?S2?10:00-12:00',0,1,0,'No Notes',1,3,1,'No'),
	 ('ePRJ1-1','2018-08-31','ePRJ1-1?S1?08:00-10:00',2,1,0,'No Notes',5,3,1,'No'),
	 ('ePRJ1-2','2018-08-31','ePRJ1-2?S2?10:00-12:00',2,1,0,'No Notes',5,3,1,'No'),
	 ('ePRJ1-3','2018-09-03','ePRJ1-3?S1?08:00-10:00',2,1,0,'No Notes',5,3,1,'No'),
	 ('ePRJ1-4','2018-09-03','ePRJ1-4?S2?10:00-12:00',2,1,0,'No Notes',5,3,1,'No'),
	 ('ePRJ1-5','2018-09-05','ePRJ1-5?S1?08:00-10:00',2,1,0,'No Notes',5,3,1,'No'),
	 ('ePRJ1-6','2018-09-05','ePRJ1-6?S2?10:00-12:00',2,1,0,'No Notes',5,3,1,'No'),
	 ('ePRJ1-7','2018-09-07','ePRJ1-7?S1?08:00-10:00',2,1,0,'No Notes',5,3,1,'No'),
	 ('ePRJ1-8','2018-09-07','ePRJ1-8?S2?10:00-12:00',2,1,0,'No Notes',5,3,1,'No'),
	 ('ePRJ1-9','2018-09-10','ePRJ1-9?S1?08:00-10:00',2,1,0,'No Notes',5,3,1,'No'),
	 ('ePRJ1-10','2018-09-10','ePRJ1-10?S2?10:00-12:00',2,1,0,'No Notes',5,3,1,'No'),
	 ('ePRJ1-11','2018-09-12','ePRJ1-11?S1?08:00-10:00',2,1,0,'No Notes',5,3,1,'No'),
	 ('ePRJ1-12','2018-09-12','ePRJ1-12?S2?10:00-12:00',2,1,0,'No Notes',5,3,1,'No'),
	 ('ePRJ1-13','2018-09-14','ePRJ1-13?S1?08:00-10:00',2,1,0,'No Notes',5,3,1,'No'),
	 ('ePRJ1-14','2018-09-14','ePRJ1-14?S2?10:00-12:00',2,1,0,'No Notes',5,3,1,'No'),
	 ('ePRJ1-15','2018-09-17','ePRJ1-15?S1?08:00-10:00',2,1,0,'No Notes',5,3,1,'No'),
	 ('ePRJ1-16','2018-09-17','ePRJ1-16?S2?10:00-12:00',2,1,0,'No Notes',5,3,1,'No'),
	 ('ePRJ1-17','2018-09-19','ePRJ1-17?S1?08:00-10:00',2,1,0,'No Notes',5,3,1,'No'),
	 ('Day Off','2018-09-19','ePRJ1-17?S2?10:00-12:00',0,1,0,'No Notes',1,3,1,'No'),
	 ('DDD-1','2018-09-21','DDD-1?S1?08:00-10:00',2,1,0,'No Notes',6,3,1,'No'),
	 ('DDD-2','2018-09-21','DDD-2?S2?10:00-12:00',2,1,0,'No Notes',6,3,1,'No'),
	 ('DDD-3','2018-09-24','DDD-3?S1?08:00-10:00',2,1,0,'No Notes',6,3,1,'No'),
	 ('DDD-4','2018-09-24','DDD-4?S2?10:00-12:00',2,1,0,'No Notes',6,3,1,'No'),
	 ('DDD-5','2018-09-26','DDD-5?S1?08:00-10:00',2,1,0,'No Notes',6,3,1,'No'),
	 ('DDD-6','2018-09-26','DDD-6?S2?10:00-12:00',2,1,0,'No Notes',6,3,1,'No'),
	 ('DDD-7','2018-09-28','DDD-7?S1?08:00-10:00',2,1,0,'No Notes',6,3,1,'No'),
	 ('DDD-8','2018-09-28','DDD-8?S2?10:00-12:00',2,1,0,'No Notes',6,3,1,'No'),
	 ('DDD-9','2018-10-01','DDD-9?S1?08:00-10:00',2,1,0,'No Notes',6,3,1,'No'),
	 ('DDD-10','2018-10-01','DDD-10?S2?10:00-12:00',2,1,0,'No Notes',6,3,1,'No'),
	 ('DDD-11','2018-10-03','DDD-11?S1?08:00-10:00',2,1,0,'No Notes',6,3,1,'No'),
	 ('DDD-12','2018-10-03','DDD-12?S2?10:00-12:00',2,1,0,'No Notes',6,3,1,'No'),
	 ('DDD-13','2018-10-05','DDD-13?S1?08:00-10:00',2,1,0,'No Notes',6,3,1,'No'),
	 ('DDD-14','2018-10-05','DDD-14?S2?10:00-12:00',2,1,0,'No Notes',6,3,1,'No'),
	 ('DDD-15','2018-10-08','DDD-15?S1?08:00-10:00',2,1,0,'No Notes',6,3,1,'No'),
	 ('DDD-16','2018-10-08','DDD-16?S2?10:00-12:00',2,1,0,'No Notes',6,3,1,'No'),
	 ('DDD-17','2018-10-10','DDD-17?S1?08:00-10:00',2,1,0,'No Notes',6,3,1,'No'),
	 ('DDD-18','2018-10-10','DDD-18?S2?10:00-12:00',2,1,0,'No Notes',6,3,1,'No'),
	 ('DDD-19','2018-10-12','DDD-19?S1?08:00-10:00',2,1,0,'No Notes',6,3,1,'No'),
	 ('DDD-20','2018-10-12','DDD-20?S2?10:00-12:00',2,1,0,'No Notes',6,3,1,'No'),
	 ('DDD-21','2018-10-15','DDD-21?S1?08:00-10:00',2,1,0,'No Notes',6,3,1,'No'),
	 ('DDD-22','2018-10-15','DDD-22?S2?10:00-12:00',2,1,0,'No Notes',6,3,1,'No'),
	 ('DDD-23','2018-10-17','DDD-23?S1?08:00-10:00',2,1,0,'No Notes',6,3,1,'No'),
	 ('DDD-24','2018-10-17','DDD-24?S2?10:00-12:00',2,1,0,'No Notes',6,3,1,'No'),
	 ('DMS-1','2018-10-19','DMS-1?S1?08:00-10:00',2,1,0,'No Notes',7,3,1,'No'),
	 ('DMS-2','2018-10-19','DMS-2?S2?10:00-12:00',2,1,0,'No Notes',7,3,1,'No'),
	 ('DMS-3','2018-10-22','DMS-3?S1?08:00-10:00',2,1,0,'No Notes',7,3,1,'No'),
	 ('DMS-4','2018-10-22','DMS-4?S2?10:00-12:00',2,1,0,'No Notes',7,3,1,'No'),
	 ('DMS-5','2018-10-24','DMS-5?S1?08:00-10:00',2,1,0,'No Notes',7,3,1,'No'),
	 ('DMS-6','2018-10-24','DMS-6?S2?10:00-12:00',2,1,0,'No Notes',7,3,1,'No'),
	 ('DMS-7','2018-10-26','DMS-7?S1?08:00-10:00',2,1,0,'No Notes',7,3,1,'No'),
	 ('DMS-8','2018-10-26','DMS-8?S2?10:00-12:00',2,1,0,'No Notes',7,3,1,'No'),
	 ('DMS-9','2018-10-29','DMS-9?S1?08:00-10:00',2,1,0,'No Notes',7,3,1,'No'),
	 ('DMS-10','2018-10-29','DMS-10?S2?10:00-12:00',2,1,0,'No Notes',7,3,1,'No'),
	 ('DMS-11','2018-10-31','DMS-11?S1?08:00-10:00',2,1,0,'No Notes',7,3,1,'No'),
	 ('DMS-12','2018-10-31','DMS-12?S2?10:00-12:00',2,1,0,'No Notes',7,3,1,'No'),
	 ('DMS-13','2018-11-02','DMS-13?S1?08:00-10:00',2,1,0,'No Notes',7,3,1,'No'),
	 ('DMS-14','2018-11-02','DMS-14?S2?10:00-12:00',2,1,0,'No Notes',7,3,1,'No'),
	 ('DMS-15','2018-11-05','DMS-15?S1?08:00-10:00',2,1,0,'No Notes',7,3,1,'No'),
	 ('DMS-16','2018-11-05','DMS-16?S2?10:00-12:00',2,1,0,'No Notes',7,3,1,'No'),
	 ('DMS-17','2018-11-07','DMS-17?S1?08:00-10:00',2,1,0,'No Notes',7,3,1,'No'),
	 ('DMS-18','2018-11-07','DMS-18?S2?10:00-12:00',2,1,0,'No Notes',7,3,1,'No'),
	 ('DMS-19','2018-11-09','DMS-19?S1?08:00-10:00',2,1,0,'No Notes',7,3,1,'No'),
	 ('DMS-20','2018-11-09','DMS-20?S2?10:00-12:00',2,1,0,'No Notes',7,3,1,'No'),
	 ('DMS-21','2018-11-12','DMS-21?S1?08:00-10:00',2,1,0,'No Notes',7,3,1,'No'),
	 ('DMS-22','2018-11-12','DMS-22?S2?10:00-12:00',2,1,0,'No Notes',7,3,1,'No'),
	 ('DMS-23','2018-11-14','DMS-23?S1?08:00-10:00',2,1,0,'No Notes',7,3,1,'No'),
	 ('DMS-24','2018-11-14','DMS-24?S2?10:00-12:00',2,1,0,'No Notes',7,3,1,'No'),
	 ('MLJ-1','2018-11-16','MLJ-1?S1?08:00-10:00',3,2,0,'No Notes',8,3,1,'No'),
	 ('MLJ-2','2018-11-16','MLJ-2?S2?10:00-12:00',3,2,0,'No Notes',8,3,1,'No'),
	 ('MLJ-3','2018-11-19','MLJ-3?S1?08:00-10:00',3,2,0,'No Notes',8,3,1,'No'),
	 ('MLJ-4','2018-11-19','MLJ-4?S2?10:00-12:00',3,2,0,'No Notes',8,3,1,'No'),
	 ('MLJ-5','2018-11-21','MLJ-5?S1?08:00-10:00',3,2,0,'No Notes',8,3,1,'No'),
	 ('MLJ-6','2018-11-21','MLJ-6?S2?10:00-12:00',3,2,0,'No Notes',8,3,1,'No'),
	 ('MLJ-7','2018-11-23','MLJ-7?S1?08:00-10:00',3,2,0,'No Notes',8,3,1,'No'),
	 ('MLJ-8','2018-11-23','MLJ-8?S2?10:00-12:00',3,2,0,'No Notes',8,3,1,'No'),
	 ('MLJ-9','2018-11-26','MLJ-9?S1?08:00-10:00',3,2,0,'No Notes',8,3,1,'No'),
	 ('MLJ-10','2018-11-26','MLJ-10?S2?10:00-12:00',3,2,0,'No Notes',8,3,1,'No'),
	 ('MLJ-11','2018-11-28','MLJ-11?S1?08:00-10:00',3,2,0,'No Notes',8,3,1,'No'),
	 ('MLJ-12','2018-11-28','MLJ-12?S2?10:00-12:00',3,2,0,'No Notes',8,3,1,'No'),
	 ('MLJ-13','2018-11-30','MLJ-13?S1?08:00-10:00',3,2,0,'No Notes',8,3,1,'No'),
	 ('MLJ-14','2018-11-30','MLJ-14?S2?10:00-12:00',3,2,0,'No Notes',8,3,1,'No'),
	 ('MLJ-15','2018-12-03','MLJ-15?S1?08:00-10:00',3,2,0,'No Notes',8,3,1,'No'),
	 ('Day Off','2018-12-03','MLJ-15?S2?10:00-12:00',0,2,0,'No Notes',1,3,1,'No'),
	 ('JP1-1','2018-12-05','JP1-1?S1?08:00-10:00',3,2,0,'No Notes',9,3,1,'No'),
	 ('JP1-2','2018-12-05','JP1-2?S2?10:00-12:00',3,2,0,'No Notes',9,3,1,'No'),
	 ('JP1-3','2018-12-07','JP1-3?S1?08:00-10:00',3,2,0,'No Notes',9,3,1,'No'),
	 ('JP1-4','2018-12-07','JP1-4?S2?10:00-12:00',3,2,0,'No Notes',9,3,1,'No'),
	 ('JP1-5','2018-12-10','JP1-5?S1?08:00-10:00',3,2,0,'No Notes',9,3,1,'No'),
	 ('JP1-6','2018-12-10','JP1-6?S2?10:00-12:00',3,2,0,'No Notes',9,3,1,'No'),
	 ('JP1-7','2018-12-12','JP1-7?S1?08:00-10:00',3,2,0,'No Notes',9,3,1,'No'),
	 ('JP1-8','2018-12-12','JP1-8?S2?10:00-12:00',3,2,0,'No Notes',9,3,1,'No'),
	 ('JP1-9','2018-12-14','JP1-9?S1?08:00-10:00',3,2,0,'No Notes',9,3,1,'No'),
	 ('JP1-10','2018-12-14','JP1-10?S2?10:00-12:00',3,2,0,'No Notes',9,3,1,'No'),
	 ('JP1-11','2018-12-17','JP1-11?S1?08:00-10:00',3,2,0,'No Notes',9,3,1,'No'),
	 ('JP1-12','2018-12-17','JP1-12?S2?10:00-12:00',3,2,0,'No Notes',9,3,1,'No'),
	 ('JP1-13','2018-12-19','JP1-13?S1?08:00-10:00',3,2,0,'No Notes',9,3,1,'No'),
	 ('JP1-14','2018-12-19','JP1-14?S2?10:00-12:00',3,2,0,'No Notes',9,3,1,'No'),
	 ('JP2-1','2018-12-21','JP2-1?S1?08:00-10:00',3,2,0,'No Notes',10,3,1,'No'),
	 ('JP2-2','2018-12-21','JP2-2?S2?10:00-12:00',3,2,0,'No Notes',10,3,1,'No'),
	 ('JP2-3','2018-12-24','JP2-3?S1?08:00-10:00',3,2,0,'No Notes',10,3,1,'No'),
	 ('JP2-4','2018-12-24','JP2-4?S2?10:00-12:00',3,2,0,'No Notes',10,3,1,'No'),
	 ('JP2-5','2018-12-26','JP2-5?S1?08:00-10:00',3,2,0,'No Notes',10,3,1,'No'),
	 ('JP2-6','2018-12-26','JP2-6?S2?10:00-12:00',3,2,0,'No Notes',10,3,1,'No'),
	 ('JP2-7','2018-12-28','JP2-7?S1?08:00-10:00',3,2,0,'No Notes',10,3,1,'No'),
	 ('JP2-8','2018-12-28','JP2-8?S2?10:00-12:00',3,2,0,'No Notes',10,3,1,'No'),
	 ('JP2-9','2018-12-31','JP2-9?S1?08:00-10:00',3,2,0,'No Notes',10,3,1,'No'),
	 ('JP2-10','2018-12-31','JP2-10?S2?10:00-12:00',3,2,0,'No Notes',10,3,1,'No'),
	 ('JP2-11','2019-01-02','JP2-11?S1?08:00-10:00',3,2,0,'No Notes',10,3,1,'No'),
	 ('JP2-12','2019-01-02','JP2-12?S2?10:00-12:00',3,2,0,'No Notes',10,3,1,'No'),
	 ('JP2-13','2019-01-04','JP2-13?S1?08:00-10:00',3,2,0,'No Notes',10,3,1,'No'),
	 ('JP2-14','2019-01-04','JP2-14?S2?10:00-12:00',3,2,0,'No Notes',10,3,1,'No'),
	 ('JP2-15','2019-01-07','JP2-15?S1?08:00-10:00',3,2,0,'No Notes',10,3,1,'No'),
	 ('JP2-16','2019-01-07','JP2-16?S2?10:00-12:00',3,2,0,'No Notes',10,3,1,'No'),
	 ('JP2-17','2019-01-09','JP2-17?S1?08:00-10:00',3,2,0,'No Notes',10,3,1,'No'),
	 ('JP2-18','2019-01-09','JP2-18?S2?10:00-12:00',3,2,0,'No Notes',10,3,1,'No'),
	 ('JP2-19','2019-01-11','JP2-19?S1?08:00-10:00',3,2,0,'No Notes',10,3,1,'No'),
	 ('JP2-20','2019-01-11','JP2-20?S2?10:00-12:00',3,2,0,'No Notes',10,3,1,'No'),
	 ('ISA-1','2019-01-14','ISA-1?S1?08:00-10:00',3,2,0,'No Notes',11,3,1,'No'),
	 ('ISA-2','2019-01-14','ISA-2?S2?10:00-12:00',3,2,0,'No Notes',11,3,1,'No'),
	 ('ISA-3','2019-01-16','ISA-3?S1?08:00-10:00',3,2,0,'No Notes',11,3,1,'No'),
	 ('ISA-4','2019-01-16','ISA-4?S2?10:00-12:00',3,2,0,'No Notes',11,3,1,'No'),
	 ('ISA-5','2019-01-18','ISA-5?S1?08:00-10:00',3,2,0,'No Notes',11,3,1,'No'),
	 ('ISA-6','2019-01-18','ISA-6?S2?10:00-12:00',3,2,0,'No Notes',11,3,1,'No'),
	 ('ISA-7','2019-01-21','ISA-7?S1?08:00-10:00',3,2,0,'No Notes',11,3,1,'No'),
	 ('ISA-8','2019-01-21','ISA-8?S2?10:00-12:00',3,2,0,'No Notes',11,3,1,'No'),
	 ('ISA-9','2019-01-23','ISA-9?S1?08:00-10:00',3,2,0,'No Notes',11,3,1,'No'),
	 ('Day Off','2019-01-23','ISA-9?S2?10:00-12:00',0,2,0,'No Notes',1,3,1,'No'),
	 ('tPRJ2-1','2019-01-25','tPRJ2-1?S1?08:00-10:00',3,2,0,'No Notes',12,3,1,'No'),
	 ('tPRJ2-2','2019-01-25','tPRJ2-2?S2?10:00-12:00',3,2,0,'No Notes',12,3,1,'No'),
	 ('tPRJ2-3','2019-01-28','tPRJ2-3?S1?08:00-10:00',3,2,0,'No Notes',12,3,1,'No'),
	 ('tPRJ2-4','2019-01-28','tPRJ2-4?S2?10:00-12:00',3,2,0,'No Notes',12,3,1,'No'),
	 ('tPRJ2-5','2019-01-30','tPRJ2-5?S1?08:00-10:00',3,2,0,'No Notes',12,3,1,'No'),
	 ('tPRJ2-6','2019-01-30','tPRJ2-6?S2?10:00-12:00',3,2,0,'No Notes',12,3,1,'No'),
	 ('tPRJ2-7','2019-02-01','tPRJ2-7?S1?08:00-10:00',3,2,0,'No Notes',12,3,1,'No'),
	 ('tPRJ2-8','2019-02-01','tPRJ2-8?S2?10:00-12:00',3,2,0,'No Notes',12,3,1,'No'),
	 ('tPRJ2-9','2019-02-04','tPRJ2-9?S1?08:00-10:00',3,2,0,'No Notes',12,3,1,'No'),
	 ('tPRJ2-10','2019-02-04','tPRJ2-10?S2?10:00-12:00',3,2,0,'No Notes',12,3,1,'No'),
	 ('tPRJ2-11','2019-02-06','tPRJ2-11?S1?08:00-10:00',3,2,0,'No Notes',12,3,1,'No'),
	 ('tPRJ2-12','2019-02-06','tPRJ2-12?S2?10:00-12:00',3,2,0,'No Notes',12,3,1,'No'),
	 ('tPRJ2-13','2019-02-08','tPRJ2-13?S1?08:00-10:00',3,2,0,'No Notes',12,3,1,'No'),
	 ('tPRJ2-14','2019-02-08','tPRJ2-14?S2?10:00-12:00',3,2,0,'No Notes',12,3,1,'No'),
	 ('tPRJ2-15','2019-02-11','tPRJ2-15?S1?08:00-10:00',3,2,0,'No Notes',12,3,1,'No'),
	 ('tPRJ2-16','2019-02-11','tPRJ2-16?S2?10:00-12:00',3,2,0,'No Notes',12,3,1,'No'),
	 ('tPRJ2-17','2019-02-13','tPRJ2-17?S1?08:00-10:00',3,2,0,'No Notes',12,3,1,'No'),
	 ('tPRJ2-18','2019-02-13','tPRJ2-18?S2?10:00-12:00',3,2,0,'No Notes',12,3,1,'No'),
	 ('tPRJ2-19','2019-02-15','tPRJ2-19?S1?08:00-10:00',3,2,0,'No Notes',12,3,1,'No'),
	 ('tPRJ2-20','2019-02-15','tPRJ2-20?S2?10:00-12:00',3,2,0,'No Notes',12,3,1,'No'),
	 ('APC#-1','2019-02-18','APC#-1?S1?08:00-10:00',3,2,0,'No Notes',13,3,1,'No'),
	 ('APC#-2','2019-02-18','APC#-2?S2?10:00-12:00',3,2,0,'No Notes',13,3,1,'No'),
	 ('APC#-3','2019-02-20','APC#-3?S1?08:00-10:00',3,2,0,'No Notes',13,3,1,'No'),
	 ('APC#-4','2019-02-20','APC#-4?S2?10:00-12:00',3,2,0,'No Notes',13,3,1,'No'),
	 ('APC#-5','2019-02-22','APC#-5?S1?08:00-10:00',3,2,0,'No Notes',13,3,1,'No'),
	 ('APC#-6','2019-02-22','APC#-6?S2?10:00-12:00',3,2,0,'No Notes',13,3,1,'No'),
	 ('APC#-7','2019-02-25','APC#-7?S1?08:00-10:00',3,2,0,'No Notes',13,3,1,'No'),
	 ('APC#-8','2019-02-25','APC#-8?S2?10:00-12:00',3,2,0,'No Notes',13,3,1,'No'),
	 ('APC#-9','2019-02-27','APC#-9?S1?08:00-10:00',3,2,0,'No Notes',13,3,1,'No'),
	 ('APC#-10','2019-02-27','APC#-10?S2?10:00-12:00',3,2,0,'No Notes',13,3,1,'No'),
	 ('APC#-11','2019-03-01','APC#-11?S1?08:00-10:00',3,2,0,'No Notes',13,3,1,'No'),
	 ('APC#-12','2019-03-01','APC#-12?S2?10:00-12:00',3,2,0,'No Notes',13,3,1,'No'),
	 ('APC#-13','2019-03-04','APC#-13?S1?08:00-10:00',3,2,0,'No Notes',13,3,1,'No'),
	 ('APC#-14','2019-03-04','APC#-14?S2?10:00-12:00',3,2,0,'No Notes',13,3,1,'No'),
	 ('APC#-15','2019-03-06','APC#-15?S1?08:00-10:00',3,2,0,'No Notes',13,3,1,'No'),
	 ('APC#-16','2019-03-06','APC#-16?S2?10:00-12:00',3,2,0,'No Notes',13,3,1,'No'),
	 ('APC#-17','2019-03-08','APC#-17?S1?08:00-10:00',3,2,0,'No Notes',13,3,1,'No'),
	 ('APC#-18','2019-03-08','APC#-18?S2?10:00-12:00',3,2,0,'No Notes',13,3,1,'No'),
	 ('APC#-19','2019-03-11','APC#-19?S1?08:00-10:00',3,2,0,'No Notes',13,3,1,'No'),
	 ('APC#-20','2019-03-11','APC#-20?S2?10:00-12:00',3,2,0,'No Notes',13,3,1,'No'),
	 ('APC#-21','2019-03-13','APC#-21?S1?08:00-10:00',3,2,0,'No Notes',13,3,1,'No'),
	 ('APC#-22','2019-03-13','APC#-22?S2?10:00-12:00',3,2,0,'No Notes',13,3,1,'No'),
	 ('PDLF-1','2019-03-15','PDLF-1?S1?08:00-10:00',3,2,0,'No Notes',14,3,1,'No'),
	 ('PDLF-2','2019-03-15','PDLF-2?S2?10:00-12:00',3,2,0,'No Notes',14,3,1,'No'),
	 ('PDLF-3','2019-03-18','PDLF-3?S1?08:00-10:00',3,2,0,'No Notes',14,3,1,'No'),
	 ('PDLF-4','2019-03-18','PDLF-4?S2?10:00-12:00',3,2,0,'No Notes',14,3,1,'No'),
	 ('PDLF-5','2019-03-20','PDLF-5?S1?08:00-10:00',3,2,0,'No Notes',14,3,1,'No'),
	 ('PDLF-6','2019-03-20','PDLF-6?S2?10:00-12:00',3,2,0,'No Notes',14,3,1,'No'),
	 ('PDLF-7','2019-03-22','PDLF-7?S1?08:00-10:00',3,2,0,'No Notes',14,3,1,'No'),
	 ('PDLF-8','2019-03-22','PDLF-8?S2?10:00-12:00',3,2,0,'No Notes',14,3,1,'No'),
	 ('PDLF-9','2019-03-25','PDLF-9?S1?08:00-10:00',3,2,0,'No Notes',14,3,1,'No'),
	 ('PDLF-10','2019-03-25','PDLF-10?S2?10:00-12:00',3,2,0,'No Notes',14,3,1,'No'),
	 ('PDLF-11','2019-03-27','PDLF-11?S1?08:00-10:00',3,2,0,'No Notes',14,3,1,'No'),
	 ('PDLF-12','2019-03-27','PDLF-12?S2?10:00-12:00',3,2,0,'No Notes',14,3,1,'No'),
	 ('PDLF-13','2019-03-29','PDLF-13?S1?08:00-10:00',3,2,0,'No Notes',14,3,1,'No'),
	 ('PDLF-14','2019-03-29','PDLF-14?S2?10:00-12:00',3,2,0,'No Notes',14,3,1,'No'),
	 ('PDLF-15','2019-04-01','PDLF-15?S1?08:00-10:00',3,2,0,'No Notes',14,3,1,'No'),
	 ('PDLF-16','2019-04-01','PDLF-16?S2?10:00-12:00',3,2,0,'No Notes',14,3,1,'No'),
	 ('PDLF-17','2019-04-03','PDLF-17?S1?08:00-10:00',3,2,0,'No Notes',14,3,1,'No'),
	 ('PDLF-18','2019-04-03','PDLF-18?S2?10:00-12:00',3,2,0,'No Notes',14,3,1,'No'),
	 ('PDLF-19','2019-04-05','PDLF-19?S1?08:00-10:00',3,2,0,'No Notes',14,3,1,'No'),
	 ('PDLF-20','2019-04-05','PDLF-20?S2?10:00-12:00',3,2,0,'No Notes',14,3,1,'No'),
	 ('PDLF-21','2019-04-08','PDLF-21?S1?08:00-10:00',3,2,0,'No Notes',14,3,1,'No'),
	 ('Day Off','2019-04-08','PDLF-21?S2?10:00-12:00',0,2,0,'No Notes',1,3,1,'No'),
	 ('PIIT-1','2019-04-10','PIIT-1?S1?08:00-10:00',3,2,0,'No Notes',15,3,1,'No'),
	 ('PIIT-2','2019-04-10','PIIT-2?S2?10:00-12:00',3,2,0,'No Notes',15,3,1,'No'),
	 ('PIIT-3','2019-04-12','PIIT-3?S1?08:00-10:00',3,2,0,'No Notes',15,3,1,'No'),
	 ('PIIT-4','2019-04-12','PIIT-4?S2?10:00-12:00',3,2,0,'No Notes',15,3,1,'No'),
	 ('PIIT-5','2019-04-15','PIIT-5?S1?08:00-10:00',3,2,0,'No Notes',15,3,1,'No'),
	 ('PIIT-6','2019-04-15','PIIT-6?S2?10:00-12:00',3,2,0,'No Notes',15,3,1,'No'),
	 ('PIIT-7','2019-04-17','PIIT-7?S1?08:00-10:00',3,2,0,'No Notes',15,3,1,'No'),
	 ('PIIT-8','2019-04-17','PIIT-8?S2?10:00-12:00',3,2,0,'No Notes',15,3,1,'No'),
	 ('PIIT-9','2019-04-19','PIIT-9?S1?08:00-10:00',3,2,0,'No Notes',15,3,1,'No'),
	 ('PIIT-10','2019-04-19','PIIT-10?S2?10:00-12:00',3,2,0,'No Notes',15,3,1,'No'),
	 ('PIIT-11','2019-04-22','PIIT-11?S1?08:00-10:00',3,2,0,'No Notes',15,3,1,'No'),
	 ('PIIT-12','2019-04-22','PIIT-12?S2?10:00-12:00',3,2,0,'No Notes',15,3,1,'No'),
	 ('PIIT-13','2019-04-24','PIIT-13?S1?08:00-10:00',3,2,0,'No Notes',15,3,1,'No'),
	 ('PIIT-14','2019-04-24','PIIT-14?S2?10:00-12:00',3,2,0,'No Notes',15,3,1,'No'),
	 ('PIIT-15','2019-04-26','PIIT-15?S1?08:00-10:00',3,2,0,'No Notes',15,3,1,'No'),
	 ('PIIT-16','2019-04-26','PIIT-16?S2?10:00-12:00',3,2,0,'No Notes',15,3,1,'No'),
	 ('PIIT-17','2019-04-29','PIIT-17?S1?08:00-10:00',3,2,0,'No Notes',15,3,1,'No'),
	 ('PIIT-18','2019-04-29','PIIT-18?S2?10:00-12:00',3,2,0,'No Notes',15,3,1,'No'),
	 ('PIIT-19','2019-05-01','PIIT-19?S1?08:00-10:00',3,2,0,'No Notes',15,3,1,'No'),
	 ('PIIT-20','2019-05-01','PIIT-20?S2?10:00-12:00',3,2,0,'No Notes',15,3,1,'No'),
	 ('ENJS-1','2019-05-03','ENJS-1?S1?08:00-10:00',7,3,0,'No Notes',16,3,1,'No'),
	 ('ENJS-2','2019-05-03','ENJS-2?S2?10:00-12:00',7,3,0,'No Notes',16,3,1,'No'),
	 ('ENJS-3','2019-05-06','ENJS-3?S1?08:00-10:00',7,3,0,'No Notes',16,3,1,'No'),
	 ('ENJS-4','2019-05-06','ENJS-4?S2?10:00-12:00',7,3,0,'No Notes',16,3,1,'No'),
	 ('ENJS-5','2019-05-08','ENJS-5?S1?08:00-10:00',7,3,0,'No Notes',16,3,1,'No'),
	 ('ENJS-6','2019-05-08','ENJS-6?S2?10:00-12:00',7,3,0,'No Notes',16,3,1,'No'),
	 ('ENJS-7','2019-05-10','ENJS-7?S1?08:00-10:00',7,3,0,'No Notes',16,3,1,'No'),
	 ('ENJS-8','2019-05-10','ENJS-8?S2?10:00-12:00',7,3,0,'No Notes',16,3,1,'No'),
	 ('ENJS-9','2019-05-13','ENJS-9?S1?08:00-10:00',7,3,0,'No Notes',16,3,1,'No'),
	 ('ENJS-10','2019-05-13','ENJS-10?S2?10:00-12:00',7,3,0,'No Notes',16,3,1,'No'),
	 ('ENJS-11','2019-05-15','ENJS-11?S1?08:00-10:00',7,3,0,'No Notes',16,3,1,'No'),
	 ('ENJS-12','2019-05-15','ENJS-12?S2?10:00-12:00',7,3,0,'No Notes',16,3,1,'No'),
	 ('ENJS-13','2019-05-17','ENJS-13?S1?08:00-10:00',7,3,0,'No Notes',16,3,1,'No'),
	 ('ENJS-14','2019-05-17','ENJS-14?S2?10:00-12:00',7,3,0,'No Notes',16,3,1,'No'),
	 ('ENJS-15','2019-05-20','ENJS-15?S1?08:00-10:00',7,3,0,'No Notes',16,3,1,'No'),
	 ('ENJS-16','2019-05-20','ENJS-16?S2?10:00-12:00',7,3,0,'No Notes',16,3,1,'No'),
	 ('ENJS-17','2019-05-22','ENJS-17?S1?08:00-10:00',7,3,0,'No Notes',16,3,1,'No'),
	 ('Day Off','2019-05-22','ENJS-17?S2?10:00-12:00',0,3,0,'No Notes',1,3,1,'No'),
	 ('WDA-1','2019-05-24','WDA-1?S1?08:00-10:00',7,3,0,'No Notes',17,3,1,'No'),
	 ('WDA-2','2019-05-24','WDA-2?S2?10:00-12:00',7,3,0,'No Notes',17,3,1,'No'),
	 ('WDA-3','2019-05-27','WDA-3?S1?08:00-10:00',7,3,0,'No Notes',17,3,1,'No'),
	 ('WDA-4','2019-05-27','WDA-4?S2?10:00-12:00',7,3,0,'No Notes',17,3,1,'No'),
	 ('WDA-5','2019-05-29','WDA-5?S1?08:00-10:00',7,3,0,'No Notes',17,3,1,'No'),
	 ('WDA-6','2019-05-29','WDA-6?S2?10:00-12:00',7,3,0,'No Notes',17,3,1,'No'),
	 ('WDA-7','2019-05-31','WDA-7?S1?08:00-10:00',7,3,0,'No Notes',17,3,1,'No'),
	 ('WDA-8','2019-05-31','WDA-8?S2?10:00-12:00',7,3,0,'No Notes',17,3,1,'No'),
	 ('WDA-9','2019-06-03','WDA-9?S1?08:00-10:00',7,3,0,'No Notes',17,3,1,'No'),
	 ('WDA-10','2019-06-03','WDA-10?S2?10:00-12:00',7,3,0,'No Notes',17,3,1,'No'),
	 ('WDA-11','2019-06-05','WDA-11?S1?08:00-10:00',7,3,0,'No Notes',17,3,1,'No'),
	 ('WDA-12','2019-06-05','WDA-12?S2?10:00-12:00',7,3,0,'No Notes',17,3,1,'No'),
	 ('WDA-13','2019-06-07','WDA-13?S1?08:00-10:00',7,3,0,'No Notes',17,3,1,'No'),
	 ('WDA-14','2019-06-07','WDA-14?S2?10:00-12:00',7,3,0,'No Notes',17,3,1,'No'),
	 ('NSC-1','2019-06-10','NSC-1?S1?08:00-10:00',7,3,0,'No Notes',18,3,1,'No'),
	 ('NSC-2','2019-06-10','NSC-2?S2?10:00-12:00',7,3,0,'No Notes',18,3,1,'No'),
	 ('NSC-3','2019-06-12','NSC-3?S1?08:00-10:00',7,3,0,'No Notes',18,3,1,'No'),
	 ('NSC-4','2019-06-12','NSC-4?S2?10:00-12:00',7,3,0,'No Notes',18,3,1,'No'),
	 ('NSC-5','2019-06-14','NSC-5?S1?08:00-10:00',7,3,0,'No Notes',18,3,1,'No'),
	 ('NSC-6','2019-06-14','NSC-6?S2?10:00-12:00',7,3,0,'No Notes',18,3,1,'No'),
	 ('NSC-7','2019-06-17','NSC-7?S1?08:00-10:00',7,3,0,'No Notes',18,3,1,'No'),
	 ('NSC-8','2019-06-17','NSC-8?S2?10:00-12:00',7,3,0,'No Notes',18,3,1,'No'),
	 ('NSC-9','2019-06-19','NSC-9?S1?08:00-10:00',7,3,0,'No Notes',18,3,1,'No'),
	 ('NSC-10','2019-06-19','NSC-10?S2?10:00-12:00',7,3,0,'No Notes',18,3,1,'No'),
	 ('NSC-11','2019-06-21','NSC-11?S1?08:00-10:00',7,3,0,'No Notes',18,3,1,'No'),
	 ('NSC-12','2019-06-21','NSC-12?S2?10:00-12:00',7,3,0,'No Notes',18,3,1,'No'),
	 ('NSC-13','2019-06-24','NSC-13?S1?08:00-10:00',7,3,0,'No Notes',18,3,1,'No'),
	 ('Day Off','2019-06-24','NSC-13?S2?10:00-12:00',0,3,0,'No Notes',1,3,1,'No'),
	 ('DMAWS-1','2019-06-26','DMAWS-1?S1?08:00-10:00',7,3,0,'No Notes',19,3,1,'No'),
	 ('DMAWS-2','2019-06-26','DMAWS-2?S2?10:00-12:00',7,3,0,'No Notes',19,3,1,'No'),
	 ('DMAWS-3','2019-06-28','DMAWS-3?S1?08:00-10:00',7,3,0,'No Notes',19,3,1,'No'),
	 ('DMAWS-4','2019-06-28','DMAWS-4?S2?10:00-12:00',7,3,0,'No Notes',19,3,1,'No'),
	 ('DMAWS-5','2019-07-01','DMAWS-5?S1?08:00-10:00',7,3,0,'No Notes',19,3,1,'No'),
	 ('DMAWS-6','2019-07-01','DMAWS-6?S2?10:00-12:00',7,3,0,'No Notes',19,3,1,'No'),
	 ('DMAWS-7','2019-07-03','DMAWS-7?S1?08:00-10:00',7,3,0,'No Notes',19,3,1,'No'),
	 ('DMAWS-8','2019-07-03','DMAWS-8?S2?10:00-12:00',7,3,0,'No Notes',19,3,1,'No'),
	 ('DMAWS-9','2019-07-05','DMAWS-9?S1?08:00-10:00',7,3,0,'No Notes',19,3,1,'No'),
	 ('DMAWS-10','2019-07-05','DMAWS-10?S2?10:00-12:00',7,3,0,'No Notes',19,3,1,'No'),
	 ('DMAWS-11','2019-07-08','DMAWS-11?S1?08:00-10:00',7,3,0,'No Notes',19,3,1,'No'),
	 ('DMAWS-12','2019-07-08','DMAWS-12?S2?10:00-12:00',7,3,0,'No Notes',19,3,1,'No'),
	 ('EJA-1','2019-07-10','EJA-1?S1?08:00-10:00',7,3,0,'No Notes',20,3,1,'No'),
	 ('EJA-2','2019-07-10','EJA-2?S2?10:00-12:00',7,3,0,'No Notes',20,3,1,'No'),
	 ('EJA-3','2019-07-12','EJA-3?S1?08:00-10:00',7,3,0,'No Notes',20,3,1,'No'),
	 ('EJA-4','2019-07-12','EJA-4?S2?10:00-12:00',7,3,0,'No Notes',20,3,1,'No'),
	 ('EJA-5','2019-07-15','EJA-5?S1?08:00-10:00',7,3,0,'No Notes',20,3,1,'No'),
	 ('EJA-6','2019-07-15','EJA-6?S2?10:00-12:00',7,3,0,'No Notes',20,3,1,'No'),
	 ('EJA-7','2019-07-17','EJA-7?S1?08:00-10:00',7,3,0,'No Notes',20,3,1,'No'),
	 ('EJA-8','2019-07-17','EJA-8?S2?10:00-12:00',7,3,0,'No Notes',20,3,1,'No'),
	 ('EJA-9','2019-07-19','EJA-9?S1?08:00-10:00',7,3,0,'No Notes',20,3,1,'No'),
	 ('EJA-10','2019-07-19','EJA-10?S2?10:00-12:00',7,3,0,'No Notes',20,3,1,'No'),
	 ('EJA-11','2019-07-22','EJA-11?S1?08:00-10:00',7,3,0,'No Notes',20,3,1,'No'),
	 ('EJA-12','2019-07-22','EJA-12?S2?10:00-12:00',7,3,0,'No Notes',20,3,1,'No'),
	 ('EJA-13','2019-07-24','EJA-13?S1?08:00-10:00',7,3,0,'No Notes',20,3,1,'No'),
	 ('EJA-14','2019-07-24','EJA-14?S2?10:00-12:00',7,3,0,'No Notes',20,3,1,'No'),
	 ('EJA-15','2019-07-26','EJA-15?S1?08:00-10:00',7,3,0,'No Notes',20,3,1,'No'),
	 ('EJA-16','2019-07-26','EJA-16?S2?10:00-12:00',7,3,0,'No Notes',20,3,1,'No'),
	 ('EJA-17','2019-07-29','EJA-17?S1?08:00-10:00',7,3,0,'No Notes',20,3,1,'No'),
	 ('EJA-18','2019-07-29','EJA-18?S2?10:00-12:00',7,3,0,'No Notes',20,3,1,'No'),
	 ('ePRJ3-1','2019-07-31','ePRJ3-1?S1?08:00-10:00',7,3,0,'No Notes',21,3,1,'No'),
	 ('ePRJ3-2','2019-07-31','ePRJ3-2?S2?10:00-12:00',7,3,0,'No Notes',21,3,1,'No'),
	 ('ePRJ3-3','2019-08-02','ePRJ3-3?S1?08:00-10:00',7,3,0,'No Notes',21,3,1,'No'),
	 ('ePRJ3-4','2019-08-02','ePRJ3-4?S2?10:00-12:00',7,3,0,'No Notes',21,3,1,'No'),
	 ('ePRJ3-5','2019-08-05','ePRJ3-5?S1?08:00-10:00',7,3,0,'No Notes',21,3,1,'No'),
	 ('ePRJ3-6','2019-08-05','ePRJ3-6?S2?10:00-12:00',7,3,0,'No Notes',21,3,1,'No'),
	 ('ePRJ3-7','2019-08-07','ePRJ3-7?S1?08:00-10:00',7,3,0,'No Notes',21,3,1,'No'),
	 ('ePRJ3-8','2019-08-07','ePRJ3-8?S2?10:00-12:00',7,3,0,'No Notes',21,3,1,'No'),
	 ('ePRJ3-9','2019-08-09','ePRJ3-9?S1?08:00-10:00',7,3,0,'No Notes',21,3,1,'No'),
	 ('ePRJ3-10','2019-08-09','ePRJ3-10?S2?10:00-12:00',7,3,0,'No Notes',21,3,1,'No'),
	 ('ePRJ3-11','2019-08-12','ePRJ3-11?S1?08:00-10:00',7,3,0,'No Notes',21,3,1,'No'),
	 ('ePRJ3-12','2019-08-12','ePRJ3-12?S2?10:00-12:00',7,3,0,'No Notes',21,3,1,'No'),
	 ('ePRJ3-13','2019-08-14','ePRJ3-13?S1?08:00-10:00',7,3,0,'No Notes',21,3,1,'No'),
	 ('ePRJ3-14','2019-08-14','ePRJ3-14?S2?10:00-12:00',7,3,0,'No Notes',21,3,1,'No'),
	 ('ePRJ3-15','2019-08-16','ePRJ3-15?S1?08:00-10:00',7,3,0,'No Notes',21,3,1,'No'),
	 ('ePRJ3-16','2019-08-16','ePRJ3-16?S2?10:00-12:00',7,3,0,'No Notes',21,3,1,'No'),
	 ('ePRJ3-17','2019-08-19','ePRJ3-17?S1?08:00-10:00',7,3,0,'No Notes',21,3,1,'No'),
	 ('ePRJ3-18','2019-08-19','ePRJ3-18?S2?10:00-12:00',7,3,0,'No Notes',21,3,1,'No'),
	 ('ePRJ3-19','2019-08-21','ePRJ3-19?S1?08:00-10:00',7,3,0,'No Notes',21,3,1,'No'),
	 ('ePRJ3-20','2019-08-21','ePRJ3-20?S2?10:00-12:00',7,3,0,'No Notes',21,3,1,'No'),
	 ('AD-1','2019-08-23','AD-1?S1?08:00-10:00',7,3,0,'No Notes',22,3,1,'No'),
	 ('AD-2','2019-08-23','AD-2?S2?10:00-12:00',7,3,0,'No Notes',22,3,1,'No'),
	 ('AD-3','2019-08-26','AD-3?S1?08:00-10:00',7,3,0,'No Notes',22,3,1,'No'),
	 ('AD-4','2019-08-26','AD-4?S2?10:00-12:00',7,3,0,'No Notes',22,3,1,'No'),
	 ('AD-5','2019-08-28','AD-5?S1?08:00-10:00',7,3,0,'No Notes',22,3,1,'No'),
	 ('AD-6','2019-08-28','AD-6?S2?10:00-12:00',7,3,0,'No Notes',22,3,1,'No'),
	 ('AD-7','2019-08-30','AD-7?S1?08:00-10:00',7,3,0,'No Notes',22,3,1,'No'),
	 ('AD-8','2019-08-30','AD-8?S2?10:00-12:00',7,3,0,'No Notes',22,3,1,'No'),
	 ('AD-9','2019-09-02','AD-9?S1?08:00-10:00',7,3,0,'No Notes',22,3,1,'No'),
	 ('AD-10','2019-09-02','AD-10?S2?10:00-12:00',7,3,0,'No Notes',22,3,1,'No'),
	 ('AD-11','2019-09-04','AD-11?S1?08:00-10:00',7,3,0,'No Notes',22,3,1,'No'),
	 ('AD-12','2019-09-04','AD-12?S2?10:00-12:00',7,3,0,'No Notes',22,3,1,'No'),
	 ('AD-13','2019-09-06','AD-13?S1?08:00-10:00',7,3,0,'No Notes',22,3,1,'No'),
	 ('AD-14','2019-09-06','AD-14?S2?10:00-12:00',7,3,0,'No Notes',22,3,1,'No'),
	 ('AD-15','2019-09-09','AD-15?S1?08:00-10:00',7,3,0,'No Notes',22,3,1,'No'),
	 ('AD-16','2019-09-09','AD-16?S2?10:00-12:00',7,3,0,'No Notes',22,3,1,'No'),
	 ('AD-17','2019-09-11','AD-17?S1?08:00-10:00',7,3,0,'No Notes',22,3,1,'No'),
	 ('AD-18','2019-09-11','AD-18?S2?10:00-12:00',7,3,0,'No Notes',22,3,1,'No'),
	 ('AD-19','2019-09-13','AD-19?S1?08:00-10:00',7,3,0,'No Notes',22,3,1,'No'),
	 ('AD-20','2019-09-13','AD-20?S2?10:00-12:00',7,3,0,'No Notes',22,3,1,'No'),
	 ('AD-21','2019-09-16','AD-21?S1?08:00-10:00',7,3,0,'No Notes',22,3,1,'No'),
	 ('Day Off','2019-09-16','AD-21?S2?10:00-12:00',0,3,0,'No Notes',1,3,1,'No'),
	 ('WCD-1','2019-09-18','WCD-1?S1?08:00-10:00',4,4,0,'No Notes',23,3,1,'No'),
	 ('WCD-2','2019-09-18','WCD-2?S2?10:00-12:00',4,4,0,'No Notes',23,3,1,'No'),
	 ('WCD-3','2019-09-20','WCD-3?S1?08:00-10:00',4,4,0,'No Notes',23,3,1,'No'),
	 ('WCD-4','2019-09-20','WCD-4?S2?10:00-12:00',4,4,0,'No Notes',23,3,1,'No'),
	 ('WCD-5','2019-09-23','WCD-5?S1?08:00-10:00',4,4,0,'No Notes',23,3,1,'No'),
	 ('WCD-6','2019-09-23','WCD-6?S2?10:00-12:00',4,4,0,'No Notes',23,3,1,'No'),
	 ('WCD-7','2019-09-25','WCD-7?S1?08:00-10:00',4,4,0,'No Notes',23,3,1,'No'),
	 ('WCD-8','2019-09-25','WCD-8?S2?10:00-12:00',4,4,0,'No Notes',23,3,1,'No'),
	 ('WCD-9','2019-09-27','WCD-9?S1?08:00-10:00',4,4,0,'No Notes',23,3,1,'No'),
	 ('WCD-10','2019-09-27','WCD-10?S2?10:00-12:00',4,4,0,'No Notes',23,3,1,'No'),
	 ('WCD-11','2019-09-30','WCD-11?S1?08:00-10:00',4,4,0,'No Notes',23,3,1,'No'),
	 ('Day Off','2019-09-30','WCD-11?S2?10:00-12:00',0,4,0,'No Notes',1,3,1,'No'),
	 ('IASF-1','2019-10-02','IASF-1?S1?08:00-10:00',4,4,0,'No Notes',24,3,1,'No'),
	 ('IASF-2','2019-10-02','IASF-2?S2?10:00-12:00',4,4,0,'No Notes',24,3,1,'No'),
	 ('IASF-3','2019-10-04','IASF-3?S1?08:00-10:00',4,4,0,'No Notes',24,3,1,'No'),
	 ('IASF-4','2019-10-04','IASF-4?S2?10:00-12:00',4,4,0,'No Notes',24,3,1,'No'),
	 ('IASF-5','2019-10-07','IASF-5?S1?08:00-10:00',4,4,0,'No Notes',24,3,1,'No'),
	 ('IASF-6','2019-10-07','IASF-6?S2?10:00-12:00',4,4,0,'No Notes',24,3,1,'No'),
	 ('IASF-7','2019-10-09','IASF-7?S1?08:00-10:00',4,4,0,'No Notes',24,3,1,'No'),
	 ('IASF-8','2019-10-09','IASF-8?S2?10:00-12:00',4,4,0,'No Notes',24,3,1,'No'),
	 ('IASF-9','2019-10-11','IASF-9?S1?08:00-10:00',4,4,0,'No Notes',24,3,1,'No'),
	 ('IASF-10','2019-10-11','IASF-10?S2?10:00-12:00',4,4,0,'No Notes',24,3,1,'No'),
	 ('IASF-11','2019-10-14','IASF-11?S1?08:00-10:00',4,4,0,'No Notes',24,3,1,'No'),
	 ('IASF-12','2019-10-14','IASF-12?S2?10:00-12:00',4,4,0,'No Notes',24,3,1,'No'),
	 ('IASF-13','2019-10-16','IASF-13?S1?08:00-10:00',4,4,0,'No Notes',24,3,1,'No'),
	 ('IASF-14','2019-10-16','IASF-14?S2?10:00-12:00',4,4,0,'No Notes',24,3,1,'No'),
	 ('IASF-15','2019-10-18','IASF-15?S1?08:00-10:00',4,4,0,'No Notes',24,3,1,'No'),
	 ('IASF-16','2019-10-18','IASF-16?S2?10:00-12:00',4,4,0,'No Notes',24,3,1,'No'),
	 ('EAD-1','2019-10-21','EAD-1?S1?08:00-10:00',4,4,0,'No Notes',25,3,1,'No'),
	 ('EAD-2','2019-10-21','EAD-2?S2?10:00-12:00',4,4,0,'No Notes',25,3,1,'No'),
	 ('EAD-3','2019-10-23','EAD-3?S1?08:00-10:00',4,4,0,'No Notes',25,3,1,'No'),
	 ('EAD-4','2019-10-23','EAD-4?S2?10:00-12:00',4,4,0,'No Notes',25,3,1,'No'),
	 ('EAD-5','2019-10-25','EAD-5?S1?08:00-10:00',4,4,0,'No Notes',25,3,1,'No'),
	 ('EAD-6','2019-10-25','EAD-6?S2?10:00-12:00',4,4,0,'No Notes',25,3,1,'No'),
	 ('EAD-7','2019-10-28','EAD-7?S1?08:00-10:00',4,4,0,'No Notes',25,3,1,'No'),
	 ('EAD-8','2019-10-28','EAD-8?S2?10:00-12:00',4,4,0,'No Notes',25,3,1,'No'),
	 ('EAD-9','2019-10-30','EAD-9?S1?08:00-10:00',4,4,0,'No Notes',25,3,1,'No'),
	 ('EAD-10','2019-10-30','EAD-10?S2?10:00-12:00',4,4,0,'No Notes',25,3,1,'No'),
	 ('EAD-11','2019-11-01','EAD-11?S1?08:00-10:00',4,4,0,'No Notes',25,3,1,'No'),
	 ('EAD-12','2019-11-01','EAD-12?S2?10:00-12:00',4,4,0,'No Notes',25,3,1,'No'),
	 ('EAD-13','2019-11-04','EAD-13?S1?08:00-10:00',4,4,0,'No Notes',25,3,1,'No'),
	 ('EAD-14','2019-11-04','EAD-14?S2?10:00-12:00',4,4,0,'No Notes',25,3,1,'No'),
	 ('EAD-15','2019-11-06','EAD-15?S1?08:00-10:00',4,4,0,'No Notes',25,3,1,'No'),
	 ('EAD-16','2019-11-06','EAD-16?S2?10:00-12:00',4,4,0,'No Notes',25,3,1,'No'),
	 ('EAD-17','2019-11-08','EAD-17?S1?08:00-10:00',4,4,0,'No Notes',25,3,1,'No'),
	 ('EAD-18','2019-11-08','EAD-18?S2?10:00-12:00',4,4,0,'No Notes',25,3,1,'No'),
	 ('CSW-1','2019-11-11','CSW-1?S1?08:00-10:00',4,4,0,'No Notes',26,3,1,'No'),
	 ('CSW-2','2019-11-11','CSW-2?S2?10:00-12:00',4,4,0,'No Notes',26,3,1,'No'),
	 ('CSW-3','2019-11-13','CSW-3?S1?08:00-10:00',4,4,0,'No Notes',26,3,1,'No'),
	 ('CSW-4','2019-11-13','CSW-4?S2?10:00-12:00',4,4,0,'No Notes',26,3,1,'No'),
	 ('CSW-5','2019-11-15','CSW-5?S1?08:00-10:00',4,4,0,'No Notes',26,3,1,'No'),
	 ('CSW-6','2019-11-15','CSW-6?S2?10:00-12:00',4,4,0,'No Notes',26,3,1,'No'),
	 ('CSW-7','2019-11-18','CSW-7?S1?08:00-10:00',4,4,0,'No Notes',26,3,1,'No'),
	 ('CSW-8','2019-11-18','CSW-8?S2?10:00-12:00',4,4,0,'No Notes',26,3,1,'No'),
	 ('CSW-9','2019-11-20','CSW-9?S1?08:00-10:00',4,4,0,'No Notes',26,3,1,'No'),
	 ('CSW-10','2019-11-20','CSW-10?S2?10:00-12:00',4,4,0,'No Notes',26,3,1,'No'),
	 ('CSW-11','2019-11-22','CSW-11?S1?08:00-10:00',4,4,0,'No Notes',26,3,1,'No'),
	 ('CSW-12','2019-11-22','CSW-12?S2?10:00-12:00',4,4,0,'No Notes',26,3,1,'No'),
	 ('CSW-13','2019-11-25','CSW-13?S1?08:00-10:00',4,4,0,'No Notes',26,3,1,'No'),
	 ('CSW-14','2019-11-25','CSW-14?S2?10:00-12:00',4,4,0,'No Notes',26,3,1,'No'),
	 ('CSW-15','2019-11-27','CSW-15?S1?08:00-10:00',4,4,0,'No Notes',26,3,1,'No'),
	 ('Day Off','2019-11-27','CSW-15?S2?10:00-12:00',0,4,0,'No Notes',1,3,1,'No'),
	 ('tPRJ4-1','2019-11-29','tPRJ4-1?S1?08:00-10:00',4,4,0,'No Notes',27,3,1,'No'),
	 ('tPRJ4-2','2019-11-29','tPRJ4-2?S2?10:00-12:00',4,4,0,'No Notes',27,3,1,'No'),
	 ('tPRJ4-3','2019-12-02','tPRJ4-3?S1?08:00-10:00',4,4,0,'No Notes',27,3,1,'No'),
	 ('tPRJ4-4','2019-12-02','tPRJ4-4?S2?10:00-12:00',4,4,0,'No Notes',27,3,1,'No'),
	 ('tPRJ4-5','2019-12-04','tPRJ4-5?S1?08:00-10:00',4,4,0,'No Notes',27,3,1,'No'),
	 ('tPRJ4-6','2019-12-04','tPRJ4-6?S2?10:00-12:00',4,4,0,'No Notes',27,3,1,'No'),
	 ('tPRJ4-7','2019-12-06','tPRJ4-7?S1?08:00-10:00',4,4,0,'No Notes',27,3,1,'No'),
	 ('tPRJ4-8','2019-12-06','tPRJ4-8?S2?10:00-12:00',4,4,0,'No Notes',27,3,1,'No'),
	 ('tPRJ4-9','2019-12-09','tPRJ4-9?S1?08:00-10:00',4,4,0,'No Notes',27,3,1,'No'),
	 ('tPRJ4-10','2019-12-09','tPRJ4-10?S2?10:00-12:00',4,4,0,'No Notes',27,3,1,'No'),
	 ('tPRJ4-11','2019-12-11','tPRJ4-11?S1?08:00-10:00',4,4,0,'No Notes',27,3,1,'No'),
	 ('tPRJ4-12','2019-12-11','tPRJ4-12?S2?10:00-12:00',4,4,0,'No Notes',27,3,1,'No'),
	 ('tPRJ4-13','2019-12-13','tPRJ4-13?S1?08:00-10:00',4,4,0,'No Notes',27,3,1,'No'),
	 ('tPRJ4-14','2019-12-13','tPRJ4-14?S2?10:00-12:00',4,4,0,'No Notes',27,3,1,'No'),
	 ('tPRJ4-15','2019-12-16','tPRJ4-15?S1?08:00-10:00',4,4,0,'No Notes',27,3,1,'No'),
	 ('tPRJ4-16','2019-12-16','tPRJ4-16?S2?10:00-12:00',4,4,0,'No Notes',27,3,1,'No'),
	 ('tPRJ4-17','2019-12-18','tPRJ4-17?S1?08:00-10:00',4,4,0,'No Notes',27,3,1,'No'),
	 ('Day Off','2019-12-18','tPRJ4-17?S2?10:00-12:00',0,4,0,'No Notes',1,3,1,'No'),
	 ('IDP-1','2019-12-20','IDP-1?S1?08:00-10:00',4,4,0,'No Notes',28,3,1,'No'),
	 ('IDP-2','2019-12-20','IDP-2?S2?10:00-12:00',4,4,0,'No Notes',28,3,1,'No'),
	 ('IDP-3','2019-12-23','IDP-3?S1?08:00-10:00',4,4,0,'No Notes',28,3,1,'No'),
	 ('IDP-4','2019-12-23','IDP-4?S2?10:00-12:00',4,4,0,'No Notes',28,3,1,'No'),
	 ('IDP-5','2019-12-25','IDP-5?S1?08:00-10:00',4,4,0,'No Notes',28,3,1,'No'),
	 ('IDP-6','2019-12-25','IDP-6?S2?10:00-12:00',4,4,0,'No Notes',28,3,1,'No'),

	 ('IDP-7','2019-12-27','IDP-7?S1?08:00-10:00',4,4,0,'No Notes',28,3,1,'No'),
	 ('IDP-8','2019-12-27','IDP-8?S2?10:00-12:00',4,4,0,'No Notes',28,3,1,'No'),
	 ('IDP-9','2019-12-30','IDP-9?S1?08:00-10:00',4,4,0,'No Notes',28,3,1,'No'),
	 ('IDP-10','2019-12-30','IDP-10?S2?10:00-12:00',4,4,0,'No Notes',28,3,1,'No'),
	 ('IDP-11','2020-01-01','IDP-11?S1?08:00-10:00',4,4,0,'No Notes',28,3,1,'No'),
	 ('IDP-12','2020-01-01','IDP-12?S2?10:00-12:00',4,4,0,'No Notes',28,3,1,'No'),
	 ('IDP-13','2020-01-03','IDP-13?S1?08:00-10:00',4,4,0,'No Notes',28,3,1,'No'),
	 ('IDP-14','2020-01-03','IDP-14?S2?10:00-12:00',4,4,0,'No Notes',28,3,1,'No'),
	 ('IDP-15','2020-01-06','IDP-15?S1?08:00-10:00',4,4,0,'No Notes',28,3,1,'No'),
	 ('Day Off','2020-01-06','IDP-15?S2?10:00-12:00',0,4,0,'No Notes',1,3,1,'No'),

	 ('ADFD-1','2020-01-08','ADFD-1?S1?08:00-10:00',4,4,0,'No Notes',29,3,1,'No'),
	 ('ADFD-2','2020-01-08','ADFD-2?S2?10:00-12:00',4,4,0,'No Notes',29,3,1,'No'),
	 ('ADFD-3','2020-01-10','ADFD-3?S1?08:00-10:00',4,4,0,'No Notes',29,3,1,'No'),
	 ('ADFD-4','2020-01-10','ADFD-4?S2?10:00-12:00',4,4,0,'No Notes',29,3,1,'No'),
	 ('ADFD-5','2020-01-13','ADFD-5?S1?08:00-10:00',4,4,0,'No Notes',29,3,1,'No'),
	 ('ADFD-6','2020-01-13','ADFD-6?S2?10:00-12:00',4,4,0,'No Notes',29,3,1,'No'),
	 ('ADFD-7','2020-01-15','ADFD-7?S1?08:00-10:00',4,4,0,'No Notes',29,3,1,'No'),
	 ('ADFD-8','2020-01-15','ADFD-8?S2?10:00-12:00',4,4,0,'No Notes',29,3,1,'No'),
	 ('ADFD-9','2020-01-17','ADFD-9?S1?08:00-10:00',4,4,0,'No Notes',29,3,1,'No'),
	 ('ADFD-10','2020-01-17','ADFD-10?S2?10:00-12:00',4,4,0,'No Notes',29,3,1,'No'),

	 ('ADFD-11','2020-01-20','ADFD-11?S1?08:00-10:00',4,4,0,'No Notes',29,3,1,'No'),
	 ('ADFD-12','2020-01-20','ADFD-12?S2?10:00-12:00',4,4,0,'No Notes',29,3,1,'No'),
	 ('ADFD-13','2020-01-22','ADFD-13?S1?08:00-10:00',4,4,0,'No Notes',29,3,1,'No'),
	 ('ADFD-14','2020-01-22','ADFD-14?S2?10:00-12:00',4,4,0,'No Notes',29,3,1,'No'),
	 ('ADFD-15','2020-01-24','ADFD-15?S1?08:00-10:00',4,4,0,'No Notes',29,3,1,'No'),
	 ('ADFD-16','2020-01-24','ADFD-16?S2?10:00-12:00',4,4,0,'No Notes',29,3,1,'No'),
	 ('CP-1','2020-01-27','CP-1?S1?08:00-10:00',4,4,0,'No Notes',30,3,1,'No'),
	 ('CP-2','2020-01-27','CP-2?S2?10:00-12:00',4,4,0,'No Notes',30,3,1,'No'),
	 ('CP-3','2020-01-29','CP-3?S1?08:00-10:00',4,4,0,'No Notes',30,3,1,'No'),
	 ('CP-4','2020-01-29','CP-4?S2?10:00-12:00',4,4,0,'No Notes',30,3,1,'No'),

	 ('CP-5','2020-01-31','CP-5?S1?08:00-10:00',4,4,0,'No Notes',30,3,1,'No'),
	 ('CP-6','2020-01-31','CP-6?S2?10:00-12:00',4,4,0,'No Notes',30,3,1,'No'),
	 ('CP-7','2020-02-03','CP-7?S1?08:00-10:00',4,4,0,'No Notes',30,3,1,'No'),
	 ('CP-8','2020-02-03','CP-8?S2?10:00-12:00',4,4,0,'No Notes',30,3,1,'No'),
	 ('CP-9','2020-02-05','CP-9?S1?08:00-10:00',4,4,0,'No Notes',30,3,1,'No'),
	 ('CP-10','2020-02-05','CP-10?S2?10:00-12:00',4,4,0,'No Notes',30,3,1,'No'),
	 ('CP-11','2020-02-07','CP-11?S1?08:00-10:00',4,4,0,'No Notes',30,3,1,'No'),
	 ('CP-12','2020-02-07','CP-12?S2?10:00-12:00',4,4,0,'No Notes',30,3,1,'No'),
	 ('CP-13','2020-02-10','CP-13?S1?08:00-10:00',4,4,0,'No Notes',30,3,1,'No'),
	 ('CP-14','2020-02-10','CP-14?S2?10:00-12:00',4,4,0,'No Notes',30,3,1,'No'),

	 ('CP-15','2020-02-12','CP-15?S1?08:00-10:00',4,4,0,'No Notes',30,3,1,'No'),
	 ('CP-16','2020-02-12','CP-16?S2?10:00-12:00',4,4,0,'No Notes',30,3,1,'No'),
	 ('CP-17','2020-02-14','CP-17?S1?08:00-10:00',4,4,0,'No Notes',30,3,1,'No'),
	 ('CP-18','2020-02-14','CP-18?S2?10:00-12:00',4,4,0,'No Notes',30,3,1,'No'),
	 ('CP-19','2020-02-17','CP-19?S1?08:00-10:00',4,4,0,'No Notes',30,3,1,'No'),
	 ('CP-20','2020-02-17','CP-20?S2?10:00-12:00',4,4,0,'No Notes',30,3,1,'No'),
	 ('CP-21','2020-02-19','CP-21?S1?08:00-10:00',4,4,0,'No Notes',30,3,1,'No'),
	 ('Day Off','2020-02-19','CP-21?S2?10:00-12:00',0,4,0,'No Notes',1,3,1,'No');



INSERT INTO attendance (present,note,timetableid,stuid,removeat) VALUES
	 (1,'',197,11,'No'),
	 (1,'',197,14,'No'),
	 (1,'',197,12,'No'),
	 (1,'',197,13,'No'),
	 (1,'',197,16,'No'),
	 (1,'',197,17,'No'),
	 (1,'',197,15,'No'),
	 (1,'',198,11,'No'),
	 (0,'',198,14,'No'),
	 (0,'',198,12,'No'),

	 (0,'',198,13,'No'),
	 (1,'',198,16,'No'),
	 (1,'',198,17,'No'),
	 (1,'',198,15,'No'),
	 (1,'',199,11,'No'),
	 (1,'',199,14,'No'),
	 (1,'',199,12,'No'),
	 (1,'',199,13,'No'),
	 (0,'',199,16,'No'),
	 (0,'',199,17,'No'),

	 (1,'',199,15,'No'),
	 (1,'',200,11,'No'),
	 (1,'',200,14,'No'),
	 (1,'',200,12,'No'),
	 (1,'',200,13,'No'),
	 (1,'',200,16,'No'),
	 (1,'',200,17,'No'),
	 (1,'',200,15,'No'),
	 (1,'',201,11,'No'),
	 (1,'',201,14,'No'),

	 (1,'',201,12,'No'),
	 (1,'',201,13,'No'),
	 (1,'',201,16,'No'),
	 (1,'',201,17,'No'),
	 (1,'',201,15,'No'),
	 (1,'',202,11,'No'),
	 (1,'',202,14,'No'),
	 (1,'',202,12,'No'),
	 (1,'',202,13,'No'),
	 (1,'',202,16,'No'),

	 (1,'',202,17,'No'),
	 (1,'',202,15,'No'),
	 (1,'',203,11,'No'),
	 (1,'',203,14,'No'),
	 (1,'',203,12,'No'),
	 (1,'',203,13,'No'),
	 (1,'',203,16,'No'),
	 (1,'',203,17,'No'),
	 (1,'',203,15,'No'),
	 (1,'',204,11,'No'),

	 (1,'',204,14,'No'),
	 (1,'',204,12,'No'),
	 (1,'',204,13,'No'),
	 (1,'',204,16,'No'),
	 (1,'',204,17,'No'),
	 (1,'',204,15,'No'),
	 (1,'',205,11,'No'),
	 (1,'',205,14,'No'),
	 (1,'',205,12,'No'),
	 (1,'',205,13,'No'),

	 (1,'',205,16,'No'),
	 (1,'',205,17,'No'),
	 (1,'',205,15,'No'),
	 (1,'',206,11,'No'),
	 (1,'',206,14,'No'),
	 (1,'',206,12,'No'),
	 (1,'',206,13,'No'),
	 (1,'',206,16,'No'),
	 (1,'',206,17,'No'),
	 (1,'',206,15,'No'),

	 (1,'',207,11,'No'),
	 (1,'',207,14,'No'),
	 (1,'',207,12,'No'),
	 (1,'',207,13,'No'),
	 (1,'',207,16,'No'),
	 (1,'',207,17,'No'),
	 (1,'',207,15,'No'),
	 (0,'',208,11,'No'),
	 (0,'',208,14,'No'),
	 (1,'',208,12,'No'),

	 (1,'',208,13,'No'),
	 (0,'',208,16,'No'),
	 (0,'',208,17,'No'),
	 (0,'',208,15,'No'),
	 (1,'',209,11,'No'),
	 (1,'',209,14,'No'),
	 (1,'',209,12,'No'),
	 (1,'',209,13,'No'),
	 (1,'',209,16,'No'),
	 (1,'',209,17,'No'),

	 (1,'',209,15,'No'),
	 (0,'',210,11,'No'),
	 (1,'',210,14,'No'),
	 (1,'',210,12,'No'),
	 (1,'',210,13,'No'),
	 (1,'',210,16,'No'),
	 (0,'',210,17,'No'),
	 (0,'',210,15,'No'),
	 (1,'',211,11,'No'),
	 (1,'',211,14,'No'),

	 (1,'',211,12,'No'),
	 (1,'',211,13,'No'),
	 (1,'',211,16,'No'),
	 (1,'',211,17,'No'),
	 (1,'',211,15,'No'),
	 (1,'',212,11,'No'),
	 (1,'',212,14,'No'),
	 (0,'',212,12,'No'),
	 (1,'',212,13,'No'),
	 (1,'',212,16,'No'),

	 (0,'',212,17,'No'),
	 (0,'',212,15,'No'),
	 (1,'',213,11,'No'),
	 (1,'',213,14,'No'),
	 (1,'',213,12,'No'),
	 (1,'',213,13,'No'),
	 (1,'',213,16,'No'),
	 (1,'',213,17,'No'),
	 (1,'',213,15,'No'),
	 (1,'',214,11,'No'),

	 (1,'',214,14,'No'),
	 (1,'',214,12,'No'),
	 (1,'',214,13,'No'),
	 (1,'',214,16,'No'),
	 (1,'',214,17,'No'),
	 (1,'',214,15,'No'),
	 (1,'',215,11,'No'),
	 (1,'',215,14,'No'),
	 (1,'',215,12,'No'),
	 (1,'',215,13,'No'),

	 (1,'',215,16,'No'),
	 (1,'',215,17,'No'),
	 (1,'',215,15,'No'),
	 (1,'',216,11,'No'),
	 (1,'',216,14,'No'),
	 (1,'',216,12,'No'),
	 (1,'',216,13,'No'),
	 (1,'',216,16,'No'),
	 (1,'',216,17,'No'),
	 (1,'',216,15,'No'),

	 (1,'',217,11,'No'),
	 (1,'',217,14,'No'),
	 (1,'',217,12,'No'),
	 (1,'',217,13,'No'),
	 (1,'',217,16,'No'),
	 (1,'',217,17,'No'),
	 (1,'',217,15,'No'),
	 (1,'',218,11,'No'),
	 (1,'',218,14,'No'),
	 (1,'',218,12,'No'),

	 (1,'',218,13,'No'),
	 (1,'',218,16,'No'),
	 (1,'',218,17,'No'),
	 (1,'',218,15,'No'),
	 (1,'',219,11,'No'),
	 (1,'',219,14,'No'),
	 (1,'',219,12,'No'),
	 (1,'',219,13,'No'),
	 (1,'',219,16,'No'),
	 (1,'',219,17,'No'),

	 (1,'',219,15,'No'),
	 (1,'',220,11,'No'),
	 (1,'',220,14,'No'),
	 (1,'',220,12,'No'),
	 (1,'',220,13,'No'),
	 (1,'',220,16,'No'),
	 (1,'',220,17,'No'),
	 (1,'',220,15,'No'),
	 (1,'',221,11,'No'),
	 (1,'',221,14,'No'),

	 (1,'',221,12,'No'),
	 (1,'',221,13,'No'),
	 (1,'',221,16,'No'),
	 (1,'',221,17,'No'),
	 (1,'',221,15,'No'),
	 (1,'',222,11,'No'),
	 (1,'',222,14,'No'),
	 (1,'',222,12,'No'),
	 (1,'',222,13,'No'),
	 (1,'',222,16,'No'),

	 (1,'',222,17,'No'),
	 (1,'',222,15,'No'),
	 (1,'',223,11,'No'),
	 (1,'',223,14,'No'),
	 (1,'',223,12,'No'),
	 (1,'',223,13,'No'),
	 (1,'',223,16,'No'),
	 (1,'',223,17,'No'),
	 (1,'',223,15,'No'),
	 (1,'',224,11,'No'),

	 (1,'',224,14,'No'),
	 (1,'',224,12,'No'),
	 (1,'',224,13,'No'),
	 (1,'',224,16,'No'),
	 (1,'',224,17,'No'),
	 (1,'',224,15,'No'),
	 (0,'',225,11,'No'),
	 (0,'',225,14,'No'),
	 (0,'',225,12,'No'),
	 (0,'',225,13,'No'),

	 (0,'',225,16,'No'),
	 (0,'',225,17,'No'),
	 (0,'',225,15,'No'),
	 (0,'',226,11,'No'),
	 (1,'',226,14,'No'),
	 (1,'',226,12,'No'),
	 (1,'',226,13,'No'),
	 (1,'',226,16,'No'),
	 (1,'',226,17,'No'),
	 (1,'',226,15,'No'),

	 (1,'',227,11,'No'),
	 (1,'',227,14,'No'),
	 (1,'',227,12,'No'),
	 (1,'',227,13,'No'),
	 (1,'',227,16,'No'),
	 (1,'',227,17,'No'),
	 (1,'',227,15,'No'),
	 (1,'',228,11,'No'),
	 (1,'',228,14,'No'),
	 (0,'',228,12,'No'),

	 (0,'',228,13,'No'),
	 (0,'',228,16,'No'),
	 (0,'',228,17,'No'),
	 (1,'',228,15,'No'),
	 (1,'',229,11,'No'),
	 (1,'',229,14,'No'),
	 (1,'',229,12,'No'),
	 (1,'',229,13,'No'),
	 (1,'',229,16,'No'),
	 (1,'',229,17,'No'),

	 (1,'',229,15,'No'),
	 (1,'',230,11,'No'),
	 (1,'',230,14,'No'),
	 (1,'',230,12,'No'),
	 (1,'',230,13,'No'),
	 (1,'',230,16,'No'),
	 (1,'',230,17,'No'),
	 (1,'',230,15,'No'),
	 (1,'',231,11,'No'),
	 (1,'',231,14,'No'),

	 (1,'',231,12,'No'),
	 (1,'',231,13,'No'),
	 (1,'',231,16,'No'),
	 (1,'',231,17,'No'),
	 (1,'',231,15,'No'),
	 (1,'',232,11,'No'),
	 (1,'',232,14,'No'),
	 (0,'',232,12,'No'),
	 (0,'',232,13,'No'),
	 (0,'',232,16,'No'),

	 (1,'',232,17,'No'),
	 (1,'',232,15,'No'),
	 (1,'',233,11,'No'),
	 (1,'',233,14,'No'),
	 (1,'',233,12,'No'),
	 (1,'',233,13,'No'),
	 (1,'',233,16,'No'),
	 (1,'',233,17,'No'),
	 (1,'',233,15,'No'),
	 (1,'',234,11,'No'),

	 (1,'',234,14,'No'),
	 (0,'',234,12,'No'),
	 (0,'',234,13,'No'),
	 (0,'',234,16,'No'),
	 (1,'',234,17,'No'),
	 (1,'',234,15,'No'),
	 (1,'',235,11,'No'),
	 (0,'',235,14,'No'),
	 (0,'',235,12,'No'),
	 (0,'',235,13,'No'),

	 (0,'',235,16,'No'),
	 (1,'',235,17,'No'),
	 (1,'',235,15,'No'),
	 (1,'',236,11,'No'),
	 (1,'',236,14,'No'),
	 (1,'',236,12,'No'),
	 (1,'',236,13,'No'),
	 (1,'',236,16,'No'),
	 (1,'',236,17,'No'),
	 (1,'',236,15,'No'),

	 (1,'',237,11,'No'),
	 (0,'',237,14,'No'),
	 (0,'',237,12,'No'),
	 (0,'',237,13,'No'),
	 (0,'',237,16,'No'),
	 (1,'',237,17,'No'),
	 (1,'',237,15,'No'),
	 (1,'',238,11,'No'),
	 (0,'',238,14,'No'),
	 (0,'',238,12,'No'),

	 (0,'',238,13,'No'),
	 (0,'',238,16,'No'),
	 (1,'',238,17,'No'),
	 (0,'',238,15,'No'),
	 (1,'',239,11,'No'),
	 (1,'',239,14,'No'),
	 (1,'',239,12,'No'),
	 (1,'',239,13,'No'),
	 (1,'',239,16,'No'),
	 (1,'',239,17,'No'),

	 (1,'',239,15,'No'),
	 (1,'',240,11,'No'),
	 (1,'',240,14,'No'),
	 (1,'',240,12,'No'),
	 (1,'',240,13,'No'),
	 (1,'',240,16,'No'),
	 (1,'',240,17,'No'),
	 (1,'',240,15,'No'),
	 (1,'',241,11,'No'),
	 (1,'',241,14,'No'),

	 (1,'',241,12,'No'),
	 (1,'',241,13,'No'),
	 (1,'',241,16,'No'),
	 (1,'',241,17,'No'),
	 (1,'',241,15,'No'),
	 (1,'',242,11,'No'),
	 (1,'',242,14,'No'),
	 (1,'',242,12,'No'),
	 (1,'',242,13,'No'),
	 (1,'',242,16,'No'),

	 (1,'',242,17,'No'),
	 (1,'',242,15,'No'),
	 (1,'',243,11,'No'),
	 (1,'',243,14,'No'),
	 (1,'',243,12,'No'),
	 (1,'',243,13,'No'),
	 (1,'',243,16,'No'),
	 (1,'',243,17,'No'),
	 (1,'',243,15,'No'),
	 (1,'',244,11,'No'),

	 (1,'',244,14,'No'),
	 (0,'',244,12,'No'),
	 (0,'',244,13,'No'),
	 (1,'',244,16,'No'),
	 (1,'',244,17,'No'),
	 (1,'',244,15,'No'),
	 (1,'',245,11,'No'),
	 (1,'',245,14,'No'),
	 (0,'',245,12,'No'),
	 (0,'',245,13,'No'),

	 (1,'',245,16,'No'),
	 (1,'',245,17,'No'),
	 (1,'',245,15,'No'),
	 (1,'',247,11,'No'),
	 (1,'',247,14,'No'),
	 (1,'',247,12,'No'),
	 (1,'',247,13,'No'),
	 (1,'',247,16,'No'),
	 (1,'',247,17,'No'),
	 (1,'',247,15,'No'),

	 (1,'',248,11,'No'),
	 (1,'',248,14,'No'),
	 (1,'',248,12,'No'),
	 (1,'',248,13,'No'),
	 (1,'',248,16,'No'),
	 (1,'',248,17,'No'),
	 (1,'',248,15,'No'),
	 (1,'',249,11,'No'),
	 (1,'',249,14,'No'),
	 (1,'',249,12,'No'),

	 (1,'',249,13,'No'),
	 (1,'',249,16,'No'),
	 (1,'',249,17,'No'),
	 (1,'',249,15,'No'),
	 (1,'',250,11,'No'),
	 (1,'',250,14,'No'),
	 (1,'',250,12,'No'),
	 (1,'',250,13,'No'),
	 (1,'',250,16,'No'),
	 (1,'',250,17,'No'),

	 (1,'',250,15,'No'),
	 (1,'',251,11,'No'),
	 (1,'',251,14,'No'),
	 (1,'',251,12,'No'),
	 (1,'',251,13,'No'),
	 (1,'',251,16,'No'),
	 (1,'',251,17,'No'),
	 (1,'',251,15,'No'),
	 (1,'',252,11,'No'),
	 (1,'',252,14,'No'),

	 (1,'',252,12,'No'),
	 (1,'',252,13,'No'),
	 (1,'',252,16,'No'),
	 (1,'',252,17,'No'),
	 (1,'',252,15,'No'),
	 (1,'',253,11,'No'),
	 (0,'',253,14,'No'),
	 (0,'',253,12,'No'),
	 (1,'',253,13,'No'),
	 (1,'',253,16,'No'),

	 (1,'',253,17,'No'),
	 (1,'',253,15,'No'),
	 (1,'',254,11,'No'),
	 (1,'',254,14,'No'),
	 (0,'',254,12,'No'),
	 (0,'',254,13,'No'),
	 (0,'',254,16,'No'),
	 (1,'',254,17,'No'),
	 (1,'',254,15,'No'),
	 (1,'',255,11,'No'),

	 (0,'',255,14,'No'),
	 (1,'',255,12,'No'),
	 (0,'',255,13,'No'),
	 (1,'',255,16,'No'),
	 (1,'',255,17,'No'),
	 (1,'',255,15,'No'),
	 (0,'',256,11,'No'),
	 (0,'',256,14,'No'),
	 (0,'',256,12,'No'),
	 (0,'',256,13,'No'),

	 (0,'',256,16,'No'),
	 (0,'',256,17,'No'),
	 (0,'',256,15,'No'),
	 (1,'',257,11,'No'),
	 (1,'',257,14,'No'),
	 (1,'',257,12,'No'),
	 (1,'',257,13,'No'),
	 (1,'',257,16,'No'),
	 (1,'',257,17,'No'),
	 (1,'',257,15,'No'),

	 (1,'',258,11,'No'),
	 (1,'',258,14,'No'),
	 (0,'',258,12,'No'),
	 (0,'',258,13,'No'),
	 (0,'',258,16,'No'),
	 (1,'',258,17,'No'),
	 (1,'',258,15,'No'),
	 (1,'',259,11,'No'),
	 (1,'',259,14,'No'),
	 (1,'',259,12,'No'),

	 (1,'',259,13,'No'),
	 (1,'',259,16,'No'),
	 (1,'',259,17,'No'),
	 (1,'',259,15,'No'),
	 (1,'',260,11,'No'),
	 (1,'',260,14,'No'),
	 (1,'',260,12,'No'),
	 (1,'',260,13,'No'),
	 (1,'',260,16,'No'),
	 (1,'',260,17,'No'),

	 (1,'',260,15,'No'),
	 (1,'',261,11,'No'),
	 (1,'',261,14,'No'),
	 (1,'',261,12,'No'),
	 (1,'',261,13,'No'),
	 (1,'',261,16,'No'),
	 (1,'',261,17,'No'),
	 (1,'',261,15,'No'),
	 (1,'',262,11,'No'),
	 (1,'',262,14,'No'),

	 (1,'',262,12,'No'),
	 (1,'',262,13,'No'),
	 (1,'',262,16,'No'),
	 (1,'',262,17,'No'),
	 (1,'',262,15,'No'),
	 (1,'',263,11,'No'),
	 (1,'',263,14,'No'),
	 (1,'',263,12,'No'),
	 (1,'',263,13,'No'),
	 (0,'',263,16,'No'),

	 (1,'',263,17,'No'),
	 (1,'',263,15,'No'),
	 (0,'',245,11,'No'),
	 (1,'',245,14,'No'),
	 (1,'',245,12,'No'),
	 (1,'',245,13,'No'),
	 (1,'',245,16,'No'),
	 (1,'',245,17,'No'),
	 (1,'',245,15,'No'),
	 (1,'',265,11,'No'),

	 (1,'',265,14,'No'),
	 (1,'',265,12,'No'),
	 (1,'',265,13,'No'),
	 (1,'',265,16,'No'),
	 (1,'',265,17,'No'),
	 (1,'',265,15,'No'),
	 (1,'',266,11,'No'),
	 (1,'',266,14,'No'),
	 (1,'',266,12,'No'),
	 (1,'',266,13,'No'),

	 (1,'',266,16,'No'),
	 (1,'',266,17,'No'),
	 (1,'',266,15,'No'),
	 (1,'',267,11,'No'),
	 (1,'',267,14,'No'),
	 (0,'',267,12,'No'),
	 (1,'',267,13,'No'),
	 (1,'',267,16,'No'),
	 (1,'',267,17,'No'),
	 (1,'',267,15,'No'),

	 (1,'',268,11,'No'),
	 (1,'',268,14,'No'),
	 (0,'',268,12,'No'),
	 (1,'',268,13,'No'),
	 (1,'',268,16,'No'),
	 (1,'',268,17,'No'),
	 (1,'',268,15,'No'),
	 (1,'',269,11,'No'),
	 (1,'',269,14,'No'),
	 (1,'',269,12,'No'),

	 (1,'',269,13,'No'),
	 (1,'',269,16,'No'),
	 (1,'',269,17,'No'),
	 (1,'',269,15,'No'),
	 (1,'',270,11,'No'),
	 (1,'',270,14,'No'),
	 (1,'',270,12,'No'),
	 (1,'',270,13,'No'),
	 (1,'',270,16,'No'),
	 (1,'',270,17,'No'),

	 (1,'',270,15,'No'),
	 (1,'',271,11,'No'),
	 (1,'',271,14,'No'),
	 (1,'',271,12,'No'),
	 (1,'',271,13,'No'),
	 (1,'',271,16,'No'),
	 (1,'',271,17,'No'),
	 (1,'',271,15,'No'),
	 (1,'',272,11,'No'),
	 (1,'',272,14,'No'),

	 (1,'',272,12,'No'),
	 (1,'',272,13,'No'),
	 (1,'',272,16,'No'),
	 (1,'',272,17,'No'),
	 (1,'',272,15,'No'),
	 (1,'',273,11,'No'),
	 (1,'',273,14,'No'),
	 (1,'',273,12,'No'),
	 (1,'',273,13,'No'),
	 (1,'',273,16,'No'),

	 (1,'',273,17,'No'),
	 (1,'',273,15,'No'),
	 (1,'',274,11,'No'),
	 (1,'',274,14,'No'),
	 (1,'',274,12,'No'),
	 (1,'',274,13,'No'),
	 (1,'',274,16,'No'),
	 (1,'',274,17,'No'),
	 (1,'',274,15,'No'),
	 (1,'',275,11,'No'),

	 (1,'',275,14,'No'),
	 (0,'',275,12,'No'),
	 (0,'',275,13,'No'),
	 (1,'',275,16,'No'),
	 (1,'',275,17,'No'),
	 (1,'',275,15,'No'),
	 (1,'',276,11,'No'),
	 (1,'',276,14,'No'),
	 (1,'',276,12,'No'),
	 (1,'',276,13,'No'),

	 (1,'',276,16,'No'),
	 (0,'',276,17,'No'),
	 (0,'',276,15,'No'),
	 (1,'',277,11,'No'),
	 (1,'',277,14,'No'),
	 (0,'',277,12,'No'),
	 (1,'',277,13,'No'),
	 (1,'',277,16,'No'),
	 (1,'',277,17,'No'),
	 (1,'',277,15,'No'),

	 (1,'',278,11,'No'),
	 (1,'',278,14,'No'),
	 (0,'',278,12,'No'),
	 (0,'',278,13,'No'),
	 (1,'',278,16,'No'),
	 (1,'',278,17,'No'),
	 (1,'',278,15,'No'),
	 (1,'',279,11,'No'),
	 (0,'',279,14,'No'),
	 (0,'',279,12,'No'),

	 (1,'',279,13,'No'),
	 (1,'',279,16,'No'),
	 (1,'',279,17,'No'),
	 (1,'',279,15,'No'),
	 (1,'',280,11,'No'),
	 (1,'',280,14,'No'),
	 (0,'',280,12,'No'),
	 (0,'',280,13,'No'),
	 (1,'',280,16,'No'),
	 (1,'',280,17,'No'),

	 (1,'',280,15,'No'),
	 (1,'',281,11,'No'),
	 (1,'',281,14,'No'),
	 (1,'',281,12,'No'),
	 (1,'',281,13,'No'),
	 (1,'',281,16,'No'),
	 (1,'',281,17,'No'),
	 (1,'',281,15,'No'),
	 (1,'',282,11,'No'),
	 (1,'',282,14,'No'),

	 (1,'',282,12,'No'),
	 (1,'',282,13,'No'),
	 (1,'',282,16,'No'),
	 (1,'',282,17,'No'),
	 (1,'',282,15,'No'),
	 (1,'',283,11,'No'),
	 (1,'',283,14,'No'),
	 (1,'',283,12,'No'),
	 (1,'',283,13,'No'),
	 (1,'',283,16,'No'),

	 (1,'',283,17,'No'),
	 (1,'',283,15,'No'),
	 (1,'',284,11,'No'),
	 (1,'',284,14,'No'),
	 (0,'',284,12,'No'),
	 (0,'',284,13,'No'),
	 (1,'',284,16,'No'),
	 (1,'',284,17,'No'),
	 (1,'',284,15,'No'),
	 (0,'',285,11,'No'),

	 (0,'',285,14,'No'),
	 (1,'',285,12,'No'),
	 (1,'',285,13,'No'),
	 (1,'',285,16,'No'),
	 (1,'',285,17,'No'),
	 (1,'',285,15,'No'),
	 (1,'',286,11,'No'),
	 (1,'',286,14,'No'),
	 (1,'',286,12,'No'),
	 (1,'',286,13,'No'),

	 (1,'',286,16,'No'),
	 (1,'',286,17,'No'),
	 (1,'',286,15,'No'),
	 (1,'',287,11,'No'),
	 (1,'',287,14,'No'),
	 (1,'',287,12,'No'),
	 (1,'',287,13,'No'),
	 (1,'',287,16,'No'),
	 (1,'',287,17,'No'),
	 (1,'',287,15,'No'),

	 (1,'',288,11,'No'),
	 (1,'',288,14,'No'),
	 (1,'',288,12,'No'),
	 (1,'',288,13,'No'),
	 (1,'',288,16,'No'),
	 (1,'',288,17,'No'),
	 (1,'',288,15,'No'),
	 (1,'',289,11,'No'),
	 (1,'',289,14,'No'),
	 (1,'',289,12,'No'),

	 (1,'',289,13,'No'),
	 (1,'',289,16,'No'),
	 (1,'',289,17,'No'),
	 (1,'',289,15,'No'),
	 (1,'',290,11,'No'),
	 (1,'',290,14,'No'),
	 (1,'',290,12,'No'),
	 (1,'',290,13,'No'),
	 (1,'',290,16,'No'),
	 (1,'',290,17,'No'),

	 (1,'',290,15,'No'),
	 (1,'',291,11,'No'),
	 (0,'',291,14,'No'),
	 (0,'',291,12,'No'),
	 (1,'',291,13,'No'),
	 (1,'',291,16,'No'),
	 (1,'',291,17,'No'),
	 (1,'',291,15,'No'),
	 (1,'',292,11,'No'),
	 (1,'',292,14,'No'),

	 (1,'',292,12,'No'),
	 (1,'',292,13,'No'),
	 (0,'',292,16,'No'),
	 (0,'',292,17,'No'),
	 (1,'',292,15,'No'),
	 (1,'',293,11,'No'),
	 (0,'',293,14,'No'),
	 (0,'',293,12,'No'),
	 (1,'',293,13,'No'),
	 (1,'',293,16,'No'),

	 (1,'',293,17,'No'),
	 (1,'',293,15,'No'),
	 (1,'',294,11,'No'),
	 (1,'',294,14,'No'),
	 (0,'',294,12,'No'),
	 (1,'',294,13,'No'),
	 (1,'',294,16,'No'),
	 (1,'',294,17,'No'),
	 (1,'',294,15,'No'),
	 (1,'',295,11,'No'),

	 (1,'',295,14,'No'),
	 (1,'',295,12,'No'),
	 (1,'',295,13,'No'),
	 (1,'',295,16,'No'),
	 (1,'',295,17,'No'),
	 (0,'',295,15,'No'),
	 (1,'',296,11,'No'),
	 (0,'',296,14,'No'),
	 (0,'',296,12,'No'),
	 (1,'',296,13,'No'),

	 (1,'',296,16,'No'),
	 (1,'',296,17,'No'),
	 (1,'',296,15,'No'),
	 (1,'',297,11,'No'),
	 (0,'',297,14,'No'),
	 (1,'',297,12,'No'),
	 (1,'',297,13,'No'),
	 (1,'',297,16,'No'),
	 (1,'',297,17,'No'),
	 (1,'',297,15,'No'),

	 (1,'',298,11,'No'),
	 (1,'',298,14,'No'),
	 (0,'',298,12,'No'),
	 (1,'',298,13,'No'),
	 (1,'',298,16,'No'),
	 (1,'',298,17,'No'),
	 (1,'',298,15,'No'),
	 (1,'',299,11,'No'),
	 (1,'',299,14,'No'),
	 (1,'',299,12,'No'),

	 (1,'',299,13,'No'),
	 (1,'',299,16,'No'),
	 (1,'',299,17,'No'),
	 (1,'',299,15,'No'),
	 (1,'',300,11,'No'),
	 (1,'',300,14,'No'),
	 (0,'',300,12,'No'),
	 (0,'',300,13,'No'),
	 (1,'',300,16,'No'),
	 (1,'',300,17,'No'),

	 (1,'',300,15,'No'),
	 (1,'',301,11,'No'),
	 (1,'',301,14,'No'),
	 (1,'',301,12,'No'),
	 (1,'',301,13,'No'),
	 (1,'',301,16,'No'),
	 (1,'',301,17,'No'),
	 (1,'',301,15,'No'),
	 (1,'',302,11,'No'),
	 (0,'',302,14,'No'),

	 (0,'',302,12,'No'),
	 (1,'',302,13,'No'),
	 (1,'',302,16,'No'),
	 (1,'',302,17,'No'),
	 (1,'',302,15,'No'),
	 (1,'',303,11,'No'),
	 (1,'',303,14,'No'),
	 (0,'',303,12,'No'),
	 (1,'',303,13,'No'),
	 (1,'',303,16,'No'),

	 (1,'',303,17,'No'),
	 (1,'',303,15,'No'),
	 (1,'',304,11,'No'),
	 (1,'',304,14,'No'),
	 (1,'',304,12,'No'),
	 (0,'',304,13,'No'),
	 (0,'',304,16,'No'),
	 (1,'',304,17,'No'),
	 (1,'',304,15,'No'),
	 (1,'',305,11,'No'),

	 (1,'',305,14,'No'),
	 (1,'',305,12,'No'),
	 (1,'',305,13,'No'),
	 (1,'',305,16,'No'),
	 (1,'',305,17,'No'),
	 (1,'',305,15,'No'),
	 (1,'',306,11,'No'),
	 (1,'',306,14,'No'),
	 (1,'',306,12,'No'),
	 (1,'',306,13,'No'),

	 (1,'',306,16,'No'),
	 (1,'',306,17,'No'),
	 (1,'',306,15,'No'),
	 (1,'',307,11,'No'),
	 (1,'',307,14,'No'),
	 (1,'',307,12,'No'),
	 (1,'',307,13,'No'),
	 (1,'',307,16,'No'),
	 (1,'',307,17,'No'),
	 (1,'',307,15,'No'),

	 (1,'',308,11,'No'),
	 (1,'',308,14,'No'),
	 (1,'',308,12,'No'),
	 (1,'',308,13,'No'),
	 (1,'',308,16,'No'),
	 (1,'',308,17,'No'),
	 (1,'',308,15,'No'),
	 (1,'',309,11,'No'),
	 (1,'',309,14,'No'),
	 (1,'',309,12,'No'),

	 (1,'',309,13,'No'),
	 (1,'',309,16,'No'),
	 (1,'',309,17,'No'),
	 (1,'',309,15,'No'),
	 (1,'',310,11,'No'),
	 (1,'',310,14,'No'),
	 (1,'',310,12,'No'),
	 (1,'',310,13,'No'),
	 (1,'',310,16,'No'),
	 (1,'',310,17,'No'),

	 (1,'',310,15,'No'),
	 (1,'',311,11,'No'),
	 (1,'',311,14,'No'),
	 (1,'',311,12,'No'),
	 (1,'',311,13,'No'),
	 (1,'',311,16,'No'),
	 (1,'',311,17,'No'),
	 (1,'',311,15,'No'),
	 (1,'',312,11,'No'),
	 (1,'',312,14,'No'),

	 (1,'',312,12,'No'),
	 (1,'',312,13,'No'),
	 (1,'',312,16,'No'),
	 (1,'',312,17,'No'),
	 (1,'',312,15,'No'),
	 (1,'',313,11,'No'),
	 (1,'',313,14,'No'),
	 (1,'',313,12,'No'),
	 (1,'',313,13,'No'),
	 (1,'',313,16,'No'),

	 (1,'',313,17,'No'),
	 (1,'',313,15,'No'),
	 (1,'',314,11,'No'),
	 (1,'',314,14,'No'),
	 (1,'',314,12,'No'),
	 (1,'',314,13,'No'),
	 (1,'',314,16,'No'),
	 (1,'',314,17,'No'),
	 (1,'',314,15,'No'),
	 (1,'',315,11,'No'),

	 (1,'',315,14,'No'),
	 (1,'',315,12,'No'),
	 (1,'',315,13,'No'),
	 (1,'',315,16,'No'),
	 (1,'',315,17,'No'),
	 (1,'',315,15,'No'),
	 (1,'',316,11,'No'),
	 (1,'',316,14,'No'),
	 (0,'',316,12,'No'),
	 (0,'',316,13,'No'),

	 (1,'',316,16,'No'),
	 (1,'',316,17,'No'),
	 (1,'',316,15,'No'),
	 (1,'',317,11,'No'),
	 (0,'',317,14,'No'),
	 (0,'',317,12,'No'),
	 (1,'',317,13,'No'),
	 (1,'',317,16,'No'),
	 (1,'',317,17,'No'),
	 (1,'',317,15,'No'),

	 (1,'',318,11,'No'),
	 (1,'',318,14,'No'),
	 (1,'',318,12,'No'),
	 (0,'',318,13,'No'),
	 (0,'',318,16,'No'),
	 (1,'',318,17,'No'),
	 (1,'',318,15,'No'),
	 (1,'',319,11,'No'),
	 (0,'',319,14,'No'),
	 (0,'',319,12,'No'),

	 (1,'',319,13,'No'),
	 (1,'',319,16,'No'),
	 (1,'',319,17,'No'),
	 (1,'',319,15,'No'),
	 (1,'',320,11,'No'),
	 (1,'',320,14,'No'),
	 (1,'',320,12,'No'),
	 (1,'',320,13,'No'),
	 (1,'',320,16,'No'),
	 (1,'',320,17,'No'),

	 (1,'',320,15,'No'),
	 (1,'',321,11,'No'),
	 (1,'',321,14,'No'),
	 (1,'',321,12,'No'),
	 (1,'',321,13,'No'),
	 (1,'',321,16,'No'),
	 (1,'',321,17,'No'),
	 (1,'',321,15,'No'),
	 (1,'',322,11,'No'),
	 (1,'',322,14,'No'),

	 (1,'',322,12,'No'),
	 (1,'',322,13,'No'),
	 (1,'',322,16,'No'),
	 (1,'',322,17,'No'),
	 (1,'',322,15,'No'),
	 (1,'',323,11,'No'),
	 (1,'',323,14,'No'),
	 (1,'',323,12,'No'),
	 (1,'',323,13,'No'),
	 (1,'',323,16,'No'),

	 (1,'',323,17,'No'),
	 (1,'',323,15,'No'),
	 (1,'',324,11,'No'),
	 (1,'',324,14,'No'),
	 (0,'',324,12,'No'),
	 (1,'',324,13,'No'),
	 (1,'',324,16,'No'),
	 (1,'',324,17,'No'),
	 (1,'',324,15,'No'),
	 (1,'',325,11,'No'),

	 (1,'',325,14,'No'),
	 (1,'',325,12,'No'),
	 (1,'',325,13,'No'),
	 (1,'',325,16,'No'),
	 (1,'',325,17,'No'),
	 (1,'',325,15,'No'),
	 (1,'',326,11,'No'),
	 (1,'',326,14,'No'),
	 (0,'',326,12,'No'),
	 (1,'',326,13,'No'),

	 (1,'',326,16,'No'),
	 (1,'',326,17,'No'),
	 (1,'',326,15,'No'),
	 (1,'',327,11,'No'),
	 (1,'',327,14,'No'),
	 (1,'',327,12,'No'),
	 (1,'',327,13,'No'),
	 (1,'',327,16,'No'),
	 (0,'',327,17,'No'),
	 (0,'',327,15,'No'),

	 (1,'',329,11,'No'),
	 (1,'',329,14,'No'),
	 (1,'',329,12,'No'),
	 (1,'',329,13,'No'),
	 (1,'',329,16,'No'),
	 (1,'',329,17,'No'),
	 (1,'',329,15,'No'),
	 (1,'',330,11,'No'),
	 (1,'',330,14,'No'),
	 (1,'',330,12,'No'),

	 (1,'',330,13,'No'),
	 (1,'',330,16,'No'),
	 (1,'',330,17,'No'),
	 (1,'',330,15,'No'),
	 (1,'',331,11,'No'),
	 (1,'',331,14,'No'),
	 (1,'',331,12,'No'),
	 (1,'',331,13,'No'),
	 (1,'',331,16,'No'),
	 (1,'',331,17,'No'),

	 (1,'',331,15,'No'),
	 (1,'',332,11,'No'),
	 (1,'',332,14,'No'),
	 (1,'',332,12,'No'),
	 (1,'',332,13,'No'),
	 (1,'',332,16,'No'),
	 (1,'',332,17,'No'),
	 (1,'',332,15,'No'),
	 (1,'',333,11,'No'),
	 (1,'',333,14,'No'),

	 (1,'',333,12,'No'),
	 (1,'',333,13,'No'),
	 (1,'',333,16,'No'),
	 (1,'',333,17,'No'),
	 (1,'',333,15,'No'),
	 (1,'',334,11,'No'),
	 (1,'',334,14,'No'),
	 (1,'',334,12,'No'),
	 (1,'',334,13,'No'),
	 (1,'',334,16,'No'),

	 (1,'',334,17,'No'),
	 (1,'',334,15,'No'),
	 (1,'',335,11,'No'),
	 (1,'',335,14,'No'),
	 (1,'',335,12,'No'),
	 (1,'',335,13,'No'),
	 (1,'',335,16,'No'),
	 (1,'',335,17,'No'),
	 (1,'',335,15,'No'),
	 (1,'',336,11,'No'),

	 (1,'',336,14,'No'),
	 (0,'',336,12,'No'),
	 (0,'',336,13,'No'),
	 (1,'',336,16,'No'),
	 (1,'',336,17,'No'),
	 (1,'',336,15,'No'),
	 (1,'',337,11,'No'),
	 (0,'',337,14,'No'),
	 (0,'',337,12,'No'),
	 (1,'',337,13,'No'),

	 (1,'',337,16,'No'),
	 (1,'',337,17,'No'),
	 (1,'',337,15,'No'),
	 (0,'',338,11,'No'),
	 (1,'',338,14,'No'),
	 (1,'',338,12,'No'),
	 (1,'',338,13,'No'),
	 (1,'',338,16,'No'),
	 (1,'',338,17,'No'),
	 (1,'',338,15,'No'),

	 (0,'',339,11,'No'),
	 (0,'',339,14,'No'),
	 (1,'',339,12,'No'),
	 (1,'',339,13,'No'),
	 (1,'',339,16,'No'),
	 (1,'',339,17,'No'),
	 (1,'',339,15,'No'),
	 (1,'',340,11,'No'),
	 (1,'',340,14,'No'),
	 (1,'',340,12,'No'),

	 (1,'',340,13,'No'),
	 (1,'',340,16,'No'),
	 (1,'',340,17,'No'),
	 (1,'',340,15,'No'),
	 (1,'',341,11,'No'),
	 (1,'',341,14,'No'),
	 (1,'',341,12,'No'),
	 (1,'',341,13,'No'),
	 (1,'',341,16,'No'),
	 (1,'',341,17,'No'),

	 (1,'',341,15,'No'),
	 (1,'',342,11,'No'),
	 (1,'',342,14,'No'),
	 (1,'',342,12,'No'),
	 (1,'',342,13,'No'),
	 (1,'',342,16,'No'),
	 (1,'',342,17,'No'),
	 (1,'',342,15,'No'),
	 (1,'',343,11,'No'),
	 (1,'',343,14,'No'),

	 (1,'',343,12,'No'),
	 (1,'',343,13,'No'),
	 (1,'',343,16,'No'),
	 (1,'',343,17,'No'),
	 (1,'',343,15,'No'),
	 (1,'',344,11,'No'),
	 (1,'',344,14,'No'),
	 (1,'',344,12,'No'),
	 (1,'',344,13,'No'),
	 (1,'',344,16,'No'),

	 (1,'',344,17,'No'),
	 (1,'',344,15,'No'),
	 (1,'',345,11,'No'),
	 (1,'',345,14,'No'),
	 (1,'',345,12,'No'),
	 (1,'',345,13,'No'),
	 (1,'',345,16,'No'),
	 (1,'',345,17,'No'),
	 (1,'',345,15,'No'),
	 (1,'',346,11,'No'),

	 (1,'',346,14,'No'),
	 (1,'',346,12,'No'),
	 (1,'',346,13,'No'),
	 (1,'',346,16,'No'),
	 (1,'',346,17,'No'),
	 (1,'',346,15,'No'),
	 (1,'',347,11,'No'),
	 (1,'',347,14,'No'),
	 (1,'',347,12,'No'),
	 (1,'',347,13,'No'),

	 (1,'',347,16,'No'),
	 (1,'',347,17,'No'),
	 (1,'',347,15,'No'),
	 (1,'',348,11,'No'),
	 (1,'',348,14,'No'),
	 (1,'',348,12,'No'),
	 (1,'',348,13,'No'),
	 (1,'',348,16,'No'),
	 (1,'',348,17,'No'),
	 (1,'',348,15,'No'),

	 (1,'',349,11,'No'),
	 (1,'',349,14,'No'),
	 (1,'',349,12,'No'),
	 (1,'',349,13,'No'),
	 (1,'',349,16,'No'),
	 (1,'',349,17,'No'),
	 (1,'',349,15,'No'),
	 (1,'',350,11,'No'),
	 (1,'',350,14,'No'),
	 (1,'',350,12,'No'),

	 (1,'',350,13,'No'),
	 (1,'',350,16,'No'),
	 (1,'',350,17,'No'),
	 (1,'',350,15,'No'),
	 (1,'',351,11,'No'),
	 (1,'',351,14,'No'),
	 (0,'',351,12,'No'),
	 (0,'',351,13,'No'),
	 (1,'',351,16,'No'),
	 (1,'',351,17,'No'),

	 (1,'',351,15,'No'),
	 (1,'',352,11,'No'),
	 (1,'',352,14,'No'),
	 (0,'',352,12,'No'),
	 (1,'',352,13,'No'),
	 (1,'',352,16,'No'),
	 (1,'',352,17,'No'),
	 (1,'',352,15,'No'),
	 (1,'',353,11,'No'),
	 (1,'',353,14,'No'),

	 (1,'',353,12,'No'),
	 (1,'',353,13,'No'),
	 (1,'',353,16,'No'),
	 (1,'',353,17,'No'),
	 (1,'',353,15,'No'),
	 (1,'',354,11,'No'),
	 (1,'',354,14,'No'),
	 (1,'',354,12,'No'),
	 (1,'',354,13,'No'),
	 (1,'',354,16,'No'),

	 (1,'',354,17,'No'),
	 (1,'',354,15,'No'),
	 (1,'',355,11,'No'),
	 (0,'',355,14,'No'),
	 (1,'',355,12,'No'),
	 (1,'',355,13,'No'),
	 (1,'',355,16,'No'),
	 (1,'',355,17,'No'),
	 (1,'',355,15,'No'),
	 (1,'',356,11,'No'),

	 (1,'',356,14,'No'),
	 (1,'',356,12,'No'),
	 (1,'',356,13,'No'),
	 (0,'',356,16,'No'),
	 (1,'',356,17,'No'),
	 (1,'',356,15,'No'),
	 (1,'',357,11,'No'),
	 (1,'',357,14,'No'),
	 (1,'',357,12,'No'),
	 (1,'',357,13,'No'),

	 (1,'',357,16,'No'),
	 (1,'',357,17,'No'),
	 (1,'',357,15,'No'),
	 (1,'',358,11,'No'),
	 (1,'',358,14,'No'),
	 (1,'',358,12,'No'),
	 (0,'',358,13,'No'),
	 (0,'',358,16,'No'),
	 (1,'',358,17,'No'),
	 (1,'',358,15,'No'),

	 (1,'',359,11,'No'),
	 (1,'',359,14,'No'),
	 (1,'',359,12,'No'),
	 (1,'',359,13,'No'),
	 (1,'',359,16,'No'),
	 (1,'',359,17,'No'),
	 (1,'',359,15,'No'),
	 (1,'',360,11,'No'),
	 (1,'',360,14,'No'),
	 (1,'',360,12,'No'),

	 (0,'',360,13,'No'),
	 (0,'',360,16,'No'),
	 (0,'',360,17,'No'),
	 (1,'',360,15,'No'),
	 (1,'',361,11,'No'),
	 (0,'',361,14,'No'),
	 (1,'',361,12,'No'),
	 (1,'',361,13,'No'),
	 (1,'',361,16,'No'),
	 (1,'',361,17,'No'),

	 (1,'',361,15,'No'),
	 (1,'',362,11,'No'),
	 (1,'',362,14,'No'),
	 (0,'',362,12,'No'),
	 (1,'',362,13,'No'),
	 (1,'',362,16,'No'),
	 (1,'',362,17,'No'),
	 (1,'',362,15,'No'),
	 (1,'',363,11,'No'),
	 (1,'',363,14,'No'),

	 (1,'',363,12,'No'),
	 (1,'',363,13,'No'),
	 (1,'',363,16,'No'),
	 (1,'',363,17,'No'),
	 (1,'',363,15,'No'),
	 (1,'',364,11,'No'),
	 (0,'',364,14,'No'),
	 (0,'',364,12,'No'),
	 (0,'',364,13,'No'),
	 (1,'',364,16,'No'),

	 (1,'',364,17,'No'),
	 (1,'',364,15,'No'),
	 (1,'',365,11,'No'),
	 (1,'',365,14,'No'),
	 (1,'',365,12,'No'),
	 (1,'',365,13,'No'),
	 (1,'',365,16,'No'),
	 (1,'',365,17,'No'),
	 (1,'',365,15,'No'),
	 (1,'',366,11,'No'),

	 (1,'',366,14,'No'),
	 (1,'',366,12,'No'),
	 (1,'',366,13,'No'),
	 (1,'',366,16,'No'),
	 (1,'',366,17,'No'),
	 (1,'',366,15,'No'),
	 (1,'',367,11,'No'),
	 (1,'',367,14,'No'),
	 (1,'',367,12,'No'),
	 (1,'',367,13,'No'),

	 (1,'',367,16,'No'),
	 (1,'',367,17,'No'),
	 (1,'',367,15,'No'),
	 (1,'',368,11,'No'),
	 (1,'',368,14,'No'),
	 (1,'',368,12,'No'),
	 (1,'',368,13,'No'),
	 (1,'',368,16,'No'),
	 (1,'',368,17,'No'),
	 (1,'',368,15,'No'),

	 (1,'',369,11,'No'),
	 (1,'',369,14,'No'),
	 (1,'',369,12,'No'),
	 (1,'',369,13,'No'),
	 (1,'',369,16,'No'),
	 (1,'',369,17,'No'),
	 (1,'',369,15,'No'),
	 (1,'',370,11,'No'),
	 (1,'',370,14,'No'),
	 (1,'',370,12,'No'),

	 (1,'',370,13,'No'),
	 (1,'',370,16,'No'),
	 (1,'',370,17,'No'),
	 (1,'',370,15,'No'),
	 (1,'',371,11,'No'),
	 (1,'',371,14,'No'),
	 (1,'',371,12,'No'),
	 (1,'',371,13,'No'),
	 (1,'',371,16,'No'),
	 (1,'',371,17,'No'),

	 (1,'',371,15,'No'),
	 (1,'',373,11,'No'),
	 (1,'',373,14,'No'),
	 (1,'',373,12,'No'),
	 (1,'',373,13,'No'),
	 (1,'',373,16,'No'),
	 (1,'',373,17,'No'),
	 (1,'',373,15,'No'),
	 (1,'',374,11,'No'),
	 (1,'',374,14,'No'),

	 (1,'',374,12,'No'),
	 (1,'',374,13,'No'),
	 (1,'',374,16,'No'),
	 (1,'',374,17,'No'),
	 (1,'',374,15,'No'),
	 (1,'',375,11,'No'),
	 (1,'',375,14,'No'),
	 (1,'',375,12,'No'),
	 (1,'',375,13,'No'),
	 (1,'',375,16,'No'),

	 (1,'',375,17,'No'),
	 (1,'',375,15,'No'),
	 (1,'',376,11,'No'),
	 (1,'',376,14,'No'),
	 (1,'',376,12,'No'),
	 (1,'',376,13,'No'),
	 (1,'',376,16,'No'),
	 (1,'',376,17,'No'),
	 (1,'',376,15,'No'),
	 (1,'',377,11,'No'),

	 (1,'',377,14,'No'),
	 (1,'',377,12,'No'),
	 (1,'',377,13,'No'),
	 (1,'',377,16,'No'),
	 (1,'',377,17,'No'),
	 (1,'',377,15,'No'),
	 (1,'',378,11,'No'),
	 (1,'',378,14,'No'),
	 (1,'',378,12,'No'),
	 (1,'',378,13,'No'),

	 (1,'',378,16,'No'),
	 (1,'',378,17,'No'),
	 (1,'',378,15,'No'),
	 (1,'',379,11,'No'),
	 (1,'',379,14,'No'),
	 (1,'',379,12,'No'),
	 (1,'',379,13,'No'),
	 (1,'',379,16,'No'),
	 (1,'',379,17,'No'),
	 (1,'',379,15,'No'),

	 (1,'',380,11,'No'),
	 (1,'',380,14,'No'),
	 (1,'',380,12,'No'),
	 (1,'',380,13,'No'),
	 (1,'',380,16,'No'),
	 (1,'',380,17,'No'),
	 (1,'',380,15,'No'),
	 (1,'',381,11,'No'),
	 (1,'',381,14,'No'),
	 (1,'',381,12,'No'),

	 (1,'',381,13,'No'),
	 (1,'',381,16,'No'),
	 (1,'',381,17,'No'),
	 (1,'',381,15,'No'),
	 (1,'',382,11,'No'),
	 (1,'',382,14,'No'),
	 (1,'',382,12,'No'),
	 (1,'',382,13,'No'),
	 (1,'',382,16,'No'),
	 (1,'',382,17,'No'),

	 (1,'',382,15,'No'),
	 (1,'',383,11,'No'),
	 (1,'',383,14,'No'),
	 (1,'',383,12,'No'),
	 (1,'',383,13,'No'),
	 (1,'',383,16,'No'),
	 (1,'',383,17,'No'),
	 (1,'',383,15,'No'),
	 (1,'',384,11,'No'),
	 (1,'',384,14,'No'),

	 (1,'',384,12,'No'),
	 (1,'',384,13,'No'),
	 (1,'',384,16,'No'),
	 (1,'',384,17,'No'),
	 (1,'',384,15,'No'),
	 (1,'',385,11,'No'),
	 (1,'',385,14,'No'),
	 (1,'',385,12,'No'),
	 (1,'',385,13,'No'),
	 (1,'',385,16,'No'),

	 (1,'',385,17,'No'),
	 (1,'',385,15,'No'),
	 (1,'',386,11,'No'),
	 (1,'',386,14,'No'),
	 (1,'',386,12,'No'),
	 (1,'',386,13,'No'),
	 (1,'',386,16,'No'),
	 (1,'',386,17,'No'),
	 (1,'',386,15,'No'),
	 (1,'',387,11,'No'),

	 (1,'',387,14,'No'),
	 (1,'',387,12,'No'),
	 (1,'',387,13,'No'),
	 (1,'',387,16,'No'),
	 (1,'',387,17,'No'),
	 (1,'',387,15,'No'),
	 (1,'',388,11,'No'),
	 (1,'',388,14,'No'),
	 (1,'',388,12,'No'),
	 (1,'',388,13,'No'),

	 (1,'',388,16,'No'),
	 (1,'',388,17,'No'),
	 (1,'',388,15,'No'),
	 (1,'',389,11,'No'),
	 (1,'',389,14,'No'),
	 (1,'',389,12,'No'),
	 (1,'',389,13,'No'),
	 (1,'',389,16,'No'),
	 (1,'',389,17,'No'),
	 (1,'',389,15,'No'),

	 (1,'',390,11,'No'),
	 (1,'',390,14,'No'),
	 (1,'',390,12,'No'),
	 (1,'',390,13,'No'),
	 (1,'',390,16,'No'),
	 (1,'',390,17,'No'),
	 (1,'',390,15,'No'),
	 (1,'',391,11,'No'),
	 (1,'',391,14,'No'),
	 (1,'',391,12,'No'),

	 (1,'',391,13,'No'),
	 (1,'',391,16,'No'),
	 (1,'',391,17,'No'),
	 (1,'',391,15,'No'),
	 (1,'',392,11,'No'),
	 (1,'',392,14,'No'),
	 (1,'',392,12,'No'),
	 (1,'',392,13,'No'),
	 (1,'',392,16,'No'),
	 (1,'',392,17,'No'),

	 (1,'',392,15,'No'),
	 (1,'',393,11,'No'),
	 (1,'',393,14,'No'),
	 (1,'',393,12,'No'),
	 (1,'',393,13,'No'),
	 (1,'',393,16,'No'),
	 (1,'',393,17,'No'),
	 (1,'',393,15,'No'),
	 (1,'',394,11,'No'),
	 (1,'',394,14,'No'),

	 (1,'',394,12,'No'),
	 (1,'',394,13,'No'),
	 (1,'',394,16,'No'),
	 (1,'',394,17,'No'),
	 (1,'',394,15,'No'),
	 (1,'',395,11,'No'),
	 (1,'',395,14,'No'),
	 (1,'',395,12,'No'),
	 (1,'',395,13,'No'),
	 (1,'',395,16,'No'),

	 (1,'',395,17,'No'),
	 (1,'',395,15,'No'),
	 (1,'',396,11,'No'),
	 (1,'',396,14,'No'),
	 (1,'',396,12,'No'),
	 (1,'',396,13,'No'),
	 (1,'',396,16,'No'),
	 (1,'',396,17,'No'),
	 (1,'',396,15,'No'),
	 (1,'',397,11,'No'),

	 (1,'',397,14,'No'),
	 (1,'',397,12,'No'),
	 (1,'',397,13,'No'),
	 (1,'',397,16,'No'),
	 (1,'',397,17,'No'),
	 (1,'',397,15,'No'),
	 (1,'',398,11,'No'),
	 (1,'',398,14,'No'),
	 (1,'',398,12,'No'),
	 (1,'',398,13,'No'),

	 (1,'',398,16,'No'),
	 (1,'',398,17,'No'),
	 (1,'',398,15,'No'),
	 (1,'',399,11,'No'),
	 (1,'',399,14,'No'),
	 (1,'',399,12,'No'),
	 (1,'',399,13,'No'),
	 (1,'',399,16,'No'),
	 (1,'',399,17,'No'),
	 (1,'',399,15,'No'),

	 (1,'',400,11,'No'),
	 (1,'',400,14,'No'),
	 (1,'',400,12,'No'),
	 (1,'',400,13,'No'),
	 (1,'',400,16,'No'),
	 (1,'',400,17,'No'),
	 (1,'',400,15,'No'),
	 (1,'',401,11,'No'),
	 (1,'',401,14,'No'),
	 (1,'',401,12,'No'),

	 (1,'',401,13,'No'),
	 (1,'',401,16,'No'),
	 (1,'',401,17,'No'),
	 (1,'',401,15,'No'),
	 (1,'',402,11,'No'),
	 (1,'',402,14,'No'),
	 (1,'',402,12,'No'),
	 (1,'',402,13,'No'),
	 (1,'',402,16,'No'),
	 (1,'',402,17,'No'),

	 (1,'',402,15,'No'),
	 (1,'',403,11,'No'),
	 (1,'',403,14,'No'),
	 (1,'',403,12,'No'),
	 (1,'',403,13,'No'),
	 (1,'',403,16,'No'),
	 (1,'',403,17,'No'),
	 (1,'',403,15,'No'),
	 (1,'',404,11,'No'),
	 (1,'',404,14,'No'),

	 (1,'',404,12,'No'),
	 (1,'',404,13,'No'),
	 (1,'',404,16,'No'),
	 (1,'',404,17,'No'),
	 (1,'',404,15,'No'),
	 (1,'',405,11,'No'),
	 (1,'',405,14,'No'),
	 (1,'',405,12,'No'),
	 (1,'',405,13,'No'),
	 (1,'',405,16,'No'),

	 (1,'',405,17,'No'),
	 (1,'',405,15,'No'),
	 (1,'',406,11,'No'),
	 (1,'',406,14,'No'),
	 (1,'',406,12,'No'),
	 (1,'',406,13,'No'),
	 (1,'',406,16,'No'),
	 (1,'',406,17,'No'),
	 (1,'',406,15,'No'),
	 (1,'',407,11,'No'),

	 (1,'',407,14,'No'),
	 (1,'',407,12,'No'),
	 (1,'',407,13,'No'),
	 (1,'',407,16,'No'),
	 (1,'',407,17,'No'),
	 (1,'',407,15,'No'),
	 (1,'',408,11,'No'),
	 (1,'',408,14,'No'),
	 (1,'',408,12,'No'),
	 (1,'',408,13,'No'),

	 (1,'',408,16,'No'),
	 (1,'',408,17,'No'),
	 (1,'',408,15,'No'),
	 (1,'',409,11,'No'),
	 (1,'',409,14,'No'),
	 (1,'',409,12,'No'),
	 (1,'',409,13,'No'),
	 (1,'',409,16,'No'),
	 (1,'',409,17,'No'),
	 (1,'',409,15,'No'),

	 (1,'',410,11,'No'),
	 (1,'',410,14,'No'),
	 (1,'',410,12,'No'),
	 (1,'',410,13,'No'),
	 (1,'',410,16,'No'),
	 (1,'',410,17,'No'),
	 (1,'',410,15,'No'),
	 (1,'',411,11,'No'),
	 (1,'',411,14,'No'),
	 (1,'',411,12,'No'),

	 (1,'',411,13,'No'),
	 (1,'',411,16,'No'),
	 (1,'',411,17,'No'),
	 (1,'',411,15,'No'),
	 (1,'',412,11,'No'),
	 (1,'',412,14,'No'),
	 (1,'',412,12,'No'),
	 (1,'',412,13,'No'),
	 (1,'',412,16,'No'),
	 (1,'',412,17,'No'),

	 (1,'',412,15,'No'),
	 (1,'',413,11,'No'),
	 (1,'',413,14,'No'),
	 (1,'',413,12,'No'),
	 (1,'',413,13,'No'),
	 (1,'',413,16,'No'),
	 (1,'',413,17,'No'),
	 (1,'',413,15,'No'),
	 (1,'',414,11,'No'),
	 (1,'',414,14,'No'),

	 (1,'',414,12,'No'),
	 (1,'',414,13,'No'),
	 (1,'',414,16,'No'),
	 (1,'',414,17,'No'),
	 (1,'',414,15,'No'),
	 (1,'',415,11,'No'),
	 (1,'',415,14,'No'),
	 (1,'',415,12,'No'),
	 (1,'',415,13,'No'),
	 (1,'',415,16,'No'),

	 (1,'',415,17,'No'),
	 (1,'',415,15,'No'),
	 (1,'',416,11,'No'),
	 (1,'',416,14,'No'),
	 (1,'',416,12,'No'),
	 (1,'',416,13,'No'),
	 (1,'',416,16,'No'),
	 (1,'',416,17,'No'),
	 (1,'',416,15,'No'),
	 (1,'',417,11,'No'),

	 (1,'',417,14,'No'),
	 (1,'',417,12,'No'),
	 (1,'',417,13,'No'),
	 (1,'',417,16,'No'),
	 (1,'',417,17,'No'),
	 (1,'',417,15,'No'),
	 (1,'',418,11,'No'),
	 (1,'',418,14,'No'),
	 (1,'',418,12,'No'),
	 (1,'',418,13,'No'),

	 (1,'',418,16,'No'),
	 (1,'',418,17,'No'),
	 (1,'',418,15,'No'),
	 (1,'',419,11,'No'),
	 (1,'',419,14,'No'),
	 (1,'',419,12,'No'),
	 (1,'',419,13,'No'),
	 (1,'',419,16,'No'),
	 (1,'',419,17,'No'),
	 (1,'',419,15,'No'),

	 (1,'',420,11,'No'),
	 (1,'',420,14,'No'),
	 (1,'',420,12,'No'),
	 (1,'',420,13,'No'),
	 (1,'',420,16,'No'),
	 (1,'',420,17,'No'),
	 (1,'',420,15,'No'),
	 (1,'',421,11,'No'),
	 (1,'',421,14,'No'),
	 (1,'',421,12,'No'),

	 (1,'',421,13,'No'),
	 (1,'',421,16,'No'),
	 (1,'',421,17,'No'),
	 (1,'',421,15,'No'),
	 (1,'',422,11,'No'),
	 (1,'',422,14,'No'),
	 (1,'',422,12,'No'),
	 (1,'',422,13,'No'),
	 (1,'',422,16,'No'),
	 (1,'',422,17,'No'),

	 (1,'',422,15,'No'),
	 (1,'',423,11,'No'),
	 (1,'',423,14,'No'),
	 (1,'',423,12,'No'),
	 (1,'',423,13,'No'),
	 (1,'',423,16,'No'),
	 (1,'',423,17,'No'),
	 (1,'',423,15,'No'),
	 (1,'',424,11,'No'),
	 (1,'',424,14,'No'),

	 (1,'',424,12,'No'),
	 (1,'',424,13,'No'),
	 (1,'',424,16,'No'),
	 (1,'',424,17,'No'),
	 (1,'',424,15,'No'),
	 (1,'',425,11,'No'),
	 (1,'',425,14,'No'),
	 (1,'',425,12,'No'),
	 (1,'',425,13,'No'),
	 (1,'',425,16,'No'),

	 (1,'',425,17,'No'),
	 (1,'',425,15,'No'),
	 (1,'',426,11,'No'),
	 (1,'',426,14,'No'),
	 (1,'',426,12,'No'),
	 (1,'',426,13,'No'),
	 (1,'',426,16,'No'),
	 (1,'',426,17,'No'),
	 (1,'',426,15,'No'),
	 (1,'',427,11,'No'),

	 (1,'',427,14,'No'),
	 (1,'',427,12,'No'),
	 (1,'',427,13,'No'),
	 (1,'',427,16,'No'),
	 (1,'',427,17,'No'),
	 (1,'',427,15,'No'),
	 (1,'',428,11,'No'),
	 (1,'',428,14,'No'),
	 (1,'',428,12,'No'),
	 (1,'',428,13,'No'),

	 (1,'',428,16,'No'),
	 (1,'',428,17,'No'),
	 (1,'',428,15,'No'),
	 (1,'',429,11,'No'),
	 (1,'',429,14,'No'),
	 (1,'',429,12,'No'),
	 (1,'',429,13,'No'),
	 (1,'',429,16,'No'),
	 (1,'',429,17,'No'),
	 (1,'',429,15,'No'),

	 (1,'',430,11,'No'),
	 (1,'',430,14,'No'),
	 (1,'',430,12,'No'),
	 (1,'',430,13,'No'),
	 (1,'',430,16,'No'),
	 (1,'',430,17,'No'),
	 (1,'',430,15,'No'),
	 (1,'',431,11,'No'),
	 (1,'',431,14,'No'),
	 (1,'',431,12,'No'),

	 (1,'',431,13,'No'),
	 (1,'',431,16,'No'),
	 (1,'',431,17,'No'),
	 (1,'',431,15,'No'),
	 (1,'',432,11,'No'),
	 (1,'',432,14,'No'),
	 (1,'',432,12,'No'),
	 (1,'',432,13,'No'),
	 (1,'',432,16,'No'),
	 (1,'',432,17,'No'),

	 (1,'',432,15,'No'),
	 (1,'',433,11,'No'),
	 (1,'',433,14,'No'),
	 (1,'',433,12,'No'),
	 (1,'',433,13,'No'),
	 (1,'',433,16,'No'),
	 (1,'',433,17,'No'),
	 (1,'',433,15,'No'),
	 (1,'',434,11,'No'),
	 (1,'',434,14,'No'),

	 (1,'',434,12,'No'),
	 (1,'',434,13,'No'),
	 (1,'',434,16,'No'),
	 (1,'',434,17,'No'),
	 (1,'',434,15,'No'),
	 (1,'',435,11,'No'),
	 (1,'',435,14,'No'),
	 (1,'',435,12,'No'),
	 (1,'',435,13,'No'),
	 (1,'',435,16,'No'),

	 (1,'',435,17,'No'),
	 (1,'',435,15,'No'),
	 (1,'',437,11,'No'),
	 (1,'',437,14,'No'),
	 (1,'',437,12,'No'),
	 (1,'',437,13,'No'),
	 (1,'',437,16,'No'),
	 (1,'',437,17,'No'),
	 (1,'',437,15,'No'),
	 (1,'',438,11,'No'),

	 (1,'',438,14,'No'),
	 (1,'',438,12,'No'),
	 (1,'',438,13,'No'),
	 (1,'',438,16,'No'),
	 (1,'',438,17,'No'),
	 (1,'',438,15,'No'),
	 (1,'',439,11,'No'),
	 (1,'',439,14,'No'),
	 (1,'',439,12,'No'),
	 (1,'',439,13,'No'),

	 (1,'',439,16,'No'),
	 (1,'',439,17,'No'),
	 (1,'',439,15,'No'),
	 (1,'',440,11,'No'),
	 (1,'',440,14,'No'),
	 (1,'',440,12,'No'),
	 (1,'',440,13,'No'),
	 (1,'',440,16,'No'),
	 (1,'',440,17,'No'),
	 (1,'',440,15,'No'),

	 (1,'',441,11,'No'),
	 (1,'',441,14,'No'),
	 (1,'',441,12,'No'),
	 (1,'',441,13,'No'),
	 (1,'',441,16,'No'),
	 (1,'',441,17,'No'),
	 (1,'',441,15,'No'),
	 (1,'',442,11,'No'),
	 (1,'',442,14,'No'),
	 (1,'',442,12,'No'),

	 (1,'',442,13,'No'),
	 (1,'',442,16,'No'),
	 (1,'',442,17,'No'),
	 (1,'',442,15,'No'),
	 (1,'',443,11,'No'),
	 (1,'',443,14,'No'),
	 (1,'',443,12,'No'),
	 (1,'',443,13,'No'),
	 (1,'',443,16,'No'),
	 (1,'',443,17,'No'),

	 (1,'',443,15,'No'),
	 (1,'',444,11,'No'),
	 (1,'',444,14,'No'),
	 (1,'',444,12,'No'),
	 (1,'',444,13,'No'),
	 (1,'',444,16,'No'),
	 (1,'',444,17,'No'),
	 (1,'',444,15,'No'),
	 (1,'',445,11,'No'),
	 (1,'',445,14,'No'),

	 (1,'',445,12,'No'),
	 (1,'',445,13,'No'),
	 (1,'',445,16,'No'),
	 (1,'',445,17,'No'),
	 (1,'',445,15,'No'),
	 (1,'',446,11,'No'),
	 (1,'',446,14,'No'),
	 (1,'',446,12,'No'),
	 (1,'',446,13,'No'),
	 (1,'',446,16,'No'),

	 (1,'',446,17,'No'),
	 (1,'',446,15,'No'),
	 (1,'',447,11,'No'),
	 (1,'',447,14,'No'),
	 (1,'',447,12,'No'),
	 (1,'',447,13,'No'),
	 (1,'',447,16,'No'),
	 (1,'',447,17,'No'),
	 (1,'',447,15,'No'),
	 (1,'',448,11,'No'),

	 (1,'',448,14,'No'),
	 (1,'',448,12,'No'),
	 (1,'',448,13,'No'),
	 (1,'',448,16,'No'),
	 (1,'',448,17,'No'),
	 (1,'',448,15,'No'),
	 (1,'',449,11,'No'),
	 (1,'',449,14,'No'),
	 (1,'',449,12,'No'),
	 (1,'',449,13,'No'),

	 (1,'',449,16,'No'),
	 (1,'',449,17,'No'),
	 (1,'',449,15,'No'),
	 (1,'',450,11,'No'),
	 (1,'',450,14,'No'),
	 (1,'',450,12,'No'),
	 (1,'',450,13,'No'),
	 (1,'',450,16,'No'),
	 (1,'',450,17,'No'),
	 (1,'',450,15,'No'),

	 (1,'',451,11,'No'),
	 (1,'',451,14,'No'),
	 (1,'',451,12,'No'),
	 (1,'',451,13,'No'),
	 (1,'',451,16,'No'),
	 (1,'',451,17,'No'),
	 (1,'',451,15,'No'),
	 (1,'',452,11,'No'),
	 (1,'',452,14,'No'),
	 (1,'',452,12,'No'),

	 (1,'',452,13,'No'),
	 (1,'',452,16,'No'),
	 (1,'',452,17,'No'),
	 (1,'',452,15,'No'),
	 (1,'',453,11,'No'),
	 (1,'',453,14,'No'),
	 (1,'',453,12,'No'),
	 (1,'',453,13,'No'),
	 (1,'',453,16,'No'),
	 (1,'',453,17,'No'),

	 (1,'',453,15,'No'),
	 (1,'',454,11,'No'),
	 (1,'',454,14,'No'),
	 (1,'',454,12,'No'),
	 (1,'',454,13,'No'),
	 (1,'',454,16,'No'),
	 (1,'',454,17,'No'),
	 (1,'',454,15,'No'),
	 (1,'',455,11,'No'),
	 (1,'',455,14,'No'),

	 (1,'',455,12,'No'),
	 (1,'',455,13,'No'),
	 (1,'',455,16,'No'),
	 (1,'',455,17,'No'),
	 (1,'',455,15,'No'),
	 (1,'',456,11,'No'),
	 (1,'',456,14,'No'),
	 (1,'',456,12,'No'),
	 (1,'',456,13,'No'),
	 (1,'',456,16,'No'),

	 (1,'',456,17,'No'),
	 (1,'',456,15,'No'),
	 (1,'',457,11,'No'),
	 (1,'',457,14,'No'),
	 (1,'',457,12,'No'),
	 (1,'',457,13,'No'),
	 (1,'',457,16,'No'),
	 (1,'',457,17,'No'),
	 (1,'',457,15,'No'),
	 (1,'',458,11,'No'),

	 (1,'',458,14,'No'),
	 (1,'',458,12,'No'),
	 (1,'',458,13,'No'),
	 (1,'',458,16,'No'),
	 (1,'',458,17,'No'),
	 (1,'',458,15,'No'),
	 (1,'',459,11,'No'),
	 (1,'',459,14,'No'),
	 (1,'',459,12,'No'),
	 (1,'',459,13,'No'),

	 (1,'',459,16,'No'),
	 (1,'',459,17,'No'),
	 (1,'',459,15,'No'),
	 (1,'',460,11,'No'),
	 (1,'',460,14,'No'),
	 (1,'',460,12,'No'),
	 (1,'',460,13,'No'),
	 (1,'',460,16,'No'),
	 (1,'',460,17,'No'),
	 (1,'',460,15,'No'),

	 (1,'',461,11,'No'),
	 (1,'',461,14,'No'),
	 (1,'',461,12,'No'),
	 (1,'',461,13,'No'),
	 (1,'',461,16,'No'),
	 (1,'',461,17,'No'),
	 (1,'',461,15,'No'),
	 (1,'',462,11,'No'),
	 (1,'',462,14,'No'),
	 (1,'',462,12,'No'),

	 (1,'',462,13,'No'),
	 (1,'',462,16,'No'),
	 (1,'',462,17,'No'),
	 (1,'',462,15,'No'),
	 (1,'',463,11,'No'),
	 (1,'',463,14,'No'),
	 (1,'',463,12,'No'),
	 (1,'',463,13,'No'),
	 (1,'',463,16,'No'),
	 (1,'',463,17,'No'),

	 (1,'',463,15,'No'),
	 (1,'',464,11,'No'),
	 (1,'',464,14,'No'),
	 (1,'',464,12,'No'),
	 (1,'',464,13,'No'),
	 (1,'',464,16,'No'),
	 (1,'',464,17,'No'),
	 (1,'',464,15,'No'),
	 (1,'',465,11,'No'),
	 (1,'',465,14,'No'),

	 (1,'',465,12,'No'),
	 (1,'',465,13,'No'),
	 (1,'',465,16,'No'),
	 (1,'',465,17,'No'),
	 (1,'',465,15,'No'),
	 (1,'',466,11,'No'),
	 (1,'',466,14,'No'),
	 (1,'',466,12,'No'),
	 (1,'',466,13,'No'),
	 (1,'',466,16,'No'),

	 (1,'',466,17,'No'),
	 (1,'',466,15,'No'),
	 (1,'',467,11,'No'),
	 (1,'',467,14,'No'),
	 (1,'',467,12,'No'),
	 (1,'',467,13,'No'),
	 (1,'',467,16,'No'),
	 (1,'',467,17,'No'),
	 (1,'',467,15,'No'),
	 (1,'',468,11,'No'),

	 (1,'',468,14,'No'),
	 (1,'',468,12,'No'),
	 (1,'',468,13,'No'),
	 (1,'',468,16,'No'),
	 (1,'',468,17,'No'),
	 (1,'',468,15,'No'),
	 (1,'',469,11,'No'),
	 (1,'',469,14,'No'),
	 (1,'',469,12,'No'),
	 (1,'',469,13,'No'),

	 (1,'',469,16,'No'),
	 (1,'',469,17,'No'),
	 (1,'',469,15,'No'),
	 (1,'',470,11,'No'),
	 (1,'',470,14,'No'),
	 (1,'',470,12,'No'),
	 (1,'',470,13,'No'),
	 (1,'',470,16,'No'),
	 (1,'',470,17,'No'),
	 (1,'',470,15,'No'),

	 (1,'',471,11,'No'),
	 (1,'',471,14,'No'),
	 (1,'',471,12,'No'),
	 (1,'',471,13,'No'),
	 (1,'',471,16,'No'),
	 (1,'',471,17,'No'),
	 (1,'',471,15,'No'),
	 (1,'',472,11,'No'),
	 (1,'',472,14,'No'),
	 (1,'',472,12,'No'),

	 (1,'',472,13,'No'),
	 (1,'',472,16,'No'),
	 (1,'',472,17,'No'),
	 (1,'',472,15,'No'),
	 (1,'',473,11,'No'),
	 (1,'',473,14,'No'),
	 (1,'',473,12,'No'),
	 (1,'',473,13,'No'),
	 (1,'',473,16,'No'),
	 (1,'',473,17,'No'),

	 (1,'',473,15,'No'),
	 (1,'',475,11,'No'),
	 (1,'',475,14,'No'),
	 (1,'',475,12,'No'),
	 (1,'',475,13,'No'),
	 (1,'',475,16,'No'),
	 (1,'',475,17,'No'),
	 (1,'',475,15,'No'),
	 (1,'',476,11,'No'),
	 (1,'',476,14,'No'),

	 (1,'',476,12,'No'),
	 (1,'',476,13,'No'),
	 (1,'',476,16,'No'),
	 (1,'',476,17,'No'),
	 (1,'',476,15,'No'),
	 (1,'',477,11,'No'),
	 (1,'',477,14,'No'),
	 (1,'',477,12,'No'),
	 (1,'',477,13,'No'),
	 (1,'',477,16,'No'),

	 (1,'',477,17,'No'),
	 (1,'',477,15,'No'),
	 (1,'',478,11,'No'),
	 (1,'',478,14,'No'),
	 (1,'',478,12,'No'),
	 (1,'',478,13,'No'),
	 (1,'',478,16,'No'),
	 (1,'',478,17,'No'),
	 (1,'',478,15,'No'),
	 (1,'',479,11,'No'),

	 (1,'',479,14,'No'),
	 (1,'',479,12,'No'),
	 (1,'',479,13,'No'),
	 (1,'',479,16,'No'),
	 (1,'',479,17,'No'),
	 (1,'',479,15,'No'),
	 (1,'',480,11,'No'),
	 (1,'',480,14,'No'),
	 (1,'',480,12,'No'),
	 (1,'',480,13,'No'),

	 (1,'',480,16,'No'),
	 (1,'',480,17,'No'),
	 (1,'',480,15,'No'),
	 (1,'',481,11,'No'),
	 (1,'',481,14,'No'),
	 (1,'',481,12,'No'),
	 (1,'',481,13,'No'),
	 (1,'',481,16,'No'),
	 (1,'',481,17,'No'),
	 (1,'',481,15,'No'),

	 (1,'',482,11,'No'),
	 (1,'',482,14,'No'),
	 (1,'',482,12,'No'),
	 (1,'',482,13,'No'),
	 (1,'',482,16,'No'),
	 (1,'',482,17,'No'),
	 (1,'',482,15,'No'),
	 (1,'',483,11,'No'),
	 (1,'',483,14,'No'),
	 (1,'',483,12,'No'),

	 (1,'',483,13,'No'),
	 (1,'',483,16,'No'),
	 (1,'',483,17,'No'),
	 (1,'',483,15,'No'),
	 (1,'',484,11,'No'),
	 (1,'',484,14,'No'),
	 (1,'',484,12,'No'),
	 (1,'',484,13,'No'),
	 (1,'',484,16,'No'),
	 (1,'',484,17,'No'),

	 (1,'',484,15,'No'),
	 (1,'',485,11,'No'),
	 (1,'',485,14,'No'),
	 (1,'',485,12,'No'),
	 (1,'',485,13,'No'),
	 (1,'',485,16,'No'),
	 (1,'',485,17,'No'),
	 (1,'',485,15,'No'),
	 (1,'',486,11,'No'),
	 (1,'',486,14,'No'),

	 (1,'',486,12,'No'),
	 (1,'',486,13,'No'),
	 (1,'',486,16,'No'),
	 (1,'',486,17,'No'),
	 (1,'',486,15,'No'),
	 (1,'',487,11,'No'),
	 (1,'',487,14,'No'),
	 (1,'',487,12,'No'),
	 (1,'',487,13,'No'),
	 (1,'',487,16,'No'),

	 (1,'',487,17,'No'),
	 (1,'',487,15,'No'),
	 (1,'',488,11,'No'),
	 (1,'',488,14,'No'),
	 (1,'',488,12,'No'),
	 (1,'',488,13,'No'),
	 (1,'',488,16,'No'),
	 (1,'',488,17,'No'),
	 (1,'',488,15,'No'),
	 (1,'',489,11,'No'),

	 (1,'',489,14,'No'),
	 (1,'',489,12,'No'),
	 (1,'',489,13,'No'),
	 (1,'',489,16,'No'),
	 (1,'',489,17,'No'),
	 (1,'',489,15,'No'),
	 (1,'',490,11,'No'),
	 (1,'',490,14,'No'),
	 (1,'',490,12,'No'),
	 (1,'',490,13,'No'),

	 (1,'',490,16,'No'),
	 (1,'',490,17,'No'),
	 (1,'',490,15,'No'),
	 (1,'',491,11,'No'),
	 (1,'',491,14,'No'),
	 (1,'',491,12,'No'),
	 (1,'',491,13,'No'),
	 (1,'',491,16,'No'),
	 (1,'',491,17,'No'),
	 (1,'',491,15,'No'),

	 (1,'',492,11,'No'),
	 (1,'',492,14,'No'),
	 (1,'',492,12,'No'),
	 (1,'',492,13,'No'),
	 (1,'',492,16,'No'),
	 (1,'',492,17,'No'),
	 (1,'',492,15,'No'),
	 (1,'',493,11,'No'),
	 (1,'',493,14,'No'),
	 (1,'',493,12,'No'),

	 (1,'',493,13,'No'),
	 (1,'',493,16,'No'),
	 (1,'',493,17,'No'),
	 (1,'',493,15,'No'),
	 (1,'',494,11,'No'),
	 (1,'',494,14,'No'),
	 (1,'',494,12,'No'),
	 (1,'',494,13,'No'),
	 (1,'',494,16,'No'),
	 (1,'',494,17,'No'),

	 (1,'',494,15,'No'),
	 (1,'',495,11,'No'),
	 (1,'',495,14,'No'),
	 (1,'',495,12,'No'),
	 (1,'',495,13,'No'),
	 (1,'',495,16,'No'),
	 (1,'',495,17,'No'),
	 (1,'',495,15,'No'),
	 (1,'',496,11,'No'),
	 (1,'',496,14,'No'),

	 (1,'',496,12,'No'),
	 (1,'',496,13,'No'),
	 (1,'',496,16,'No'),
	 (1,'',496,17,'No'),
	 (1,'',496,15,'No'),
	 (1,'',497,11,'No'),
	 (1,'',497,14,'No'),
	 (1,'',497,12,'No'),
	 (1,'',497,13,'No'),
	 (1,'',497,16,'No'),

	 (1,'',497,17,'No'),
	 (1,'',497,15,'No'),
	 (1,'',498,11,'No'),
	 (1,'',498,14,'No'),
	 (1,'',498,12,'No'),
	 (1,'',498,13,'No'),
	 (1,'',498,16,'No'),
	 (1,'',498,17,'No'),
	 (1,'',498,15,'No'),
	 (1,'',499,11,'No'),

	 (1,'',499,14,'No'),
	 (1,'',499,12,'No'),
	 (1,'',499,13,'No'),
	 (1,'',499,16,'No'),
	 (1,'',499,17,'No'),
	 (1,'',499,15,'No'),
	 (1,'',500,11,'No'),
	 (1,'',500,14,'No'),
	 (1,'',500,12,'No'),
	 (1,'',500,13,'No'),

	 (1,'',500,16,'No'),
	 (1,'',500,17,'No'),
	 (1,'',500,15,'No'),
	 (1,'',501,11,'No'),
	 (1,'',501,14,'No'),
	 (1,'',501,12,'No'),
	 (1,'',501,13,'No'),
	 (1,'',501,16,'No'),
	 (1,'',501,17,'No'),
	 (1,'',501,15,'No'),

	 (1,'',503,11,'No'),
	 (1,'',503,14,'No'),
	 (1,'',503,12,'No'),
	 (1,'',503,13,'No'),
	 (1,'',503,16,'No'),
	 (1,'',503,17,'No'),
	 (1,'',503,15,'No'),
	 (1,'',504,11,'No'),
	 (1,'',504,14,'No'),
	 (1,'',504,12,'No'),

	 (1,'',504,13,'No'),
	 (1,'',504,16,'No'),
	 (1,'',504,17,'No'),
	 (1,'',504,15,'No'),
	 (1,'',505,11,'No'),
	 (1,'',505,14,'No'),
	 (1,'',505,12,'No'),
	 (1,'',505,13,'No'),
	 (1,'',505,16,'No'),
	 (1,'',505,17,'No'),

	 (1,'',505,15,'No'),
	 (1,'',506,11,'No'),
	 (1,'',506,14,'No'),
	 (1,'',506,12,'No'),
	 (1,'',506,13,'No'),
	 (1,'',506,16,'No'),
	 (1,'',506,17,'No'),
	 (1,'',506,15,'No'),
	 (1,'',507,11,'No'),
	 (1,'',507,14,'No'),

	 (1,'',507,12,'No'),
	 (1,'',507,13,'No'),
	 (1,'',507,16,'No'),
	 (1,'',507,17,'No'),
	 (1,'',507,15,'No'),
	 (1,'',508,11,'No'),
	 (1,'',508,14,'No'),
	 (1,'',508,12,'No'),
	 (1,'',508,13,'No'),
	 (1,'',508,16,'No'),

	 (1,'',508,17,'No'),
	 (1,'',508,15,'No'),
	 (1,'',509,11,'No'),
	 (1,'',509,14,'No'),
	 (1,'',509,12,'No'),
	 (1,'',509,13,'No'),
	 (1,'',509,16,'No'),
	 (1,'',509,17,'No'),
	 (1,'',509,15,'No'),
	 (1,'',510,11,'No'),

	 (1,'',510,14,'No'),
	 (1,'',510,12,'No'),
	 (1,'',510,13,'No'),
	 (1,'',510,16,'No'),
	 (1,'',510,17,'No'),
	 (1,'',510,15,'No'),
	 (1,'',511,11,'No'),
	 (1,'',511,14,'No'),
	 (1,'',511,12,'No'),
	 (1,'',511,13,'No'),

	 (1,'',511,16,'No'),
	 (1,'',511,17,'No'),
	 (1,'',511,15,'No'),
	 (1,'',512,11,'No'),
	 (1,'',512,14,'No'),
	 (1,'',512,12,'No'),
	 (1,'',512,13,'No'),
	 (1,'',512,16,'No'),
	 (1,'',512,17,'No'),
	 (1,'',512,15,'No'),

	 (1,'',513,11,'No'),
	 (1,'',513,14,'No'),
	 (1,'',513,12,'No'),
	 (1,'',513,13,'No'),
	 (1,'',513,16,'No'),
	 (1,'',513,17,'No'),
	 (1,'',513,15,'No'),
	 (1,'',514,11,'No'),
	 (1,'',514,14,'No'),
	 (1,'',514,12,'No'),

	 (1,'',514,13,'No'),
	 (1,'',514,16,'No'),
	 (1,'',514,17,'No'),
	 (1,'',514,15,'No'),
	 (1,'',515,11,'No'),
	 (1,'',515,14,'No'),
	 (1,'',515,12,'No'),
	 (1,'',515,13,'No'),
	 (1,'',515,16,'No'),
	 (1,'',515,17,'No'),

	 (1,'',515,15,'No'),
	 (1,'',516,11,'No'),
	 (1,'',516,14,'No'),
	 (1,'',516,12,'No'),
	 (1,'',516,13,'No'),
	 (1,'',516,16,'No'),
	 (1,'',516,17,'No'),
	 (1,'',516,15,'No'),
	 (1,'',517,11,'No'),
	 (1,'',517,14,'No'),

	 (1,'',517,12,'No'),
	 (1,'',517,13,'No'),
	 (1,'',517,16,'No'),
	 (1,'',517,17,'No'),
	 (1,'',517,15,'No'),
	 (1,'',518,11,'No'),
	 (1,'',518,14,'No'),
	 (1,'',518,12,'No'),
	 (1,'',518,13,'No'),
	 (1,'',518,16,'No'),

	 (1,'',518,17,'No'),
	 (1,'',518,15,'No'),
	 (1,'',519,11,'No'),
	 (1,'',519,14,'No'),
	 (1,'',519,12,'No'),
	 (1,'',519,13,'No'),
	 (1,'',519,16,'No'),
	 (1,'',519,17,'No'),
	 (1,'',519,15,'No'),
	 (1,'',520,11,'No'),

	 (1,'',520,14,'No'),
	 (1,'',520,12,'No'),
	 (1,'',520,13,'No'),
	 (1,'',520,16,'No'),
	 (1,'',520,17,'No'),
	 (1,'',520,15,'No'),
	 (1,'',521,11,'No'),
	 (1,'',521,14,'No'),
	 (1,'',521,12,'No'),
	 (1,'',521,13,'No'),

	 (1,'',521,16,'No'),
	 (1,'',521,17,'No'),
	 (1,'',521,15,'No'),
	 (1,'',522,11,'No'),
	 (1,'',522,14,'No'),
	 (1,'',522,12,'No'),
	 (1,'',522,13,'No'),
	 (1,'',522,16,'No'),
	 (1,'',522,17,'No'),
	 (1,'',522,15,'No'),

	 (1,'',523,11,'No'),
	 (1,'',523,14,'No'),
	 (1,'',523,12,'No'),
	 (1,'',523,13,'No'),
	 (1,'',523,16,'No'),
	 (1,'',523,17,'No'),
	 (1,'',523,15,'No'),
	 (1,'',524,11,'No'),
	 (1,'',524,14,'No'),
	 (1,'',524,12,'No'),

	 (1,'',524,13,'No'),
	 (1,'',524,16,'No'),
	 (1,'',524,17,'No'),
	 (1,'',524,15,'No'),
	 (1,'',525,11,'No'),
	 (1,'',525,14,'No'),
	 (1,'',525,12,'No'),
	 (1,'',525,13,'No'),
	 (1,'',525,16,'No'),
	 (1,'',525,17,'No'),

	 (1,'',525,15,'No'),
	 (1,'',526,11,'No'),
	 (1,'',526,14,'No'),
	 (1,'',526,12,'No'),
	 (1,'',526,13,'No'),
	 (1,'',526,16,'No'),
	 (1,'',526,17,'No'),
	 (1,'',526,15,'No'),
	 (1,'',527,11,'No'),
	 (1,'',527,14,'No'),

	 (1,'',527,12,'No'),
	 (1,'',527,13,'No'),
	 (1,'',527,16,'No'),
	 (1,'',527,17,'No'),
	 (1,'',527,15,'No'),
	 (1,'',528,11,'No'),
	 (1,'',528,14,'No'),
	 (1,'',528,12,'No'),
	 (1,'',528,13,'No'),
	 (1,'',528,16,'No'),

	 (1,'',528,17,'No'),
	 (1,'',528,15,'No'),
	 (1,'',529,11,'No'),
	 (1,'',529,14,'No'),
	 (1,'',529,12,'No'),
	 (1,'',529,13,'No'),
	 (1,'',529,16,'No'),
	 (1,'',529,17,'No'),
	 (1,'',529,15,'No'),
	 (1,'',530,11,'No'),

	 (1,'',530,14,'No'),
	 (1,'',530,12,'No'),
	 (1,'',530,13,'No'),
	 (1,'',530,16,'No'),
	 (1,'',530,17,'No'),
	 (1,'',530,15,'No'),
	 (1,'',531,11,'No'),
	 (1,'',531,14,'No'),
	 (1,'',531,12,'No'),
	 (1,'',531,13,'No'),

	 (1,'',531,16,'No'),
	 (1,'',531,17,'No'),
	 (1,'',531,15,'No'),
	 (1,'',532,11,'No'),
	 (1,'',532,14,'No'),
	 (1,'',532,12,'No'),
	 (1,'',532,13,'No'),
	 (1,'',532,16,'No'),
	 (1,'',532,17,'No'),
	 (1,'',532,15,'No'),

	 (1,'',533,11,'No'),
	 (1,'',533,14,'No'),
	 (1,'',533,12,'No'),
	 (1,'',533,13,'No'),
	 (1,'',533,16,'No'),
	 (1,'',533,17,'No'),
	 (1,'',533,15,'No'),
	 (1,'',534,11,'No'),
	 (1,'',534,14,'No'),
	 (1,'',534,12,'No'),

	 (1,'',534,13,'No'),
	 (1,'',534,16,'No'),
	 (1,'',534,17,'No'),
	 (1,'',534,15,'No'),
	 (1,'',535,11,'No'),
	 (1,'',535,14,'No'),
	 (1,'',535,12,'No'),
	 (1,'',535,13,'No'),
	 (1,'',535,16,'No'),
	 (1,'',535,17,'No'),

	 (1,'',535,15,'No'),
	 (1,'',536,11,'No'),
	 (1,'',536,14,'No'),
	 (1,'',536,12,'No'),
	 (1,'',536,13,'No'),
	 (1,'',536,16,'No'),
	 (1,'',536,17,'No'),
	 (1,'',536,15,'No'),
	 (1,'',537,11,'No'),
	 (1,'',537,14,'No'),

	 (1,'',537,12,'No'),
	 (1,'',537,13,'No'),
	 (1,'',537,16,'No'),
	 (1,'',537,17,'No'),
	 (1,'',537,15,'No'),
	 (1,'',538,11,'No'),
	 (1,'',538,14,'No'),
	 (1,'',538,12,'No'),
	 (1,'',538,13,'No'),
	 (1,'',538,16,'No'),

	 (1,'',538,17,'No'),
	 (1,'',538,15,'No'),
	 (1,'',539,11,'No'),
	 (1,'',539,14,'No'),
	 (1,'',539,12,'No'),
	 (1,'',539,13,'No'),
	 (1,'',539,16,'No'),
	 (1,'',539,17,'No'),
	 (1,'',539,15,'No'),
	 (1,'',540,11,'No'),

	 (1,'',540,14,'No'),
	 (1,'',540,12,'No'),
	 (1,'',540,13,'No'),
	 (1,'',540,16,'No'),
	 (1,'',540,17,'No'),
	 (1,'',540,15,'No'),
	 (1,'',541,11,'No'),
	 (1,'',541,14,'No'),
	 (1,'',541,12,'No'),
	 (1,'',541,13,'No'),

	 (1,'',541,16,'No'),
	 (1,'',541,17,'No'),
	 (1,'',541,15,'No'),
	 (1,'',542,11,'No'),
	 (1,'',542,14,'No'),
	 (1,'',542,12,'No'),
	 (1,'',542,13,'No'),
	 (1,'',542,16,'No'),
	 (1,'',542,17,'No'),
	 (1,'',542,15,'No'),

	 (1,'',543,11,'No'),
	 (1,'',543,14,'No'),
	 (1,'',543,12,'No'),
	 (1,'',543,13,'No'),
	 (1,'',543,16,'No'),
	 (1,'',543,17,'No'),
	 (1,'',543,15,'No'),
	 (1,'',544,11,'No'),
	 (1,'',544,14,'No'),
	 (1,'',544,12,'No'),

	 (1,'',544,13,'No'),
	 (1,'',544,16,'No'),
	 (1,'',544,17,'No'),
	 (1,'',544,15,'No'),
	 (1,'',545,11,'No'),
	 (1,'',545,14,'No'),
	 (1,'',545,12,'No'),
	 (1,'',545,13,'No'),
	 (1,'',545,16,'No'),
	 (1,'',545,17,'No'),

	 (1,'',545,15,'No'),
	 (1,'',546,11,'No'),
	 (1,'',546,14,'No'),
	 (1,'',546,12,'No'),
	 (1,'',546,13,'No'),
	 (1,'',546,16,'No'),
	 (1,'',546,17,'No'),
	 (1,'',546,15,'No'),
	 (1,'',547,11,'No'),
	 (1,'',547,14,'No'),

	 (1,'',547,12,'No'),
	 (1,'',547,13,'No'),
	 (1,'',547,16,'No'),
	 (1,'',547,17,'No'),
	 (1,'',547,15,'No'),
	 (1,'',548,11,'No'),
	 (1,'',548,14,'No'),
	 (1,'',548,12,'No'),
	 (1,'',548,13,'No'),
	 (1,'',548,16,'No'),

	 (1,'',548,17,'No'),
	 (1,'',548,15,'No'),
	 (1,'',549,11,'No'),
	 (1,'',549,14,'No'),
	 (1,'',549,12,'No'),
	 (1,'',549,13,'No'),
	 (1,'',549,16,'No'),
	 (1,'',549,17,'No'),
	 (1,'',549,15,'No'),
	 (1,'',550,11,'No'),

	 (1,'',550,14,'No'),
	 (1,'',550,12,'No'),
	 (1,'',550,13,'No'),
	 (1,'',550,16,'No'),
	 (1,'',550,17,'No'),
	 (1,'',550,15,'No'),
	 (1,'',551,11,'No'),
	 (1,'',551,14,'No'),
	 (1,'',551,12,'No'),
	 (1,'',551,13,'No'),

	 (1,'',551,16,'No'),
	 (1,'',551,17,'No'),
	 (1,'',551,15,'No'),
	 (1,'',552,11,'No'),
	 (1,'',552,14,'No'),
	 (1,'',552,12,'No'),
	 (1,'',552,13,'No'),
	 (1,'',552,16,'No'),
	 (1,'',552,17,'No'),
	 (1,'',552,15,'No'),

	 (1,'',553,11,'No'),
	 (1,'',553,14,'No'),
	 (1,'',553,12,'No'),
	 (1,'',553,13,'No'),
	 (1,'',553,16,'No'),
	 (1,'',553,17,'No'),
	 (1,'',553,15,'No'),
	 (1,'',554,11,'No'),
	 (1,'',554,14,'No'),
	 (1,'',554,12,'No'),

	 (1,'',554,13,'No'),
	 (1,'',554,16,'No'),
	 (1,'',554,17,'No'),
	 (1,'',554,15,'No'),
	 (1,'',555,11,'No'),
	 (1,'',555,14,'No'),
	 (1,'',555,12,'No'),
	 (1,'',555,13,'No'),
	 (1,'',555,16,'No'),
	 (1,'',555,17,'No'),

	 (1,'',555,15,'No'),
	 (1,'',556,11,'No'),
	 (1,'',556,14,'No'),
	 (1,'',556,12,'No'),
	 (1,'',556,13,'No'),
	 (1,'',556,16,'No'),
	 (1,'',556,17,'No'),
	 (1,'',556,15,'No'),
	 (1,'',557,11,'No'),
	 (1,'',557,14,'No'),

	 (1,'',557,12,'No'),
	 (1,'',557,13,'No'),
	 (1,'',557,16,'No'),
	 (1,'',557,17,'No'),
	 (1,'',557,15,'No'),
	 (1,'',558,11,'No'),
	 (1,'',558,14,'No'),
	 (1,'',558,12,'No'),
	 (1,'',558,13,'No'),
	 (1,'',558,16,'No'),

	 (1,'',558,17,'No'),
	 (1,'',558,15,'No'),
	 (1,'',559,11,'No'),
	 (1,'',559,14,'No'),
	 (1,'',559,12,'No'),
	 (1,'',559,13,'No'),
	 (1,'',559,16,'No'),
	 (1,'',559,17,'No'),
	 (1,'',559,15,'No'),
	 (1,'',560,11,'No'),

	 (1,'',560,14,'No'),
	 (1,'',560,12,'No'),
	 (1,'',560,13,'No'),
	 (1,'',560,16,'No'),
	 (1,'',560,17,'No'),
	 (1,'',560,15,'No'),
	 (1,'',561,11,'No'),
	 (1,'',561,14,'No'),
	 (1,'',561,12,'No'),
	 (1,'',561,13,'No'),

	 (1,'',561,16,'No'),
	 (1,'',561,17,'No'),
	 (1,'',561,15,'No'),
	 (1,'',562,11,'No'),
	 (1,'',562,14,'No'),
	 (1,'',562,12,'No'),
	 (1,'',562,13,'No'),
	 (1,'',562,16,'No'),
	 (1,'',562,17,'No'),
	 (1,'',562,15,'No'),

	 (1,'',563,11,'No'),
	 (1,'',563,14,'No'),
	 (1,'',563,12,'No'),
	 (1,'',563,13,'No'),
	 (1,'',563,16,'No'),
	 (1,'',563,17,'No'),
	 (1,'',563,15,'No'),
	 (1,'',564,11,'No'),
	 (1,'',564,14,'No'),
	 (1,'',564,12,'No'),

	 (1,'',564,13,'No'),
	 (1,'',564,16,'No'),
	 (1,'',564,17,'No'),
	 (1,'',564,15,'No'),
	 (1,'',565,11,'No'),
	 (1,'',565,14,'No'),
	 (1,'',565,12,'No'),
	 (1,'',565,13,'No'),
	 (1,'',565,16,'No'),
	 (1,'',565,17,'No'),

	 (1,'',565,15,'No'),
	 (1,'',566,11,'No'),
	 (1,'',566,14,'No'),
	 (1,'',566,12,'No'),
	 (1,'',566,13,'No'),
	 (1,'',566,16,'No'),
	 (1,'',566,17,'No'),
	 (1,'',566,15,'No'),
	 (1,'',567,11,'No'),
	 (1,'',567,14,'No'),

	 (1,'',567,12,'No'),
	 (1,'',567,13,'No'),
	 (1,'',567,16,'No'),
	 (1,'',567,17,'No'),
	 (1,'',567,15,'No'),
	 (1,'',568,11,'No'),
	 (1,'',568,14,'No'),
	 (1,'',568,12,'No'),
	 (1,'',568,13,'No'),
	 (1,'',568,16,'No'),

	 (1,'',568,17,'No'),
	 (1,'',568,15,'No'),
	 (1,'',569,11,'No'),
	 (1,'',569,14,'No'),
	 (1,'',569,12,'No'),
	 (1,'',569,13,'No'),
	 (1,'',569,16,'No'),
	 (1,'',569,17,'No'),
	 (1,'',569,15,'No'),
	 (1,'',570,11,'No'),

	 (1,'',570,14,'No'),
	 (1,'',570,12,'No'),
	 (1,'',570,13,'No'),
	 (1,'',570,16,'No'),
	 (1,'',570,17,'No'),
	 (1,'',570,15,'No'),
	 (1,'',571,11,'No'),
	 (1,'',571,14,'No'),
	 (1,'',571,12,'No'),
	 (1,'',571,13,'No'),

	 (1,'',571,16,'No'),
	 (1,'',571,17,'No'),
	 (1,'',571,15,'No'),
	 (1,'',572,11,'No'),
	 (1,'',572,14,'No'),
	 (1,'',572,12,'No'),
	 (1,'',572,13,'No'),
	 (1,'',572,16,'No'),
	 (1,'',572,17,'No'),
	 (1,'',572,15,'No'),

	 (1,'',573,11,'No'),
	 (1,'',573,14,'No'),
	 (1,'',573,12,'No'),
	 (1,'',573,13,'No'),
	 (1,'',573,16,'No'),
	 (1,'',573,17,'No'),
	 (1,'',573,15,'No'),
	 (1,'',575,11,'No'),
	 (1,'',575,14,'No'),
	 (1,'',575,12,'No'),

	 (1,'',575,13,'No'),
	 (1,'',575,16,'No'),
	 (1,'',575,17,'No'),
	 (1,'',575,15,'No'),
	 (1,'',576,11,'No'),
	 (1,'',576,14,'No'),
	 (1,'',576,12,'No'),
	 (1,'',576,13,'No'),
	 (1,'',576,16,'No'),
	 (1,'',576,17,'No'),

	 (1,'',576,15,'No'),
	 (1,'',577,11,'No'),
	 (1,'',577,14,'No'),
	 (1,'',577,12,'No'),
	 (1,'',577,13,'No'),
	 (1,'',577,16,'No'),
	 (1,'',577,17,'No'),
	 (1,'',577,15,'No'),
	 (1,'',578,11,'No'),
	 (1,'',578,14,'No'),

	 (1,'',578,12,'No'),
	 (1,'',578,13,'No'),
	 (1,'',578,16,'No'),
	 (1,'',578,17,'No'),
	 (1,'',578,15,'No'),
	 (1,'',579,11,'No'),
	 (1,'',579,14,'No'),
	 (1,'',579,12,'No'),
	 (1,'',579,13,'No'),
	 (1,'',579,16,'No'),

	 (1,'',579,17,'No'),
	 (1,'',579,15,'No'),
	 (1,'',580,11,'No'),
	 (1,'',580,14,'No'),
	 (1,'',580,12,'No'),
	 (1,'',580,13,'No'),
	 (1,'',580,16,'No'),
	 (1,'',580,17,'No'),
	 (1,'',580,15,'No'),
	 (1,'',581,11,'No'),

	 (1,'',581,14,'No'),
	 (1,'',581,12,'No'),
	 (1,'',581,13,'No'),
	 (1,'',581,16,'No'),
	 (1,'',581,17,'No'),
	 (1,'',581,15,'No'),
	 (1,'',582,11,'No'),
	 (1,'',582,14,'No'),
	 (1,'',582,12,'No'),
	 (1,'',582,13,'No'),

	 (1,'',582,16,'No'),
	 (1,'',582,17,'No'),
	 (1,'',582,15,'No'),
	 (1,'',583,11,'No'),
	 (1,'',583,14,'No'),
	 (1,'',583,12,'No'),
	 (1,'',583,13,'No'),
	 (1,'',583,16,'No'),
	 (1,'',583,17,'No'),
	 (1,'',583,15,'No'),

	 (1,'',584,11,'No'),
	 (1,'',584,14,'No'),
	 (1,'',584,12,'No'),
	 (1,'',584,13,'No'),
	 (1,'',584,16,'No'),
	 (1,'',584,17,'No'),
	 (1,'',584,15,'No'),
	 (1,'',585,11,'No'),
	 (1,'',585,14,'No'),
	 (1,'',585,12,'No'),

	 (1,'',585,13,'No'),
	 (1,'',585,16,'No'),
	 (1,'',585,17,'No'),
	 (1,'',585,15,'No'),
	 (1,'',587,11,'No'),
	 (1,'',587,14,'No'),
	 (1,'',587,12,'No'),
	 (1,'',587,13,'No'),
	 (1,'',587,16,'No'),
	 (1,'',587,17,'No'),

	 (1,'',587,15,'No'),
	 (1,'',588,11,'No'),
	 (1,'',588,14,'No'),
	 (1,'',588,12,'No'),
	 (1,'',588,13,'No'),
	 (1,'',588,16,'No'),
	 (1,'',588,17,'No'),
	 (1,'',588,15,'No'),
	 (1,'',589,11,'No'),
	 (1,'',589,14,'No'),

	 (1,'',589,12,'No'),
	 (1,'',589,13,'No'),
	 (1,'',589,16,'No'),
	 (1,'',589,17,'No'),
	 (1,'',589,15,'No'),
	 (1,'',590,11,'No'),
	 (1,'',590,14,'No'),
	 (1,'',590,12,'No'),
	 (1,'',590,13,'No'),
	 (1,'',590,16,'No'),

	 (1,'',590,17,'No'),
	 (1,'',590,15,'No'),
	 (1,'',591,11,'No'),
	 (1,'',591,14,'No'),
	 (1,'',591,12,'No'),
	 (1,'',591,13,'No'),
	 (1,'',591,16,'No'),
	 (1,'',591,17,'No'),
	 (1,'',591,15,'No'),
	 (1,'',592,11,'No'),

	 (1,'',592,14,'No'),
	 (1,'',592,12,'No'),
	 (1,'',592,13,'No'),
	 (1,'',592,16,'No'),
	 (1,'',592,17,'No'),
	 (1,'',592,15,'No'),
	 (1,'',593,11,'No'),
	 (1,'',593,14,'No'),
	 (1,'',593,12,'No'),
	 (1,'',593,13,'No'),

	 (1,'',593,16,'No'),
	 (1,'',593,17,'No'),
	 (1,'',593,15,'No'),
	 (1,'',594,11,'No'),
	 (1,'',594,14,'No'),
	 (1,'',594,12,'No'),
	 (1,'',594,13,'No'),
	 (1,'',594,16,'No'),
	 (1,'',594,17,'No'),
	 (1,'',594,15,'No'),

	 (1,'',595,11,'No'),
	 (1,'',595,14,'No'),
	 (1,'',595,12,'No'),
	 (1,'',595,13,'No'),
	 (1,'',595,16,'No'),
	 (1,'',595,17,'No'),
	 (1,'',595,15,'No'),
	 (1,'',596,11,'No'),
	 (1,'',596,14,'No'),
	 (1,'',596,12,'No'),

	 (1,'',596,13,'No'),
	 (1,'',596,16,'No'),
	 (1,'',596,17,'No'),
	 (1,'',596,15,'No'),
	 (1,'',597,11,'No'),
	 (1,'',597,14,'No'),
	 (1,'',597,12,'No'),
	 (1,'',597,13,'No'),
	 (1,'',597,16,'No'),
	 (1,'',597,17,'No'),

	 (1,'',597,15,'No'),
	 (1,'',598,11,'No'),
	 (1,'',598,14,'No'),
	 (1,'',598,12,'No'),
	 (1,'',598,13,'No'),
	 (1,'',598,16,'No'),
	 (1,'',598,17,'No'),
	 (1,'',598,15,'No'),
	 (1,'',599,11,'No'),
	 (1,'',599,14,'No'),

	 (1,'',599,12,'No'),
	 (1,'',599,13,'No'),
	 (1,'',599,16,'No'),
	 (1,'',599,17,'No'),
	 (1,'',599,15,'No'),
	 (1,'',600,11,'No'),
	 (1,'',600,14,'No'),
	 (1,'',600,12,'No'),
	 (1,'',600,13,'No'),
	 (1,'',600,16,'No'),

	 (1,'',600,17,'No'),
	 (1,'',600,15,'No'),
	 (1,'',601,11,'No'),
	 (1,'',601,14,'No'),
	 (1,'',601,12,'No'),
	 (1,'',601,13,'No'),
	 (1,'',601,16,'No'),
	 (1,'',601,17,'No'),
	 (1,'',601,15,'No'),
	 (1,'',602,11,'No'),

	 (1,'',602,14,'No'),
	 (1,'',602,12,'No'),
	 (1,'',602,13,'No'),
	 (1,'',602,16,'No'),
	 (1,'',602,17,'No'),
	 (1,'',602,15,'No'),
	 (1,'',603,11,'No'),
	 (1,'',603,14,'No'),
	 (1,'',603,12,'No'),
	 (1,'',603,13,'No'),

	 (1,'',603,16,'No'),
	 (1,'',603,17,'No'),
	 (1,'',603,15,'No'),
	 (1,'',604,11,'No'),
	 (1,'',604,14,'No'),
	 (1,'',604,12,'No'),
	 (1,'',604,13,'No'),
	 (1,'',604,16,'No'),
	 (1,'',604,17,'No'),
	 (1,'',604,15,'No'),

	 (1,'',605,11,'No'),
	 (1,'',605,14,'No'),
	 (1,'',605,12,'No'),
	 (1,'',605,13,'No'),
	 (1,'',605,16,'No'),
	 (1,'',605,17,'No'),
	 (1,'',605,15,'No'),
	 (1,'',606,11,'No'),
	 (1,'',606,14,'No'),
	 (1,'',606,12,'No'),

	 (1,'',606,13,'No'),
	 (1,'',606,16,'No'),
	 (1,'',606,17,'No'),
	 (1,'',606,15,'No'),
	 (1,'',607,11,'No'),
	 (1,'',607,14,'No'),
	 (1,'',607,12,'No'),
	 (1,'',607,13,'No'),
	 (1,'',607,16,'No'),
	 (1,'',607,17,'No'),

	 (1,'',607,15,'No'),
	 (1,'',608,11,'No'),
	 (1,'',608,14,'No'),
	 (1,'',608,12,'No'),
	 (1,'',608,13,'No'),
	 (1,'',608,16,'No'),
	 (1,'',608,17,'No'),
	 (1,'',608,15,'No'),
	 (1,'',609,11,'No'),
	 (1,'',609,14,'No'),

	 (1,'',609,12,'No'),
	 (1,'',609,13,'No'),
	 (1,'',609,16,'No'),
	 (1,'',609,17,'No'),
	 (1,'',609,15,'No'),
	 (1,'',610,11,'No'),
	 (1,'',610,14,'No'),
	 (1,'',610,12,'No'),
	 (1,'',610,13,'No'),
	 (1,'',610,16,'No'),

	 (1,'',610,17,'No'),
	 (1,'',610,15,'No'),
	 (1,'',611,11,'No'),
	 (1,'',611,14,'No'),
	 (1,'',611,12,'No'),
	 (1,'',611,13,'No'),
	 (1,'',611,16,'No'),
	 (1,'',611,17,'No'),
	 (1,'',611,15,'No'),
	 (1,'',612,11,'No'),

	 (1,'',612,14,'No'),
	 (1,'',612,12,'No'),
	 (1,'',612,13,'No'),
	 (1,'',612,16,'No'),
	 (1,'',612,17,'No'),
	 (1,'',612,15,'No'),
	 (1,'',613,11,'No'),
	 (1,'',613,14,'No'),
	 (1,'',613,12,'No'),
	 (1,'',613,13,'No'),

	 (1,'',613,16,'No'),
	 (1,'',613,17,'No'),
	 (1,'',613,15,'No'),
	 (1,'',614,11,'No'),
	 (1,'',614,14,'No'),
	 (1,'',614,12,'No'),
	 (1,'',614,13,'No'),
	 (1,'',614,16,'No'),
	 (1,'',614,17,'No'),
	 (1,'',614,15,'No'),

	 (1,'',615,11,'No'),
	 (1,'',615,14,'No'),
	 (1,'',615,12,'No'),
	 (1,'',615,13,'No'),
	 (1,'',615,16,'No'),
	 (1,'',615,17,'No'),
	 (1,'',615,15,'No'),
	 (1,'',616,11,'No'),
	 (1,'',616,14,'No'),
	 (1,'',616,12,'No'),

	 (1,'',616,13,'No'),
	 (1,'',616,16,'No'),
	 (1,'',616,17,'No'),
	 (1,'',616,15,'No'),
	 (1,'',617,11,'No'),
	 (1,'',617,14,'No'),
	 (1,'',617,12,'No'),
	 (1,'',617,13,'No'),
	 (1,'',617,16,'No'),
	 (1,'',617,17,'No'),

	 (1,'',617,15,'No'),
	 (1,'',618,11,'No'),
	 (1,'',618,14,'No'),
	 (1,'',618,12,'No'),
	 (1,'',618,13,'No'),
	 (1,'',618,16,'No'),
	 (1,'',618,17,'No'),
	 (1,'',618,15,'No'),
	 (1,'',619,11,'No'),
	 (1,'',619,14,'No'),

	 (1,'',619,12,'No'),
	 (1,'',619,13,'No'),
	 (1,'',619,16,'No'),
	 (1,'',619,17,'No'),
	 (1,'',619,15,'No'),
	 (1,'',620,11,'No'),
	 (1,'',620,14,'No'),
	 (1,'',620,12,'No'),
	 (1,'',620,13,'No'),
	 (1,'',620,16,'No'),

	 (1,'',620,17,'No'),
	 (1,'',620,15,'No'),
	 (1,'',621,11,'No'),
	 (1,'',621,14,'No'),
	 (1,'',621,12,'No'),
	 (1,'',621,13,'No'),
	 (1,'',621,16,'No'),
	 (1,'',621,17,'No'),
	 (1,'',621,15,'No'),
	 (1,'',622,11,'No'),

	 (1,'',622,14,'No'),
	 (1,'',622,12,'No'),
	 (1,'',622,13,'No'),
	 (1,'',622,16,'No'),
	 (1,'',622,17,'No'),
	 (1,'',622,15,'No'),
	 (1,'',623,11,'No'),
	 (1,'',623,14,'No'),
	 (1,'',623,12,'No'),
	 (1,'',623,13,'No'),

	 (1,'',623,16,'No'),
	 (1,'',623,17,'No'),
	 (1,'',623,15,'No'),
	 (1,'',624,11,'No'),
	 (1,'',624,14,'No'),
	 (1,'',624,12,'No'),
	 (1,'',624,13,'No'),
	 (1,'',624,16,'No'),
	 (1,'',624,17,'No'),
	 (1,'',624,15,'No'),

	 (1,'',625,11,'No'),
	 (1,'',625,14,'No'),
	 (1,'',625,12,'No'),
	 (1,'',625,13,'No'),
	 (1,'',625,16,'No'),
	 (1,'',625,17,'No'),
	 (1,'',625,15,'No'),
	 (1,'',626,11,'No'),
	 (1,'',626,14,'No'),
	 (1,'',626,12,'No'),

	 (1,'',626,13,'No'),
	 (1,'',626,16,'No'),
	 (1,'',626,17,'No'),
	 (1,'',626,15,'No'),
	 (1,'',627,11,'No'),
	 (1,'',627,14,'No'),
	 (1,'',627,12,'No'),
	 (1,'',627,13,'No'),
	 (1,'',627,16,'No'),
	 (1,'',627,17,'No'),

	 (1,'',627,15,'No'),
	 (1,'',628,11,'No'),
	 (1,'',628,14,'No'),
	 (1,'',628,12,'No'),
	 (1,'',628,13,'No'),
	 (1,'',628,16,'No'),
	 (1,'',628,17,'No'),
	 (1,'',628,15,'No'),
	 (1,'',629,11,'No'),
	 (1,'',629,14,'No'),

	 (1,'',629,12,'No'),
	 (1,'',629,13,'No'),
	 (1,'',629,16,'No'),
	 (1,'',629,17,'No'),
	 (1,'',629,15,'No'),
	 (1,'',630,11,'No'),
	 (1,'',630,14,'No'),
	 (1,'',630,12,'No'),
	 (1,'',630,13,'No'),
	 (1,'',630,16,'No'),

	 (1,'',630,17,'No'),
	 (1,'',630,15,'No'),
	 (1,'',631,11,'No'),
	 (1,'',631,14,'No'),
	 (1,'',631,12,'No'),
	 (1,'',631,13,'No'),
	 (1,'',631,16,'No'),
	 (1,'',631,17,'No'),
	 (1,'',631,15,'No'),
	 (1,'',632,11,'No'),

	 (1,'',632,14,'No'),
	 (1,'',632,12,'No'),
	 (1,'',632,13,'No'),
	 (1,'',632,16,'No'),
	 (1,'',632,17,'No'),
	 (1,'',632,15,'No'),
	 (1,'',633,11,'No'),
	 (1,'',633,14,'No'),
	 (1,'',633,12,'No'),
	 (1,'',633,13,'No'),

	 (1,'',633,16,'No'),
	 (1,'',633,17,'No'),
	 (1,'',633,15,'No'),
	 (1,'',634,11,'No'),
	 (1,'',634,14,'No'),
	 (1,'',634,12,'No'),
	 (1,'',634,13,'No'),
	 (1,'',634,16,'No'),
	 (1,'',634,17,'No'),
	 (1,'',634,15,'No'),

	 (1,'',635,11,'No'),
	 (1,'',635,14,'No'),
	 (1,'',635,12,'No'),
	 (1,'',635,13,'No'),
	 (1,'',635,16,'No'),
	 (1,'',635,17,'No'),
	 (1,'',635,15,'No'),
	 (1,'',637,11,'No'),
	 (1,'',637,14,'No'),
	 (1,'',637,12,'No'),

	 (1,'',637,13,'No'),
	 (1,'',637,16,'No'),
	 (1,'',637,17,'No'),
	 (1,'',637,15,'No'),
	 (1,'',638,11,'No'),
	 (1,'',638,14,'No'),
	 (1,'',638,12,'No'),
	 (1,'',638,13,'No'),
	 (1,'',638,16,'No'),
	 (1,'',638,17,'No'),

	 (1,'',638,15,'No'),
	 (1,'',639,11,'No'),
	 (1,'',639,14,'No'),
	 (1,'',639,12,'No'),
	 (1,'',639,13,'No'),
	 (1,'',639,16,'No'),
	 (1,'',639,17,'No'),
	 (1,'',639,15,'No'),
	 (1,'',640,11,'No'),
	 (1,'',640,14,'No'),

	 (1,'',640,12,'No'),
	 (1,'',640,13,'No'),
	 (1,'',640,16,'No'),
	 (1,'',640,17,'No'),
	 (1,'',640,15,'No'),
	 (1,'',641,11,'No'),
	 (1,'',641,14,'No'),
	 (1,'',641,12,'No'),
	 (1,'',641,13,'No'),
	 (1,'',641,16,'No'),

	 (1,'',641,17,'No'),
	 (1,'',641,15,'No'),
	 (1,'',642,11,'No'),
	 (1,'',642,14,'No'),
	 (1,'',642,12,'No'),
	 (1,'',642,13,'No'),
	 (1,'',642,16,'No'),
	 (1,'',642,17,'No'),
	 (1,'',642,15,'No'),
	 (1,'',643,11,'No'),

	 (1,'',643,14,'No'),
	 (1,'',643,12,'No'),
	 (1,'',643,13,'No'),
	 (1,'',643,16,'No'),
	 (1,'',643,17,'No'),
	 (1,'',643,15,'No'),
	 (1,'',644,11,'No'),
	 (1,'',644,14,'No'),
	 (1,'',644,12,'No'),
	 (1,'',644,13,'No'),

	 (1,'',644,16,'No'),
	 (1,'',644,17,'No'),
	 (1,'',644,15,'No'),
	 (1,'',645,11,'No'),
	 (1,'',645,14,'No'),
	 (1,'',645,12,'No'),
	 (1,'',645,13,'No'),
	 (1,'',645,16,'No'),
	 (1,'',645,17,'No'),
	 (1,'',645,15,'No'),

	 (1,'',646,11,'No'),
	 (1,'',646,14,'No'),
	 (1,'',646,12,'No'),
	 (1,'',646,13,'No'),
	 (1,'',646,16,'No'),
	 (1,'',646,17,'No'),
	 (1,'',646,15,'No'),
	 (1,'',647,11,'No'),
	 (1,'',647,14,'No'),
	 (1,'',647,12,'No'),

	 (1,'',647,13,'No'),
	 (1,'',647,16,'No'),
	 (1,'',647,17,'No'),
	 (1,'',647,15,'No'),
	 (1,'',648,11,'No'),
	 (1,'',648,14,'No'),
	 (1,'',648,12,'No'),
	 (1,'',648,13,'No'),
	 (1,'',648,16,'No'),
	 (1,'',648,17,'No'),

	 (1,'',648,15,'No'),
	 (1,'',649,11,'No'),
	 (1,'',649,14,'No'),
	 (1,'',649,12,'No'),
	 (1,'',649,13,'No'),
	 (1,'',649,16,'No'),
	 (1,'',649,17,'No'),
	 (1,'',649,15,'No'),
	 (1,'',650,11,'No'),
	 (1,'',650,14,'No'),

	 (1,'',650,12,'No'),
	 (1,'',650,13,'No'),
	 (1,'',650,16,'No'),
	 (1,'',650,17,'No'),
	 (1,'',650,15,'No'),
	 (1,'',651,11,'No'),
	 (1,'',651,14,'No'),
	 (1,'',651,12,'No'),
	 (1,'',651,13,'No'),
	 (1,'',651,16,'No'),

	 (1,'',651,17,'No'),
	 (1,'',651,15,'No'),
	 (1,'',652,11,'No'),
	 (1,'',652,14,'No'),
	 (1,'',652,12,'No'),
	 (1,'',652,13,'No'),
	 (1,'',652,16,'No'),
	 (1,'',652,17,'No'),
	 (1,'',652,15,'No'),
	 (1,'',653,11,'No'),

	 (1,'',653,14,'No'),
	 (1,'',653,12,'No'),
	 (1,'',653,13,'No'),
	 (1,'',653,16,'No'),
	 (1,'',653,17,'No'),
	 (1,'',653,15,'No'),
	 (1,'',655,11,'No'),
	 (1,'',655,14,'No'),
	 (1,'',655,12,'No'),
	 (1,'',655,13,'No'),

	 (1,'',655,16,'No'),
	 (1,'',655,17,'No'),
	 (1,'',655,15,'No'),
	 (1,'',656,11,'No'),
	 (1,'',656,14,'No'),
	 (1,'',656,12,'No'),
	 (1,'',656,13,'No'),
	 (1,'',656,16,'No'),
	 (1,'',656,17,'No'),
	 (1,'',656,15,'No'),

	 (1,'',657,11,'No'),
	 (1,'',657,14,'No'),
	 (1,'',657,12,'No'),
	 (1,'',657,13,'No'),
	 (1,'',657,16,'No'),
	 (1,'',657,17,'No'),
	 (1,'',657,15,'No'),
	 (1,'',658,11,'No'),
	 (1,'',658,14,'No'),
	 (1,'',658,12,'No'),

	 (1,'',658,13,'No'),
	 (1,'',658,16,'No'),
	 (1,'',658,17,'No'),
	 (1,'',658,15,'No'),
	 (1,'',659,11,'No'),
	 (1,'',659,14,'No'),
	 (1,'',659,12,'No'),
	 (1,'',659,13,'No'),
	 (1,'',659,16,'No'),
	 (1,'',659,17,'No'),

	 (1,'',659,15,'No'),
	 (1,'',660,11,'No'),
	 (1,'',660,14,'No'),
	 (1,'',660,12,'No'),
	 (1,'',660,13,'No'),
	 (1,'',660,16,'No'),
	 (1,'',660,17,'No'),
	 (1,'',660,15,'No'),
	 (1,'',661,11,'No'),
	 (1,'',661,14,'No'),

	 (1,'',661,12,'No'),
	 (1,'',661,13,'No'),
	 (1,'',661,16,'No'),
	 (1,'',661,17,'No'),
	 (1,'',661,15,'No'),
	 (1,'',662,11,'No'),
	 (1,'',662,14,'No'),
	 (1,'',662,12,'No'),
	 (1,'',662,13,'No'),
	 (1,'',662,16,'No'),

	 (1,'',662,17,'No'),
	 (1,'',662,15,'No'),
	 (1,'',663,11,'No'),
	 (1,'',663,14,'No'),
	 (1,'',663,12,'No'),
	 (1,'',663,13,'No'),
	 (1,'',663,16,'No'),
	 (1,'',663,17,'No'),
	 (1,'',663,15,'No'),
	 (1,'',664,11,'No'),

	 (1,'',664,14,'No'),
	 (1,'',664,12,'No'),
	 (1,'',664,13,'No'),
	 (1,'',664,16,'No'),
	 (1,'',664,17,'No'),
	 (1,'',664,15,'No'),
	 (1,'',665,11,'No'),
	 (1,'',665,14,'No'),
	 (1,'',665,12,'No'),
	 (1,'',665,13,'No'),

	 (1,'',665,16,'No'),
	 (1,'',665,17,'No'),
	 (1,'',665,15,'No'),
	 (1,'',666,11,'No'),
	 (1,'',666,14,'No'),
	 (1,'',666,12,'No'),
	 (1,'',666,13,'No'),
	 (1,'',666,16,'No'),
	 (1,'',666,17,'No'),
	 (1,'',666,15,'No'),

	 (1,'',667,11,'No'),
	 (1,'',667,14,'No'),
	 (1,'',667,12,'No'),
	 (1,'',667,13,'No'),
	 (1,'',667,16,'No'),
	 (1,'',667,17,'No'),
	 (1,'',667,15,'No'),
	 (1,'',668,11,'No'),
	 (1,'',668,14,'No'),
	 (1,'',668,12,'No'),

	 (1,'',668,13,'No'),
	 (1,'',668,16,'No'),
	 (1,'',668,17,'No'),
	 (1,'',668,15,'No'),
	 (1,'',669,11,'No'),
	 (1,'',669,14,'No'),
	 (1,'',669,12,'No'),
	 (1,'',669,13,'No'),
	 (1,'',669,16,'No'),
	 (1,'',669,17,'No'),

	 (1,'',669,15,'No'),
	 (1,'',671,11,'No'),
	 (1,'',671,14,'No'),
	 (1,'',671,12,'No'),
	 (1,'',671,13,'No'),
	 (1,'',671,16,'No'),
	 (1,'',671,17,'No'),
	 (1,'',671,15,'No'),
	 (1,'',672,11,'No'),
	 (1,'',672,14,'No'),

	 (1,'',672,12,'No'),
	 (1,'',672,13,'No'),
	 (1,'',672,16,'No'),
	 (1,'',672,17,'No'),
	 (1,'',672,15,'No'),
	 (1,'',673,11,'No'),
	 (1,'',673,14,'No'),
	 (1,'',673,12,'No'),
	 (1,'',673,13,'No'),
	 (1,'',673,16,'No'),

	 (1,'',673,17,'No'),
	 (1,'',673,15,'No'),
	 (1,'',674,11,'No'),
	 (1,'',674,14,'No'),
	 (1,'',674,12,'No'),
	 (1,'',674,13,'No'),
	 (1,'',674,16,'No'),
	 (1,'',674,17,'No'),
	 (1,'',674,15,'No'),
	 (1,'',675,11,'No'),

	 (1,'',675,14,'No'),
	 (1,'',675,12,'No'),
	 (1,'',675,13,'No'),
	 (1,'',675,16,'No'),
	 (1,'',675,17,'No'),
	 (1,'',675,15,'No'),
	 (1,'',676,11,'No'),
	 (1,'',676,14,'No'),
	 (1,'',676,12,'No'),
	 (1,'',676,13,'No'),

	 (1,'',676,16,'No'),
	 (1,'',676,17,'No'),
	 (1,'',676,15,'No'),
	 (1,'',677,11,'No'),
	 (1,'',677,14,'No'),
	 (1,'',677,12,'No'),
	 (1,'',677,13,'No'),
	 (1,'',677,16,'No'),
	 (1,'',677,17,'No'),
	 (1,'',677,15,'No'),

	 (1,'',678,11,'No'),
	 (1,'',678,14,'No'),
	 (1,'',678,12,'No'),
	 (1,'',678,13,'No'),
	 (1,'',678,16,'No'),
	 (1,'',678,17,'No'),
	 (1,'',678,15,'No'),
	 (1,'',679,11,'No'),
	 (1,'',679,14,'No'),
	 (1,'',679,12,'No'),

	 (1,'',679,13,'No'),
	 (1,'',679,16,'No'),
	 (1,'',679,17,'No'),
	 (1,'',679,15,'No'),
	 (1,'',680,11,'No'),
	 (1,'',680,14,'No'),
	 (1,'',680,12,'No'),
	 (1,'',680,13,'No'),
	 (1,'',680,16,'No'),
	 (1,'',680,17,'No'),

	 (1,'',680,15,'No'),
	 (1,'',681,11,'No'),
	 (1,'',681,14,'No'),
	 (1,'',681,12,'No'),
	 (1,'',681,13,'No'),
	 (1,'',681,16,'No'),
	 (1,'',681,17,'No'),
	 (1,'',681,15,'No'),
	 (1,'',682,11,'No'),
	 (1,'',682,14,'No'),

	 (1,'',682,12,'No'),
	 (1,'',682,13,'No'),
	 (1,'',682,16,'No'),
	 (1,'',682,17,'No'),
	 (1,'',682,15,'No'),
	 (1,'',683,11,'No'),
	 (1,'',683,14,'No'),
	 (1,'',683,12,'No'),
	 (1,'',683,13,'No'),
	 (1,'',683,16,'No'),

	 (1,'',683,17,'No'),
	 (1,'',683,15,'No'),
	 (1,'',684,11,'No'),
	 (1,'',684,14,'No'),
	 (1,'',684,12,'No'),
	 (1,'',684,13,'No'),
	 (1,'',684,16,'No'),
	 (1,'',684,17,'No'),
	 (1,'',684,15,'No'),
	 (1,'',685,11,'No'),

	 (1,'',685,14,'No'),
	 (1,'',685,12,'No'),
	 (1,'',685,13,'No'),
	 (1,'',685,16,'No'),
	 (1,'',685,17,'No'),
	 (1,'',685,15,'No'),
	 (1,'',686,11,'No'),
	 (1,'',686,14,'No'),
	 (1,'',686,12,'No'),
	 (1,'',686,13,'No'),

	 (1,'',686,16,'No'),
	 (1,'',686,17,'No'),
	 (1,'',686,15,'No'),
	 (1,'',687,11,'No'),
	 (1,'',687,14,'No'),
	 (1,'',687,12,'No'),
	 (1,'',687,13,'No'),
	 (1,'',687,16,'No'),
	 (1,'',687,17,'No'),
	 (1,'',687,15,'No'),

	 (1,'',688,11,'No'),
	 (1,'',688,14,'No'),
	 (1,'',688,12,'No'),
	 (1,'',688,13,'No'),
	 (1,'',688,16,'No'),
	 (1,'',688,17,'No'),
	 (1,'',688,15,'No'),
	 (1,'',689,11,'No'),
	 (1,'',689,14,'No'),
	 (1,'',689,12,'No'),

	 (1,'',689,13,'No'),
	 (1,'',689,16,'No'),
	 (1,'',689,17,'No'),
	 (1,'',689,15,'No'),
	 (1,'',690,11,'No'),
	 (1,'',690,14,'No'),
	 (1,'',690,12,'No'),
	 (1,'',690,13,'No'),
	 (1,'',690,16,'No'),
	 (1,'',690,17,'No'),

	 (1,'',690,15,'No'),
	 (1,'',691,11,'No'),
	 (1,'',691,14,'No'),
	 (1,'',691,12,'No'),
	 (1,'',691,13,'No'),
	 (1,'',691,16,'No'),
	 (1,'',691,17,'No'),
	 (1,'',691,15,'No'),
	 (1,'',692,11,'No'),
	 (1,'',692,14,'No'),

	 (1,'',692,12,'No'),
	 (1,'',692,13,'No'),
	 (1,'',692,16,'No'),
	 (1,'',692,17,'No'),
	 (1,'',692,15,'No'),
	 (1,'',693,11,'No'),
	 (1,'',693,14,'No'),
	 (1,'',693,12,'No'),
	 (1,'',693,13,'No'),
	 (1,'',693,16,'No'),

	 (1,'',693,17,'No'),
	 (1,'',693,15,'No'),
	 (1,'',694,11,'No'),
	 (1,'',694,14,'No'),
	 (1,'',694,12,'No'),
	 (1,'',694,13,'No'),
	 (1,'',694,16,'No'),
	 (1,'',694,17,'No'),
	 (1,'',694,15,'No'),
	 (1,'',695,11,'No'),

	 (1,'',695,14,'No'),
	 (1,'',695,12,'No'),
	 (1,'',695,13,'No'),
	 (1,'',695,16,'No'),
	 (1,'',695,17,'No'),
	 (1,'',695,15,'No'),
	 (1,'',696,11,'No'),
	 (1,'',696,14,'No'),
	 (1,'',696,12,'No'),
	 (1,'',696,13,'No'),

	 (1,'',696,16,'No'),
	 (1,'',696,17,'No'),
	 (1,'',696,15,'No'),
	 (1,'',697,11,'No'),
	 (1,'',697,14,'No'),
	 (1,'',697,12,'No'),
	 (1,'',697,13,'No'),
	 (1,'',697,16,'No'),
	 (1,'',697,17,'No'),
	 (1,'',697,15,'No'),

	 (1,'',698,11,'No'),
	 (1,'',698,14,'No'),
	 (1,'',698,12,'No'),
	 (1,'',698,13,'No'),
	 (1,'',698,16,'No'),
	 (1,'',698,17,'No'),
	 (1,'',698,15,'No'),
	 (1,'',699,11,'No'),
	 (1,'',699,14,'No'),
	 (1,'',699,12,'No'),

	 (1,'',699,13,'No'),
	 (1,'',699,16,'No'),
	 (1,'',699,17,'No'),
	 (1,'',699,15,'No'),
	 (1,'',700,11,'No'),
	 (1,'',700,14,'No'),
	 (1,'',700,12,'No'),
	 (1,'',700,13,'No'),
	 (1,'',700,16,'No'),
	 (1,'',700,17,'No'),

	 (1,'',700,15,'No'),
	 (1,'',701,11,'No'),
	 (1,'',701,14,'No'),
	 (1,'',701,12,'No'),
	 (1,'',701,13,'No'),
	 (1,'',701,16,'No'),
	 (1,'',701,17,'No'),
	 (1,'',701,15,'No'),
	 (1,'',702,11,'No'),
	 (1,'',702,14,'No'),

	 (1,'',702,12,'No'),
	 (1,'',702,13,'No'),
	 (1,'',702,16,'No'),
	 (1,'',702,17,'No'),
	 (1,'',702,15,'No'),
	 (1,'',703,11,'No'),
	 (1,'',703,14,'No'),
	 (1,'',703,12,'No'),
	 (1,'',703,13,'No'),
	 (1,'',703,16,'No'),

	 (1,'',703,17,'No'),
	 (1,'',703,15,'No'),
	 (1,'',704,11,'No'),
	 (1,'',704,14,'No'),
	 (1,'',704,12,'No'),
	 (1,'',704,13,'No'),
	 (1,'',704,16,'No'),
	 (1,'',704,17,'No'),
	 (1,'',704,15,'No'),
	 (1,'',705,11,'No'),

	 (1,'',705,14,'No'),
	 (1,'',705,12,'No'),
	 (1,'',705,13,'No'),
	 (1,'',705,16,'No'),
	 (1,'',705,17,'No'),
	 (1,'',705,15,'No'),
	 (1,'',706,11,'No'),
	 (1,'',706,14,'No'),
	 (1,'',706,12,'No'),
	 (1,'',706,13,'No'),

	 (1,'',706,16,'No'),
	 (1,'',706,17,'No'),
	 (1,'',706,15,'No'),
	 (1,'',707,11,'No'),
	 (1,'',707,14,'No'),
	 (1,'',707,12,'No'),
	 (1,'',707,13,'No'),
	 (1,'',707,16,'No'),
	 (1,'',707,17,'No'),
	 (1,'',707,15,'No');





INSERT INTO student_group (stugronm, openingdate, session, shift, branchcamid, courid, removeat) VALUES
('J1.0907.A0', '2021-07-09', 'A', 0, 5, 3, 'No'),
('T3.0208.M0', '2021-08-02', 'M', 0, 1, 2, 'No');



INSERT INTO student_class ( regissubj, cass, restudytime, semstatus, stuid, stugroid,removeat) VALUES
(0, 'current class', NULL, 0, 219, 4, 'No'),	
(0, 'current class', NULL, 0, 222, 4, 'No'),
(0, 'current class', NULL, 0, 220, 4, 'No'),
(0, 'current class', NULL, 0, 221, 4, 'No'),
(0, 'current class', NULL, 0, 218, 4, 'No'),
(0, 'current class', NULL, 0, 214, 4, 'No'),
(0, 'current class', NULL, 0, 217, 4, 'No'),
(0, 'current class', NULL, 0, 216, 4, 'No'),
(0, 'current class', NULL, 0, 215, 4, 'No'),
(0, 'current class', NULL, 0, 223, 4, 'No'),


(0, 'current class', NULL, 0, 18, 5, 'No'),
(0, 'current class', NULL, 0, 19, 5, 'No'),
(0, 'current class', NULL, 0, 21, 5, 'No'),
(0, 'current class', NULL, 0, 20, 5, 'No'),
(0, 'current class', NULL, 0, 22, 5, 'No');



INSERT INTO timetable ( subjnm, subjdate, slotofsubjdate, attenteaid, semid, attenedit, note, subjdetailsid, stugroid, roomid, removeat) VALUES
('BE-1', '2021-07-12', 'BE-1?S1?13:30-15:30', 12, 1, b'0', 'No Notes', 31, 4, 1, 'No'),
('BE-2', '2021-07-12', 'BE-2?S2?15:30:-17:30', 12, 1, b'0', 'No Notes', 31, 4, 1, 'No'),
('BE-3', '2021-07-14', 'BE-3?S1?13:30-15:30', 12, 1, b'0', 'No Notes', 31, 4, 1, 'No'),
('BE-4', '2021-07-14', 'BE-4?S2?15:30:-17:30', 12, 1, b'0', 'No Notes', 31, 4, 1, 'No'),
('BE-5', '2021-07-16', 'BE-5?S1?13:30-15:30', 12, 1, b'0', 'No Notes', 31, 4, 1, 'No'),
('BE-6', '2021-07-16', 'BE-6?S2?15:30:-17:30', 12, 1, b'0', 'No Notes', 31, 4, 1, 'No'),
('BE-7', '2021-07-19', 'BE-7?S1?13:30-15:30', 12, 1, b'0', 'No Notes', 31, 4, 1, 'No'),
('BE-8', '2021-07-19', 'BE-8?S2?15:30:-17:30', 12, 1, b'0', 'No Notes', 31, 4, 1, 'No'),
('BE-9', '2021-07-21', 'BE-9?S1?13:30-15:30', 12, 1, b'0', 'No Notes', 31, 4, 1, 'No'),
('BE-10', '2021-07-21', 'BE-10?S2?15:30:-17:30', 12, 1, b'0', 'No Notes', 31, 4, 1, 'No'),
('BE-11', '2021-07-23', 'BE-11?S1?13:30-15:30', 12, 1, b'0', 'No Notes', 31, 4, 1, 'No'),
('BE-12', '2021-07-23', 'BE-12?S2?15:30:-17:30', 12, 1, b'0', 'No Notes', 31, 4, 1, 'No'),
('BE-13', '2021-07-26', 'BE-13?S1?13:30-15:30', 12, 1, b'0', 'No Notes', 31, 4, 1, 'No'),
('BE-14', '2021-07-26', 'BE-14?S2?15:30:-17:30', 12, 1, b'0', 'No Notes', 31, 4, 1, 'No'),
('BE-15', '2021-07-28', 'BE-15?S1?13:30-15:30', 12, 1, b'0', 'No Notes', 31, 4, 1, 'No'),
('BE-16', '2021-07-28', 'BE-16?S2?15:30:-17:30', 12, 1, b'0', 'No Notes', 31, 4, 1, 'No'),
('BE-17', '2021-07-30', 'BE-17?S1?13:30-15:30', 12, 1, b'0', 'No Notes', 31, 4, 1, 'No'),
('BE-18', '2021-07-30', 'BE-18?S2?15:30:-17:30', 12, 1, b'0', 'No Notes', 31, 4, 1, 'No'),
('BE-19', '2021-08-02', 'BE-19?S1?13:30-15:30', 12, 1, b'0', 'No Notes', 31, 4, 1, 'No'),
('BE-20', '2021-08-02', 'BE-20?S2?15:30:-17:30', 12, 1, b'0', 'No Notes', 31, 4, 1, 'No'),
('CHOM-1', '2021-08-04', 'CHOM-1?S1?13:30-15:30', 12, 1, b'0', 'No Notes', 32, 4, 1, 'No'),
('CHOM-2', '2021-08-04', 'CHOM-2?S2?15:30:-17:30', 12, 1, b'0', 'No Notes', 32, 4, 1, 'No'),
('CHOM-3', '2021-08-06', 'CHOM-3?S1?13:30-15:30', 12, 1, b'0', 'No Notes', 32, 4, 1, 'No'),
('CHOM-4', '2021-08-06', 'CHOM-4?S2?15:30:-17:30', 12, 1, b'0', 'No Notes', 32, 4, 1, 'No'),
('CHOM-5', '2021-08-09', 'CHOM-5?S1?13:30-15:30', 12, 1, b'0', 'No Notes', 32, 4, 1, 'No'),
('CHOM-6', '2021-08-09', 'CHOM-6?S2?15:30:-17:30', 12, 1, b'0', 'No Notes', 32, 4, 1, 'No'),
('CHOM-7', '2021-08-11', 'CHOM-7?S1?13:30-15:30', 12, 1, b'0', 'No Notes', 32, 4, 1, 'No'),
('CHOM-8', '2021-08-11', 'CHOM-8?S2?15:30:-17:30', 12, 1, b'0', 'No Notes', 32, 4, 1, 'No'),
('CHOM-9', '2021-08-13', 'CHOM-9?S1?13:30-15:30', 12, 1, b'0', 'No Notes', 32, 4, 1, 'No'),
('CHOM-10', '2021-08-13', 'CHOM-10?S2?15:30:-17:30', 12, 1, b'0', 'No Notes', 32, 4, 1, 'No'),
('CHOM-11', '2021-08-16', 'CHOM-11?S1?13:30-15:30', 12, 1, b'0', 'No Notes', 32, 4, 1, 'No'),
('CHOM-12', '2021-08-16', 'CHOM-12?S2?15:30:-17:30', 12, 1, b'0', 'No Notes', 32, 4, 1, 'No'),
('CHOM-13', '2021-08-18', 'CHOM-13?S1?13:30-15:30', 12, 1, b'0', 'No Notes', 32, 4, 1, 'No'),
('CHOM-14', '2021-08-18', 'CHOM-14?S2?15:30:-17:30', 12, 1, b'0', 'No Notes', 32, 4, 1, 'No'),
('CHOM-15', '2021-08-20', 'CHOM-15?S1?13:30-15:30', 12, 1, b'0', 'No Notes', 32, 4, 1, 'No'),
('CHOM-16', '2021-08-20', 'CHOM-16?S2?15:30:-17:30', 12, 1, b'0', 'No Notes', 32, 4, 1, 'No'),
('CHOM-17', '2021-08-23', 'CHOM-17?S1?13:30-15:30', 12, 1, b'0', 'No Notes', 32, 4, 1, 'No'),
('CHOM-18', '2021-08-23', 'CHOM-18?S2?15:30:-17:30', 12, 1, b'0', 'No Notes', 32, 4, 1, 'No'),
('CHOM-19', '2021-08-25', 'CHOM-19?S1?13:30-15:30', 12, 1, b'0', 'No Notes', 32, 4, 1, 'No'),
('CHOM-20', '2021-08-25', 'CHOM-20?S2?15:30:-17:30', 12, 1, b'0', 'No Notes', 32, 4, 1, 'No'),
('CHOM-21', '2021-08-27', 'CHOM-21?S1?13:30-15:30', 12, 1, b'0', 'No Notes', 32, 4, 1, 'No'),
('Day Off', '2021-08-27', 'CHOM-21?S2?15:30:-17:30', 0, 1, b'0', 'No Notes', 1, 4, 1, 'No'),
('IOT-1', '2021-08-30', 'IOT-1?S1?13:30-15:30', 12, 1, b'0', 'No Notes', 33, 4, 1, 'No'),
('IOT-2', '2021-08-30', 'IOT-2?S2?15:30:-17:30', 12, 1, b'0', 'No Notes', 33, 4, 1, 'No'),
('IOT-3', '2021-09-01', 'IOT-3?S1?13:30-15:30', 12, 1, b'0', 'No Notes', 33, 4, 1, 'No'),
('IOT-4', '2021-09-01', 'IOT-4?S2?15:30:-17:30', 12, 1, b'0', 'No Notes', 33, 4, 1, 'No'),
('IOT-5', '2021-09-03', 'IOT-5?S1?13:30-15:30', 12, 1, b'0', 'No Notes', 33, 4, 1, 'No'),
('IOT-6', '2021-09-03', 'IOT-6?S2?15:30:-17:30', 12, 1, b'0', 'No Notes', 33, 4, 1, 'No'),
('IOT-7', '2021-09-06', 'IOT-7?S1?13:30-15:30', 12, 1, b'0', 'No Notes', 33, 4, 1, 'No'),
('IOT-8', '2021-09-06', 'IOT-8?S2?15:30:-17:30', 12, 1, b'0', 'No Notes', 33, 4, 1, 'No'),
('IOT-9', '2021-09-08', 'IOT-9?S1?13:30-15:30', 12, 1, b'0', 'No Notes', 33, 4, 1, 'No'),
('IOT-10', '2021-09-08', 'IOT-10?S2?15:30:-17:30', 12, 1, b'0', 'No Notes', 33, 4, 1, 'No'),
('IOT-11', '2021-09-10', 'IOT-11?S1?13:30-15:30', 12, 1, b'0', 'No Notes', 33, 4, 1, 'No'),
('IOT-12', '2021-09-10', 'IOT-12?S2?15:30:-17:30', 12, 1, b'0', 'No Notes', 33, 4, 1, 'No'),
('IOT-13', '2021-09-13', 'IOT-13?S1?13:30-15:30', 12, 1, b'0', 'No Notes', 33, 4, 1, 'No'),
('IOT-14', '2021-09-13', 'IOT-14?S2?15:30:-17:30', 12, 1, b'0', 'No Notes', 33, 4, 1, 'No'),
('IOT-15', '2021-09-15', 'IOT-15?S1?13:30-15:30', 12, 1, b'0', 'No Notes', 33, 4, 1, 'No'),
('IOT-16', '2021-09-15', 'IOT-16?S2?15:30:-17:30', 12, 1, b'0', 'No Notes', 33, 4, 1, 'No'),
('IOT-17', '2021-09-17', 'IOT-17?S1?13:30-15:30', 12, 1, b'0', 'No Notes', 33, 4, 1, 'No'),
('IOT-18', '2021-09-17', 'IOT-18?S2?15:30:-17:30', 12, 1, b'0', 'No Notes', 33, 4, 1, 'No'),
('IOT-19', '2021-09-20', 'IOT-19?S1?13:30-15:30', 12, 1, b'0', 'No Notes', 33, 4, 1, 'No'),
('IOT-20', '2021-09-20', 'IOT-20?S2?15:30:-17:30', 12, 1, b'0', 'No Notes', 33, 4, 1, 'No'),
('IOT-21', '2021-09-22', 'IOT-21?S1?13:30-15:30', 12, 1, b'0', 'No Notes', 33, 4, 1, 'No'),
('Day Off', '2021-09-22', 'IOT-21?S2?15:30:-17:30', 0, 1, b'0', 'No Notes', 1, 4, 1, 'No'),
('jPRJ1-1', '2021-09-24', 'jPRJ1-1?S1?13:30-15:30', 12, 1, b'0', 'No Notes', 34, 4, 1, 'No'),
('jPRJ1-2', '2021-09-24', 'jPRJ1-2?S2?15:30:-17:30', 12, 1, b'0', 'No Notes', 34, 4, 1, 'No'),
('jPRJ1-3', '2021-09-27', 'jPRJ1-3?S1?13:30-15:30', 12, 1, b'0', 'No Notes', 34, 4, 1, 'No'),
('jPRJ1-4', '2021-09-27', 'jPRJ1-4?S2?15:30:-17:30', 12, 1, b'0', 'No Notes', 34, 4, 1, 'No'),
('jPRJ1-5', '2021-09-29', 'jPRJ1-5?S1?13:30-15:30', 12, 1, b'0', 'No Notes', 34, 4, 1, 'No'),
('jPRJ1-6', '2021-09-29', 'jPRJ1-6?S2?15:30:-17:30', 12, 1, b'0', 'No Notes', 34, 4, 1, 'No'),
('jPRJ1-7', '2021-10-01', 'jPRJ1-7?S1?13:30-15:30', 12, 1, b'0', 'No Notes', 34, 4, 1, 'No'),
('jPRJ1-8', '2021-10-01', 'jPRJ1-8?S2?15:30:-17:30', 12, 1, b'0', 'No Notes', 34, 4, 1, 'No'),
('jPRJ1-9', '2021-10-04', 'jPRJ1-9?S1?13:30-15:30', 12, 1, b'0', 'No Notes', 34, 4, 1, 'No'),
('jPRJ1-10', '2021-10-04', 'jPRJ1-10?S2?15:30:-17:30', 12, 1, b'0', 'No Notes', 34, 4, 1, 'No'),
('jPRJ1-11', '2021-10-06', 'jPRJ1-11?S1?13:30-15:30', 12, 1, b'0', 'No Notes', 34, 4, 1, 'No'),
('jPRJ1-12', '2021-10-06', 'jPRJ1-12?S2?15:30:-17:30', 12, 1, b'0', 'No Notes', 34, 4, 1, 'No'),
('jPRJ1-13', '2021-10-08', 'jPRJ1-13?S1?13:30-15:30', 12, 1, b'0', 'No Notes', 34, 4, 1, 'No'),
('jPRJ1-14', '2021-10-08', 'jPRJ1-14?S2?15:30:-17:30', 12, 1, b'0', 'No Notes', 34, 4, 1, 'No'),
('jPRJ1-15', '2021-10-11', 'jPRJ1-15?S1?13:30-15:30', 12, 1, b'0', 'No Notes', 34, 4, 1, 'No'),
('jPRJ1-16', '2021-10-11', 'jPRJ1-16?S2?15:30:-17:30', 12, 1, b'0', 'No Notes', 34, 4, 1, 'No'),

('LBEP-1', '2021-08-04', 'LBEP-1?S1?08:00-10:00', 10, 1, b'0', 'No Notes', 2, 5, 1, 'No'),
('LBEP-2', '2021-08-04', 'LBEP-2?S2?10:00-12:00', 10, 1, b'0', 'No Notes', 2, 5, 1, 'No'),
('LBEP-3', '2021-08-06', 'LBEP-3?S1?08:00-10:00', 10, 1, b'0', 'No Notes', 2, 5, 1, 'No'),
('LBEP-4', '2021-08-06', 'LBEP-4?S2?10:00-12:00', 10, 1, b'0', 'No Notes', 2, 5, 1, 'No'),
('LBEP-5', '2021-08-09', 'LBEP-5?S1?08:00-10:00', 10, 1, b'0', 'No Notes', 2, 5, 1, 'No'),
('LBEP-6', '2021-08-09', 'LBEP-6?S2?10:00-12:00', 10, 1, b'0', 'No Notes', 2, 5, 1, 'No'),
('LBEP-7', '2021-08-11', 'LBEP-7?S1?08:00-10:00', 10, 1, b'0', 'No Notes', 2, 5, 1, 'No'),
('LBEP-8', '2021-08-11', 'LBEP-8?S2?10:00-12:00', 10, 1, b'0', 'No Notes', 2, 5, 1, 'No'),
('LBEP-9', '2021-08-13', 'LBEP-9?S1?08:00-10:00', 10, 1, b'0', 'No Notes', 2, 5, 1, 'No'),
('LBEP-10', '2021-08-13', 'LBEP-10?S2?10:00-12:00', 10, 1, b'0', 'No Notes', 2, 5, 1, 'No'),
('HCJS-1', '2021-08-16', 'HCJS-1?S1?08:00-10:00', 10, 1, b'0', 'No Notes', 3, 5, 1, 'No'),
('HCJS-2', '2021-08-16', 'HCJS-2?S2?10:00-12:00', 10, 1, b'0', 'No Notes', 3, 5, 1, 'No'),
('HCJS-3', '2021-08-18', 'HCJS-3?S1?08:00-10:00', 10, 1, b'0', 'No Notes', 3, 5, 1, 'No'),
('HCJS-4', '2021-08-18', 'HCJS-4?S2?10:00-12:00', 10, 1, b'0', 'No Notes', 3, 5, 1, 'No'),
('HCJS-5', '2021-08-20', 'HCJS-5?S1?08:00-10:00', 10, 1, b'0', 'No Notes', 3, 5, 1, 'No'),
('HCJS-6', '2021-08-20', 'HCJS-6?S2?10:00-12:00', 10, 1, b'0', 'No Notes', 3, 5, 1, 'No'),
('HCJS-7', '2021-08-23', 'HCJS-7?S1?08:00-10:00', 10, 1, b'0', 'No Notes', 3, 5, 1, 'No'),
('HCJS-8', '2021-08-23', 'HCJS-8?S2?10:00-12:00', 10, 1, b'0', 'No Notes', 3, 5, 1, 'No'),
('HCJS-9', '2021-08-25', 'HCJS-9?S1?08:00-10:00', 10, 1, b'0', 'No Notes', 3, 5, 1, 'No'),
('HCJS-10', '2021-08-25', 'HCJS-10?S2?10:00-12:00', 10, 1, b'0', 'No Notes', 3, 5, 1, 'No'),
('HCJS-11', '2021-08-27', 'HCJS-11?S1?08:00-10:00', 10, 1, b'0', 'No Notes', 3, 5, 1, 'No'),
('HCJS-12', '2021-08-27', 'HCJS-12?S2?10:00-12:00', 10, 1, b'0', 'No Notes', 3, 5, 1, 'No'),
('HCJS-13', '2021-08-30', 'HCJS-13?S1?08:00-10:00', 10, 1, b'0', 'No Notes', 3, 5, 1, 'No'),
('HCJS-14', '2021-08-30', 'HCJS-14?S2?10:00-12:00', 10, 1, b'0', 'No Notes', 3, 5, 1, 'No'),
('HCJS-15', '2021-09-01', 'HCJS-15?S1?08:00-10:00', 10, 1, b'0', 'No Notes', 3, 5, 1, 'No'),
('HCJS-16', '2021-09-01', 'HCJS-16?S2?10:00-12:00', 10, 1, b'0', 'No Notes', 3, 5, 1, 'No'),
('HCJS-17', '2021-09-03', 'HCJS-17?S1?08:00-10:00', 10, 1, b'0', 'No Notes', 3, 5, 1, 'No'),
('HCJS-18', '2021-09-03', 'HCJS-18?S2?10:00-12:00', 10, 1, b'0', 'No Notes', 3, 5, 1, 'No'),
('HCJS-19', '2021-09-06', 'HCJS-19?S1?08:00-10:00', 10, 1, b'0', 'No Notes', 3, 5, 1, 'No'),
('HCJS-20', '2021-09-06', 'HCJS-20?S2?10:00-12:00', 10, 1, b'0', 'No Notes', 3, 5, 1, 'No'),
('AJS-1', '2021-09-08', 'AJS-1?S1?08:00-10:00', 10, 1, b'0', 'No Notes', 4, 5, 1, 'No'),
('AJS-2', '2021-09-08', 'AJS-2?S2?10:00-12:00', 10, 1, b'0', 'No Notes', 4, 5, 1, 'No'),
('AJS-3', '2021-09-10', 'AJS-3?S1?08:00-10:00', 10, 1, b'0', 'No Notes', 4, 5, 1, 'No'),
('AJS-4', '2021-09-10', 'AJS-4?S2?10:00-12:00', 10, 1, b'0', 'No Notes', 4, 5, 1, 'No'),
('AJS-5', '2021-09-13', 'AJS-5?S1?08:00-10:00', 10, 1, b'0', 'No Notes', 4, 5, 1, 'No'),
('AJS-6', '2021-09-13', 'AJS-6?S2?10:00-12:00', 10, 1, b'0', 'No Notes', 4, 5, 1, 'No'),
('AJS-7', '2021-09-15', 'AJS-7?S1?08:00-10:00', 10, 1, b'0', 'No Notes', 4, 5, 1, 'No'),
('AJS-8', '2021-09-15', 'AJS-8?S2?10:00-12:00', 10, 1, b'0', 'No Notes', 4, 5, 1, 'No'),
('AJS-9', '2021-09-17', 'AJS-9?S1?08:00-10:00', 10, 1, b'0', 'No Notes', 4, 5, 1, 'No'),
('AJS-10', '2021-09-17', 'AJS-10?S2?10:00-12:00', 10, 1, b'0', 'No Notes', 4, 5, 1, 'No'),
('AJS-11', '2021-09-20', 'AJS-11?S1?08:00-10:00', 10, 1, b'0', 'No Notes', 4, 5, 1, 'No'),
('AJS-12', '2021-09-20', 'AJS-12?S2?10:00-12:00', 10, 1, b'0', 'No Notes', 4, 5, 1, 'No'),
('AJS-13', '2021-09-22', 'AJS-13?S1?08:00-10:00', 10, 1, b'0', 'No Notes', 4, 5, 1, 'No'),
('AJS-14', '2021-09-22', 'AJS-14?S2?10:00-12:00', 10, 1, b'0', 'No Notes', 4, 5, 1, 'No'),
('AJS-15', '2021-09-24', 'AJS-15?S1?08:00-10:00', 10, 1, b'0', 'No Notes', 4, 5, 1, 'No'),
('AJS-16', '2021-09-24', 'AJS-16?S2?10:00-12:00', 10, 1, b'0', 'No Notes', 4, 5, 1, 'No'),
('AJS-17', '2021-09-27', 'AJS-17?S1?08:00-10:00', 10, 1, b'0', 'No Notes', 4, 5, 1, 'No'),
('AJS-18', '2021-09-27', 'AJS-18?S2?10:00-12:00', 10, 1, b'0', 'No Notes', 4, 5, 1, 'No'),
('AJS-19', '2021-09-29', 'AJS-19?S1?08:00-10:00', 10, 1, b'0', 'No Notes', 4, 5, 1, 'No'),
('Day Off', '2021-09-29', 'AJS-19?S2?10:00-12:00', 0, 1, b'0', 'No Notes', 1, 5, 1, 'No'),
('ePRJ1-1', '2021-10-01', 'ePRJ1-1?S1?08:00-10:00', 10, 1, b'0', 'No Notes', 5, 5, 1, 'No'),
('ePRJ1-2', '2021-10-01', 'ePRJ1-2?S2?10:00-12:00', 10, 1, b'0', 'No Notes', 5, 5, 1, 'No'),
('ePRJ1-3', '2021-10-04', 'ePRJ1-3?S1?08:00-10:00', 10, 1, b'0', 'No Notes', 5, 5, 1, 'No'),
('ePRJ1-4', '2021-10-04', 'ePRJ1-4?S2?10:00-12:00', 10, 1, b'0', 'No Notes', 5, 5, 1, 'No'),
('ePRJ1-5', '2021-10-06', 'ePRJ1-5?S1?08:00-10:00', 10, 1, b'0', 'No Notes', 5, 5, 1, 'No'),
('ePRJ1-6', '2021-10-06', 'ePRJ1-6?S2?10:00-12:00', 10, 1, b'0', 'No Notes', 5, 5, 1, 'No'),
('ePRJ1-7', '2021-10-08', 'ePRJ1-7?S1?08:00-10:00', 10, 1, b'0', 'No Notes', 5, 5, 1, 'No'),
('ePRJ1-8', '2021-10-08', 'ePRJ1-8?S2?10:00-12:00', 10, 1, b'0', 'No Notes', 5, 5, 1, 'No'),
('ePRJ1-9', '2021-10-11', 'ePRJ1-9?S1?08:00-10:00', 10, 1, b'0', 'No Notes', 5, 5, 1, 'No'),
('ePRJ1-10', '2021-10-11', 'ePRJ1-10?S2?10:00-12:00', 10, 1, b'0', 'No Notes', 5, 5, 1, 'No'),
('ePRJ1-11', '2021-10-13', 'ePRJ1-11?S1?08:00-10:00', 10, 1, b'0', 'No Notes', 5, 5, 1, 'No'),
('ePRJ1-12', '2021-10-13', 'ePRJ1-12?S2?10:00-12:00', 10, 1, b'0', 'No Notes', 5, 5, 1, 'No'),
('ePRJ1-13', '2021-10-15', 'ePRJ1-13?S1?08:00-10:00', 10, 1, b'0', 'No Notes', 5, 5, 1, 'No'),
('ePRJ1-14', '2021-10-15', 'ePRJ1-14?S2?10:00-12:00', 10, 1, b'0', 'No Notes', 5, 5, 1, 'No'),
('ePRJ1-15', '2021-10-18', 'ePRJ1-15?S1?08:00-10:00', 10, 1, b'0', 'No Notes', 5, 5, 1, 'No'),
('ePRJ1-16', '2021-10-18', 'ePRJ1-16?S2?10:00-12:00', 10, 1, b'0', 'No Notes', 5, 5, 1, 'No'),
('ePRJ1-17', '2021-10-20', 'ePRJ1-17?S1?08:00-10:00', 10, 1, b'0', 'No Notes', 5, 5, 1, 'No'),
('Day Off', '2021-10-20', 'ePRJ1-17?S2?10:00-12:00', 0, 1, b'0', 'No Notes', 1, 5, 1, 'No'),
('DDD-1', '2021-10-22', 'DDD-1?S1?08:00-10:00', 10, 1, b'0', 'No Notes', 6, 5, 1, 'No'),
('DDD-2', '2021-10-22', 'DDD-2?S2?10:00-12:00', 10, 1, b'0', 'No Notes', 6, 5, 1, 'No'),
('DDD-3', '2021-10-25', 'DDD-3?S1?08:00-10:00', 10, 1, b'0', 'No Notes', 6, 5, 1, 'No'),
('DDD-4', '2021-10-25', 'DDD-4?S2?10:00-12:00', 10, 1, b'0', 'No Notes', 6, 5, 1, 'No'),
('DDD-5', '2021-10-27', 'DDD-5?S1?08:00-10:00', 10, 1, b'0', 'No Notes', 6, 5, 1, 'No'),
('DDD-6', '2021-10-27', 'DDD-6?S2?10:00-12:00', 10, 1, b'0', 'No Notes', 6, 5, 1, 'No'),
('DDD-7', '2021-10-29', 'DDD-7?S1?08:00-10:00', 10, 1, b'0', 'No Notes', 6, 5, 1, 'No'),
('DDD-8', '2021-10-29', 'DDD-8?S2?10:00-12:00', 10, 1, b'0', 'No Notes', 6, 5, 1, 'No'),
('DDD-9', '2021-11-01', 'DDD-9?S1?08:00-10:00', 10, 1, b'0', 'No Notes', 6, 5, 1, 'No'),
('DDD-10', '2021-11-01', 'DDD-10?S2?10:00-12:00', 10, 1, b'0', 'No Notes', 6, 5, 1, 'No'),
('DDD-11', '2021-11-03', 'DDD-11?S1?08:00-10:00', 10, 1, b'0', 'No Notes', 6, 5, 1, 'No'),
('DDD-12', '2021-11-03', 'DDD-12?S2?10:00-12:00', 10, 1, b'0', 'No Notes', 6, 5, 1, 'No'),
('DDD-13', '2021-11-05', 'DDD-13?S1?08:00-10:00', 10, 1, b'0', 'No Notes', 6, 5, 1, 'No'),
('DDD-14', '2021-11-05', 'DDD-14?S2?10:00-12:00', 10, 1, b'0', 'No Notes', 6, 5, 1, 'No'),
('DDD-15', '2021-11-08', 'DDD-15?S1?08:00-10:00', 10, 1, b'0', 'No Notes', 6, 5, 1, 'No'),
('DDD-16', '2021-11-08', 'DDD-16?S2?10:00-12:00', 10, 1, b'0', 'No Notes', 6, 5, 1, 'No'),
('DDD-17', '2021-11-10', 'DDD-17?S1?08:00-10:00', 10, 1, b'0', 'No Notes', 6, 5, 1, 'No'),
('DDD-18', '2021-11-10', 'DDD-18?S2?10:00-12:00', 10, 1, b'0', 'No Notes', 6, 5, 1, 'No'),
('DDD-19', '2021-11-12', 'DDD-19?S1?08:00-10:00', 10, 1, b'0', 'No Notes', 6, 5, 1, 'No'),
('DDD-20', '2021-11-12', 'DDD-20?S2?10:00-12:00', 10, 1, b'0', 'No Notes', 6, 5, 1, 'No'),
('DDD-21', '2021-11-15', 'DDD-21?S1?08:00-10:00', 10, 1, b'0', 'No Notes', 6, 5, 1, 'No'),
('DDD-22', '2021-11-15', 'DDD-22?S2?10:00-12:00', 10, 1, b'0', 'No Notes', 6, 5, 1, 'No'),
('DDD-23', '2021-11-17', 'DDD-23?S1?08:00-10:00', 10, 1, b'0', 'No Notes', 6, 5, 1, 'No'),
('DDD-24', '2021-11-17', 'DDD-24?S2?10:00-12:00', 10, 1, b'0', 'No Notes', 6, 5, 1, 'No'),
('DMS-1', '2021-11-19', 'DMS-1?S1?08:00-10:00', 10, 1, b'0', 'No Notes', 7, 5, 1, 'No'),
('DMS-2', '2021-11-19', 'DMS-2?S2?10:00-12:00', 10, 1, b'0', 'No Notes', 7, 5, 1, 'No'),
('DMS-3', '2021-11-22', 'DMS-3?S1?08:00-10:00', 10, 1, b'0', 'No Notes', 7, 5, 1, 'No'),
('DMS-4', '2021-11-22', 'DMS-4?S2?10:00-12:00', 10, 1, b'0', 'No Notes', 7, 5, 1, 'No'),
('DMS-5', '2021-11-24', 'DMS-5?S1?08:00-10:00', 10, 1, b'0', 'No Notes', 7, 5, 1, 'No'),
('DMS-6', '2021-11-24', 'DMS-6?S2?10:00-12:00', 10, 1, b'0', 'No Notes', 7, 5, 1, 'No'),
('DMS-7', '2021-11-26', 'DMS-7?S1?08:00-10:00', 10, 1, b'0', 'No Notes', 7, 5, 1, 'No'),
('DMS-8', '2021-11-26', 'DMS-8?S2?10:00-12:00', 10, 1, b'0', 'No Notes', 7, 5, 1, 'No'),
('DMS-9', '2021-11-29', 'DMS-9?S1?08:00-10:00', 10, 1, b'0', 'No Notes', 7, 5, 1, 'No'),
('DMS-10', '2021-11-29', 'DMS-10?S2?10:00-12:00', 10, 1, b'0', 'No Notes', 7, 5, 1, 'No'),
('DMS-11', '2021-12-01', 'DMS-11?S1?08:00-10:00', 10, 1, b'0', 'No Notes', 7, 5, 1, 'No'),
('DMS-12', '2021-12-01', 'DMS-12?S2?10:00-12:00', 10, 1, b'0', 'No Notes', 7, 5, 1, 'No'),
('DMS-13', '2021-12-03', 'DMS-13?S1?08:00-10:00', 10, 1, b'0', 'No Notes', 7, 5, 1, 'No'),
('DMS-14', '2021-12-03', 'DMS-14?S2?10:00-12:00', 10, 1, b'0', 'No Notes', 7, 5, 1, 'No'),
('DMS-15', '2021-12-06', 'DMS-15?S1?08:00-10:00', 10, 1, b'0', 'No Notes', 7, 5, 1, 'No'),
('DMS-16', '2021-12-06', 'DMS-16?S2?10:00-12:00', 10, 1, b'0', 'No Notes', 7, 5, 1, 'No'),
('DMS-17', '2021-12-08', 'DMS-17?S1?08:00-10:00', 10, 1, b'0', 'No Notes', 7, 5, 1, 'No'),
('DMS-18', '2021-12-08', 'DMS-18?S2?10:00-12:00', 10, 1, b'0', 'No Notes', 7, 5, 1, 'No'),
('DMS-19', '2021-12-10', 'DMS-19?S1?08:00-10:00', 10, 1, b'0', 'No Notes', 7, 5, 1, 'No'),
('DMS-20', '2021-12-10', 'DMS-20?S2?10:00-12:00', 10, 1, b'0', 'No Notes', 7, 5, 1, 'No'),
('DMS-21', '2021-12-13', 'DMS-21?S1?08:00-10:00', 10, 1, b'0', 'No Notes', 7, 5, 1, 'No'),
('DMS-22', '2021-12-13', 'DMS-22?S2?10:00-12:00', 10, 1, b'0', 'No Notes', 7, 5, 1, 'No'),
('DMS-23', '2021-12-15', 'DMS-23?S1?08:00-10:00', 10, 1, b'0', 'No Notes', 7, 5, 1, 'No'),
('DMS-24', '2021-12-15', 'DMS-24?S2?10:00-12:00', 10, 1, b'0', 'No Notes', 7, 5, 1, 'No');


INSERT INTO gpa_lecturer ( gpamonth, gpasubject, gpastudentgroup, gpascore, lecturid, removeat) VALUES
( '2021-04-09', 10, 1, 4.2, 1, 'No'),
( '2021-03-08', 15, 3, 4.8, 4, 'No');